-- phpMyAdmin SQL Dump
-- version 4.7.7
-- https://www.phpmyadmin.net/
--
-- Máy chủ: localhost:3306
-- Thời gian đã tạo: Th7 23, 2018 lúc 03:06 AM
-- Phiên bản máy phục vụ: 10.1.31-MariaDB
-- Phiên bản PHP: 7.0.26

SET SQL_MODE = "NO_AUTO_VALUE_ON_ZERO";
SET AUTOCOMMIT = 0;
START TRANSACTION;
SET time_zone = "+00:00";


/*!40101 SET @OLD_CHARACTER_SET_CLIENT=@@CHARACTER_SET_CLIENT */;
/*!40101 SET @OLD_CHARACTER_SET_RESULTS=@@CHARACTER_SET_RESULTS */;
/*!40101 SET @OLD_COLLATION_CONNECTION=@@COLLATION_CONNECTION */;
/*!40101 SET NAMES utf8mb4 */;

--
-- Cơ sở dữ liệu: `id3058925_hoabong`
--

-- --------------------------------------------------------

--
-- Cấu trúc bảng cho bảng `bills`
--

CREATE TABLE `bills` (
  `id` int(10) UNSIGNED NOT NULL,
  `date_order` date NOT NULL,
  `total` double NOT NULL,
  `payment` varchar(200) COLLATE utf8_unicode_ci DEFAULT '0',
  `note` text COLLATE utf8_unicode_ci,
  `recipient` varchar(200) COLLATE utf8_unicode_ci NOT NULL,
  `email` varchar(255) COLLATE utf8_unicode_ci DEFAULT NULL,
  `address` text COLLATE utf8_unicode_ci NOT NULL,
  `phone_number` varchar(20) COLLATE utf8_unicode_ci NOT NULL,
  `confirm` tinyint(4) NOT NULL DEFAULT '0',
  `id_user` int(10) UNSIGNED NOT NULL,
  `created_at` timestamp NULL DEFAULT NULL,
  `updated_at` timestamp NULL DEFAULT NULL,
  `deleted` tinyint(4) DEFAULT '0'
) ENGINE=InnoDB DEFAULT CHARSET=utf8 COLLATE=utf8_unicode_ci ROW_FORMAT=DYNAMIC;

--
-- Đang đổ dữ liệu cho bảng `bills`
--

INSERT INTO `bills` (`id`, `date_order`, `total`, `payment`, `note`, `recipient`, `email`, `address`, `phone_number`, `confirm`, `id_user`, `created_at`, `updated_at`, `deleted`) VALUES
(1, '2017-11-22', 605, NULL, 'fdsdsfds', 'duc', '', 'c3/26 Pham Hung Binh Chanh', '1692039011', 1, 1, '2017-11-22 02:01:51', '2017-11-22 02:01:51', 0),
(2, '2017-11-22', 1, NULL, 'f sfdfg sdfg sdfg dsfgsdf', 'thai duc', '', '34 ret ret rewt ew', '34534534', 1, 1, '2017-11-22 02:03:03', '2017-11-22 02:03:03', 0),
(3, '2017-11-24', 1, NULL, 'rewrwer', 'Hân', '', 'Phường 2', '1692039011', 1, 1, '2017-11-24 01:50:50', '2017-12-08 13:20:52', 0),
(4, '2017-11-25', 3, NULL, 'sdsdfsdfdsf', 'Thaisdf dsf sd', '', 'c3/26 Pham Hung Binh Chanh', '978533952', 0, 1, '2017-11-25 13:47:08', '2017-12-08 13:21:05', 1),
(7, '2017-11-25', 1, NULL, 'asdadsadasd as', 'Hân', '', 'Phường 2', '1692039011', 1, 1, '2017-11-25 14:04:54', '2017-11-25 14:04:54', 0),
(9, '2017-11-25', 2, NULL, 'werqwer qwer qwer qwer', 'rédfds', '', 'weewrrwer qwer', '453454354543', 1, 1, '2017-11-25 14:11:28', '2017-12-05 00:07:21', 0),
(10, '2017-11-25', 2, NULL, 'werqwer qwer qwer qwer', 'rédfds', '', 'weewrrwer qwer', '453454354543', 1, 1, '2017-11-25 14:11:37', '2017-11-25 14:11:37', 0),
(11, '2017-11-25', 2, NULL, 'reter tert re', 'Hân', '', 'Phường 2', '1692039011', 1, 1, '2017-11-25 14:25:00', '2017-12-06 18:14:39', 0),
(12, '2017-11-25', 2, NULL, 'reter tert re', 'Hân', '', 'Phường 2', '1692039011', 1, 1, '2017-11-25 14:25:41', '2017-11-25 14:25:41', 0),
(14, '2017-11-25', 0, NULL, 'reter tert re', 'Hân', '', 'Phường 2', '1692039011', 1, 1, '2017-11-25 14:27:00', '2017-11-25 14:27:00', 0),
(15, '2017-11-25', 0, NULL, 'reter tert re', 'Hân', '', 'Phường 2', '1692039011', 1, 4, '2017-11-25 14:28:27', '2017-11-25 14:28:27', 0),
(16, '2017-11-25', 2, NULL, 'tre séd fgsdfg sdfg sdfg', 'rédfds', '', '194 Cao LỗPhường 4, Quận 8', '3434343343', 1, 1, '2017-11-25 14:56:04', '2017-11-25 14:56:04', 0),
(17, '2017-11-25', 2, NULL, 'tre séd fgsdfg sdfg sdfg', 'rédfds', '', '194 Cao LỗPhường 4, Quận 8', '3434343343', 1, 4, '2017-11-25 14:56:34', '2017-11-25 14:56:34', 0),
(18, '2017-11-25', 326, NULL, 'sdasdasdas asdasd', 'duc', '', '190 cao lo', '978533952', 1, 1, '2017-11-25 18:44:10', '2017-11-25 18:44:10', 0),
(19, '2017-11-25', 3, NULL, 'asdasdas ad asdas', 'Duc', '', '56 Dao Duy Tu', '978533952', 1, 1, '2017-11-25 19:16:35', '2017-11-25 19:16:35', 0),
(20, '2017-11-25', 3, NULL, 'asdasdas ad asdas', 'Duc', '', '56 Dao Duy Tu', '978533952', 1, 4, '2017-11-25 19:18:35', '2017-11-25 19:18:35', 0),
(21, '2017-11-25', 847, NULL, 'ff dsf dà dà ádfads f', 'thái đức', '', '194 434 34 234 cao lỗ', '342342342334', 1, 1, '2017-11-25 19:27:10', '2017-11-25 19:27:10', 0),
(22, '2017-11-25', 4, NULL, 'asdasdas dasd', 'Hân', '', 'Phường 2', '1692039011', 1, 1, '2017-11-25 20:39:26', '2017-11-25 20:39:26', 0),
(23, '2017-11-25', 0, NULL, 'asdasdas dasd', 'Hân', '', 'Phường 2', '1692039011', 1, 4, '2017-11-25 20:39:45', '2017-11-25 20:39:45', 0),
(24, '2017-11-25', 145, NULL, 'wer qwer qwe', 'rw erew r', '', '56 Dao Duy Tu', '978533952', 1, 1, '2017-11-25 20:43:51', '2017-11-25 20:43:51', 0),
(25, '2017-11-25', 145, NULL, 'edewr qwer', '3123213', '', '213213', '2342343243', 1, 4, '2017-11-25 20:45:43', '2017-11-25 20:45:43', 0),
(26, '2017-11-25', 2, NULL, '321321e df ds', 'Duc', '', '56 Dao Duy Tu', '978533952', 1, 1, '2017-11-25 21:54:34', '2017-11-25 21:54:34', 0),
(27, '2017-11-25', 326, NULL, '234234 df sadf', 'Thai', '', 'c3/26 Pham Hung Binh Chanh', '978533952', 0, 4, '2017-11-25 21:56:20', '2017-12-08 13:15:15', 1),
(29, '2017-11-25', 1, NULL, 'fgds gdfsg dfsg dsfg dsfgsdf gsfd', 'duc', '', '195 cao adasd adasd asd', '352345435', 1, 1, '2017-11-25 22:07:11', '2017-12-08 13:14:18', 1),
(31, '2017-11-27', 363, NULL, '=))', 'Thi Hue Nhan Thai', '', 'o dau cung dc', '0982676864', 0, 4, '2017-11-27 00:59:27', '2017-11-27 00:59:27', 0),
(32, '2017-11-27', 1, NULL, NULL, 'Thi Hue Nhan Thai', '', 'o dau cung dc', '0982676864', 1, 4, '2017-11-27 01:10:51', '2017-12-08 22:38:08', 0),
(33, '2017-11-27', 7, NULL, NULL, 'Hân', '', 'Phường 2', '1692039011', 0, 1, '2017-11-27 01:55:10', '2017-11-27 01:55:10', 0),
(35, '2017-11-28', 13242343, NULL, 'dsf dsfdsf df dsf sdfd', 'Thai Huynh Duccc', '', '997 Nguyễn Kiệmm', '09785339511', 0, 4, '2017-11-28 01:35:41', '2017-11-28 01:35:41', 0),
(36, '2017-11-28', 1180000, NULL, 'han mua hoa', 'A B C D E F', '', 'Phường 2', '01692039011', 0, 2, '2017-11-28 01:37:51', '2017-11-28 01:37:51', 0),
(37, '2017-11-22', 605, NULL, 'fdsdsfds', 'duc', '', 'c3/26 Pham Hung Binh Chanh', '1692039011', 1, 1, '2017-11-22 02:01:51', '2017-11-22 02:01:51', 0),
(38, '2017-12-05', 10970000, '0', NULL, 'thái đức', 'huenhandg@gmail.com', 'o dau cung dc', '982676864', 0, 7, '2017-12-05 02:11:06', '2017-12-05 02:11:06', 0),
(39, '2017-12-05', 10970000, '0', NULL, 'thái đức', 'huenhandg@gmail.com', 'o dau cung dc', '982676864', 0, 7, '2017-12-05 02:13:17', '2017-12-05 02:13:17', 0),
(40, '2017-12-05', 10970000, '0', NULL, 'thái đức', 'huenhandg@gmail.com', 'o dau cung dc', '982676864', 0, 7, '2017-12-05 02:13:30', '2017-12-05 02:13:30', 0),
(41, '2017-12-05', 10970000, '0', NULL, 'Hân', 'huynhjduc248@gmail.com', 'o dau cung dc', '978533952', 0, 7, '2017-12-05 02:15:34', '2017-12-05 02:15:34', 0),
(43, '2017-12-05', 700000, '0', 'fdghdgfh dfghdgfh dgf', 'Duc', 'huenhandg@gmail.com', '101 lô B chung cu Ngo Quyen p9 q5', '982676864', 0, 7, '2017-12-05 21:07:53', '2017-12-05 21:07:53', 0),
(45, '2017-12-05', 700000, '0', NULL, 'Duc', 'huenhandg@gmail.com', '101 lô B chung cu Ngo Quyen p9 q5', '982676864', 0, 7, '2017-12-05 21:09:47', '2017-12-05 21:09:47', 0),
(46, '2017-12-05', 700000, '0', NULL, 'Duc', 'huenhandg@gmail.com', '101 lô B chung cu Ngo Quyen p9 q5', '982676864', 0, 7, '2017-12-05 21:12:31', '2017-12-05 21:12:31', 0),
(47, '2017-12-05', 700000, '0', NULL, 'Duc', 'huenhandg@gmail.com', '101 lô B chung cu Ngo Quyen p9 q5', '982676864', 0, 7, '2017-12-05 21:20:15', '2017-12-05 21:20:15', 0),
(48, '2017-12-05', 700000, '0', NULL, 'Duc', 'huenhandg@gmail.com', '101 lô B chung cu Ngo Quyen p9 q5', '982676864', 0, 7, '2017-12-05 21:27:34', '2017-12-08 22:40:59', 1),
(49, '2017-12-05', 870000, '0', NULL, 'anonymous', 'huenhandg@gmail.com', '101 lô B chung cu Ngo Quyen p9 q5', '982676864', 1, 13, '2017-12-05 21:28:45', '2017-12-08 22:40:31', 0),
(50, '2017-12-05', 870000, '0', NULL, 'anonymous', 'huenhandg@gmail.com', '101 lô B chung cu Ngo Quyen p9 q5', '982676864', 0, 13, '2017-12-05 21:29:10', '2017-12-05 21:29:10', 0),
(51, '2017-12-05', 870000, '0', NULL, 'anonymous', 'huenhandg@gmail.com', '101 lô B chung cu Ngo Quyen p9 q5', '982676864', 0, 13, '2017-12-05 21:43:16', '2017-12-05 21:43:16', 0),
(52, '2017-12-05', 870000, '0', NULL, 'anonymous', 'huenhandg@gmail.com', '101 lô B chung cu Ngo Quyen p9 q5', '982676864', 0, 13, '2017-12-05 21:52:59', '2017-12-05 21:52:59', 0),
(53, '2017-12-05', 700000, '0', NULL, 'Hân', 'huenhandg@gmail.com', 'c3/26 Pham Hung Binh Chanh', '978533952', 0, 7, '2017-12-05 21:58:14', '2017-12-05 21:58:14', 0),
(54, '2017-12-06', 150000, '0', NULL, 'Duc', 'ibghanvip@gmail.com', '101 lô B chung cu Ngo Quyen p9 q5', '978533952', 0, 7, '2017-12-06 09:40:42', '2017-12-06 09:40:42', 0),
(55, '2017-12-08', 696700, '0', NULL, 'Thai Huynh Duc', 'huynhjduc2481@gmail.com', '997 Nguyễn Kiệmm', '09785339522', 1, 4, '2017-12-08 15:49:46', '2017-12-08 22:32:23', 0),
(56, '2017-12-08', 600000, '0', NULL, 'Thai', 'huynhjduc248@gmail.com', 'c3/26 Pham Hung Binh Chanh', '978533952', 1, 14, '2017-12-08 18:13:58', '2017-12-08 18:15:34', 0),
(57, '2017-12-08', 34960000, '0', NULL, 'Thai Huynh Duc', 'huynhjduc2481@gmail.com', '997 Nguyễn Kiệmm', '09785339522', 0, 4, '2017-12-08 22:00:26', '2017-12-08 22:02:00', 1),
(58, '2017-12-09', 400000, '0', NULL, 'Duc', 'huynhjduc248@gmail.com', '56 Dao Duy Tu', '978533952', 0, 7, '2017-12-09 01:37:46', '2017-12-09 01:37:46', 0),
(59, '2017-12-15', 500000, '0', NULL, 'Thai', 'huenhandg@gmail.com', '101 lô B chung cu Ngo Quyen p9 q5', '982676864', 0, 15, '2017-12-15 12:30:49', '2017-12-15 12:30:49', 0),
(60, '2017-12-15', 383000, '0', 'd sfasdf', 'Thai Duc', 'thaiduc24896@gmail.com', 'aa dsa das dsa', '1231231231', 0, 15, '2017-12-15 12:31:28', '2017-12-15 12:31:28', 0),
(61, '2017-12-15', 383000, '0', 'dasdasd', 'Thai', 'huenhandg@gmail.com', '101 lô B chung cu Ngo Quyen p9 q5', '982676864', 0, 7, '2017-12-15 12:35:13', '2017-12-15 12:35:13', 0),
(62, '2017-12-15', 600000, '0', '32423as fasd fasdf', 'Duc', 'huynhjduc248@gmail.com', '56 Dao Duy Tu', '978533952', 0, 7, '2017-12-15 12:42:22', '2017-12-15 12:42:22', 0),
(63, '2017-12-15', 840000, '0', NULL, 'Thai', 'huenhandg@gmail.com', '101 lô B chung cu Ngo Quyen p9 q5', '982676864', 0, 7, '2017-12-15 12:43:10', '2017-12-15 12:43:10', 0),
(64, '2017-12-15', 120000, '0', 'sds', 'Thai', 'huenhandg@gmail.com', '101 lô B chung cu Ngo Quyen p9 q5', '982676864', 0, 7, '2017-12-15 12:44:22', '2017-12-15 12:44:22', 0),
(65, '2017-12-15', 383000, '0', NULL, 'Thai', 'huynhjduc248@gmail.com', 'c3/26 Pham Hung Binh Chanh', '978533952', 0, 15, '2017-12-15 12:48:05', '2017-12-16 22:39:42', 1),
(66, '2017-12-15', 1050000, '0', NULL, 'Thai', 'huenhandg@gmail.com', '101 lô B chung cu Ngo Quyen p9 q5', '982676864', 0, 7, '2017-12-15 12:48:47', '2017-12-15 12:48:47', 0),
(67, '2017-12-16', 240000, '0', NULL, 'Duc', 'huenhandg@gmail.com', '101 lô B chung cu Ngo Quyen p9 q5', '982676864', 0, 7, '2017-12-16 23:54:22', '2017-12-16 23:54:22', 0),
(68, '2017-12-16', 350000, '0', NULL, 'Duc', 'huynhjduc248@gmail.com', 'c3/26 Pham Hung Binh Chanh', '982676864', 0, 7, '2017-12-16 23:57:45', '2017-12-16 23:57:45', 0),
(69, '2017-12-16', 350000, '0', NULL, 'Duc', 'huynhjduc248@gmail.com', '101 lô B chung cu Ngo Quyen p9 q5', '978533952', 0, 7, '2017-12-16 23:58:23', '2017-12-16 23:58:23', 0),
(70, '2017-12-17', 360000, '0', '324 54tra etảet aegf dgf dg', 'Duc', 'huenhandg@gmail.com', '101 lô B chung cu Ngo Quyen p9 q5', '978533952', 0, 7, '2017-12-17 00:03:47', '2017-12-17 00:03:47', 0),
(71, '2017-12-17', 33000, '0', NULL, 'Thai', 'huynhjduc248@gmail.com', '101 lô B chung cu Ngo Quyen p9 q5', '982676864', 0, 7, '2017-12-17 00:04:12', '2017-12-17 00:04:12', 0),
(72, '2017-12-17', 66000, '0', NULL, 'Thai', 'huynhjduc248@gmail.com', '56 Dao Duy Tu', '978533952', 0, 7, '2017-12-17 00:18:21', '2017-12-17 00:18:21', 0),
(73, '2017-12-17', 0, '0', NULL, 'Duc', 'huynhjduc248@gmail.com', '56 Dao Duy Tu', '982676864', 0, 7, '2017-12-17 00:21:20', '2017-12-17 00:21:20', 0),
(74, '2017-12-17', 383000, '0', NULL, 'Duc', 'huenhandg@gmail.com', 'o dau cung dc', '978533952', 0, 7, '2017-12-17 00:22:22', '2017-12-17 00:22:22', 0),
(75, '2017-12-17', 383000, '0', NULL, 'Duc', 'huenhandg@gmail.com', '101 lô B chung cu Ngo Quyen p9 q5', '982676864', 0, 7, '2017-12-17 00:25:48', '2017-12-17 00:25:48', 0),
(76, '2017-12-17', 383000, '0', NULL, 'Thai Duc', 'huenhandg@gmail.com', '101 lô B chung cu Ngo Quyen p9 q5', '982676864', 0, 15, '2017-12-17 00:26:40', '2017-12-17 00:26:40', 0),
(77, '2017-12-17', 240000, '0', NULL, 'Thai Duc', 'huynhjduc248@gmail.com', '56 Dao Duy Tu', '978533952', 0, 15, '2017-12-17 21:22:58', '2017-12-17 21:22:58', 0),
(78, '2017-12-17', 240000, '0', NULL, 'Thai Duc', 'huynhjduc248@gmail.com', '56 Dao Duy Tu', '978533952', 0, 15, '2017-12-17 21:23:59', '2017-12-17 21:23:59', 0),
(79, '2017-12-17', 240000, '0', NULL, 'Thai Duc', 'huynhjduc248@gmail.com', '101 lô B chung cu Ngo Quyen p9 q5', '982676864', 0, 15, '2017-12-17 21:38:10', '2017-12-17 21:38:10', 0),
(80, '2017-12-17', 240000, '0', NULL, 'Thai Duc', 'huenhandg@gmail.com', '101 lô B chung cu Ngo Quyen p9 q5', '982676864', 0, 15, '2017-12-17 21:39:30', '2017-12-17 21:39:30', 0),
(81, '2017-12-17', 470000, '0', NULL, 'Thai Duc', 'huenhandg@gmail.com', '101 lô B chung cu Ngo Quyen p9 q5', '982676864', 0, 15, '2017-12-17 21:43:34', '2017-12-17 21:43:34', 0),
(82, '2018-01-19', 2100000, '0', NULL, 'Thai Duc', 'huynhjduc248@gmail.com', 'c3/26 Pham Hung Binh Chanh', '978533952', 0, 15, '2018-01-19 19:47:06', '2018-01-19 19:47:06', 0),
(83, '2018-03-28', 120000, '0', '123', 'duc', 'thducit@gmail.com', 'ducasdasd asd', '0978533952', 0, 7, '2018-03-28 01:16:34', '2018-03-28 01:16:34', 0),
(84, '2018-03-28', 120000, '0', NULL, 'duc', 'thducit@gmail.com', 'o dau cung dc', '9785339520', 0, 7, '2018-03-28 01:17:31', '2018-03-28 01:17:31', 0),
(85, '2018-03-28', 120000, '0', NULL, 'duc', 'thducit@gmail.com', 'o dau cung dc', '9785339520', 0, 7, '2018-03-28 01:17:53', '2018-03-28 01:17:53', 0),
(86, '2018-03-28', 240000, '0', NULL, 'duc', 'thducit@gmail.com', 'o dau cung dc', '978533952', 0, 7, '2018-03-28 01:19:42', '2018-03-28 01:19:42', 0),
(87, '2018-03-28', 240000, '0', 'asdasdas', 'duc', 'huynhjduc248@gmail.com', 'o dau cung dc', '978533952', 0, 7, '2018-03-28 19:48:05', '2018-03-28 19:48:05', 0);

-- --------------------------------------------------------

--
-- Cấu trúc bảng cho bảng `bill_detail`
--

CREATE TABLE `bill_detail` (
  `id` int(10) UNSIGNED NOT NULL,
  `unit_price` double NOT NULL,
  `quantity` int(11) NOT NULL,
  `id_bill` int(10) UNSIGNED NOT NULL,
  `id_product` int(10) UNSIGNED NOT NULL,
  `created_at` timestamp NULL DEFAULT NULL,
  `updated_at` timestamp NULL DEFAULT NULL
) ENGINE=InnoDB DEFAULT CHARSET=utf8 COLLATE=utf8_unicode_ci ROW_FORMAT=DYNAMIC;

--
-- Đang đổ dữ liệu cho bảng `bill_detail`
--

INSERT INTO `bill_detail` (`id`, `unit_price`, `quantity`, `id_bill`, `id_product`, `created_at`, `updated_at`) VALUES
(1, 120000, 3, 1, 46, '2017-11-22 02:01:51', '2017-11-22 02:01:51'),
(2, 140000, 1, 1, 47, '2017-11-22 02:01:51', '2017-11-22 02:01:51'),
(3, 150000, 1, 2, 95, '2017-11-22 02:03:03', '2017-11-22 02:03:03'),
(4, 180000, 1, 2, 2, '2017-11-22 02:03:03', '2017-11-22 02:03:03'),
(5, 150000, 1, 2, 96, '2017-11-22 02:03:03', '2017-11-22 02:03:03'),
(6, 160000, 2, 2, 4, '2017-11-22 02:03:03', '2017-11-22 02:03:03'),
(7, 160000, 2, 2, 5, '2017-11-22 02:03:03', '2017-11-22 02:03:03'),
(8, 200000, 2, 2, 6, '2017-11-22 02:03:03', '2017-11-22 02:03:03'),
(9, 350000, 40, 3, 15, '2017-11-24 01:50:50', '2017-12-08 13:20:46'),
(10, 120000, 1, 4, 49, '2017-11-25 13:47:08', '2017-12-08 13:02:37'),
(12, 777000, 5, 4, 109, '2017-11-25 13:47:08', '2017-12-08 13:03:14'),
(13, 150000, 1, 7, 96, '2017-11-25 14:04:54', '2017-11-25 14:04:54'),
(14, 120000, 1, 7, 49, '2017-11-25 14:04:54', '2017-11-25 14:04:54'),
(15, 777000, 1, 7, 109, '2017-11-25 14:04:54', '2017-11-25 14:04:54'),
(16, 120000, 1, 7, 45, '2017-11-25 14:04:54', '2017-11-25 14:04:54'),
(17, 150000, 2, 8, 96, '2017-11-25 14:10:58', '2017-11-25 14:10:58'),
(18, 120000, 3, 8, 49, '2017-11-25 14:10:58', '2017-11-25 14:10:58'),
(19, 777000, 1, 8, 109, '2017-11-25 14:10:58', '2017-11-25 14:10:58'),
(21, 120000, 3, 9, 49, '2017-11-25 14:11:28', '2017-11-25 14:11:28'),
(22, 777000, 1, 9, 109, '2017-11-25 14:11:28', '2017-11-25 14:11:28'),
(23, 150000, 5, 10, 96, '2017-11-25 14:11:37', '2017-11-25 14:11:37'),
(24, 120000, 3, 10, 49, '2017-11-25 14:11:37', '2017-11-25 14:11:37'),
(25, 777000, 1, 10, 109, '2017-11-25 14:11:37', '2017-11-25 14:11:37'),
(27, 120000, 2, 11, 49, '2017-11-25 14:25:00', '2017-12-06 18:14:36'),
(28, 777000, 4, 11, 109, '2017-11-25 14:25:00', '2017-12-06 18:14:36'),
(29, 150000, 5, 12, 96, '2017-11-25 14:25:41', '2017-11-25 14:25:41'),
(30, 120000, 3, 12, 49, '2017-11-25 14:25:41', '2017-11-25 14:25:41'),
(31, 777000, 1, 12, 109, '2017-11-25 14:25:41', '2017-11-25 14:25:41'),
(32, 150000, 1, 16, 96, '2017-11-25 14:56:04', '2017-11-25 14:56:04'),
(33, 120000, 1, 16, 49, '2017-11-25 14:56:04', '2017-11-25 14:56:04'),
(34, 777000, 2, 16, 109, '2017-11-25 14:56:04', '2017-11-25 14:56:04'),
(35, 150000, 1, 17, 96, '2017-11-25 14:56:35', '2017-11-25 14:56:35'),
(36, 120000, 1, 17, 49, '2017-11-25 14:56:35', '2017-11-25 14:56:35'),
(37, 777000, 2, 17, 109, '2017-11-25 14:56:35', '2017-11-25 14:56:35'),
(38, 150000, 1, 18, 96, '2017-11-25 18:44:11', '2017-11-25 18:44:11'),
(39, 120000, 1, 18, 49, '2017-11-25 18:44:11', '2017-11-25 18:44:11'),
(40, 120000, 2, 19, 49, '2017-11-25 19:16:35', '2017-11-25 19:16:35'),
(41, 777000, 3, 19, 109, '2017-11-25 19:16:35', '2017-11-25 19:16:35'),
(42, 150000, 1, 19, 96, '2017-11-25 19:16:35', '2017-11-25 19:16:35'),
(43, 120000, 2, 20, 49, '2017-11-25 19:18:35', '2017-11-25 19:18:35'),
(44, 777000, 3, 20, 109, '2017-11-25 19:18:35', '2017-11-25 19:18:35'),
(45, 150000, 1, 20, 96, '2017-11-25 19:18:35', '2017-11-25 19:18:35'),
(46, 200000, 1, 21, 6, '2017-11-25 19:27:10', '2017-11-25 19:27:10'),
(47, 160000, 1, 21, 7, '2017-11-25 19:27:10', '2017-11-25 19:27:10'),
(48, 160000, 1, 21, 8, '2017-11-25 19:27:10', '2017-11-25 19:27:10'),
(49, 180000, 1, 21, 2, '2017-11-25 19:27:10', '2017-11-25 19:27:10'),
(50, 777000, 3, 22, 109, '2017-11-25 20:39:26', '2017-11-25 20:39:26'),
(51, 120000, 7, 22, 49, '2017-11-25 20:39:26', '2017-11-25 20:39:26'),
(52, 150000, 3, 22, 96, '2017-11-25 20:39:26', '2017-11-25 20:39:26'),
(53, 120000, 1, 24, 49, '2017-11-25 20:43:51', '2017-11-25 20:43:51'),
(54, 120000, 1, 25, 49, '2017-11-25 20:45:43', '2017-11-25 20:45:43'),
(55, 180000, 3, 26, 2, '2017-11-25 21:54:34', '2017-11-25 21:54:34'),
(56, 150000, 1, 26, 96, '2017-11-25 21:54:34', '2017-11-25 21:54:34'),
(57, 1200000, 1, 26, 83, '2017-11-25 21:54:34', '2017-11-25 21:54:34'),
(59, 120000, 1, 27, 49, '2017-11-25 21:56:20', '2017-11-25 21:56:20'),
(60, 150000, 4, 28, 96, '2017-11-25 21:57:23', '2017-11-25 21:57:23'),
(61, 120000, 4, 28, 49, '2017-11-25 21:57:23', '2017-11-25 21:57:23'),
(62, 777000, 2, 28, 109, '2017-11-25 21:57:23', '2017-11-25 21:57:23'),
(63, 33000, 28, 29, 113, '2017-11-25 22:07:11', '2017-11-25 22:07:11'),
(66, 300000, 1, 30, 13, '2017-11-26 12:11:14', '2017-11-26 12:11:14'),
(67, 200000, 1, 30, 12, '2017-11-26 12:11:14', '2017-12-08 22:10:25'),
(68, 180000, 1, 30, 18, '2017-11-26 12:11:14', '2017-12-08 22:10:25'),
(69, 150000, 2, 31, 95, '2017-11-27 00:59:27', '2017-11-27 00:59:27'),
(70, 250000, 3, 32, 11, '2017-11-27 01:10:51', '2017-11-27 01:10:51'),
(71, 120000, 1, 32, 49, '2017-11-27 01:10:51', '2017-11-27 01:10:51'),
(72, 320000, 20, 33, 114, '2017-11-27 01:55:10', '2017-11-27 01:55:10'),
(73, 120000, 1, 34, 49, '2017-11-28 01:34:38', '2017-11-28 01:34:38'),
(74, 777000, 3, 34, 109, '2017-11-28 01:34:38', '2017-11-28 01:34:38'),
(75, 320000, 2, 35, 114, '2017-11-28 01:35:41', '2017-11-28 01:35:41'),
(76, 340000, 2, 36, 112, '2017-11-28 01:37:51', '2017-11-28 01:37:51'),
(77, 250000, 1, 36, 11, '2017-11-28 01:37:51', '2017-11-28 01:37:51'),
(78, 250000, 1, 36, 17, '2017-11-28 01:37:51', '2017-11-28 01:37:51'),
(79, 120000, 2, 38, 43, '2017-12-05 02:11:06', '2017-12-05 02:11:06'),
(80, 280000, 1, 38, 33, '2017-12-05 02:11:06', '2017-12-05 02:11:06'),
(81, 150000, 2, 38, 95, '2017-12-05 02:11:06', '2017-12-05 02:11:06'),
(82, 160000, 10, 38, 7, '2017-12-05 02:11:06', '2017-12-05 02:11:06'),
(83, 150000, 3, 38, 19, '2017-12-05 02:11:06', '2017-12-05 02:11:06'),
(84, 350000, 5, 38, 15, '2017-12-05 02:11:06', '2017-12-05 02:11:06'),
(85, 200000, 1, 38, 58, '2017-12-05 02:11:06', '2017-12-05 02:11:06'),
(86, 150000, 1, 38, 16, '2017-12-05 02:11:06', '2017-12-05 02:11:06'),
(87, 120000, 50, 38, 46, '2017-12-05 02:11:06', '2017-12-05 02:11:06'),
(88, 120000, 2, 39, 43, '2017-12-05 02:13:17', '2017-12-05 02:13:17'),
(89, 280000, 1, 39, 33, '2017-12-05 02:13:17', '2017-12-05 02:13:17'),
(90, 150000, 2, 39, 95, '2017-12-05 02:13:17', '2017-12-05 02:13:17'),
(91, 160000, 10, 39, 7, '2017-12-05 02:13:17', '2017-12-05 02:13:17'),
(92, 150000, 3, 39, 19, '2017-12-05 02:13:17', '2017-12-05 02:13:17'),
(93, 350000, 5, 39, 15, '2017-12-05 02:13:17', '2017-12-05 02:13:17'),
(94, 200000, 1, 39, 58, '2017-12-05 02:13:17', '2017-12-05 02:13:17'),
(95, 150000, 1, 39, 16, '2017-12-05 02:13:17', '2017-12-05 02:13:17'),
(96, 120000, 50, 39, 46, '2017-12-05 02:13:17', '2017-12-05 02:13:17'),
(97, 120000, 2, 40, 43, '2017-12-05 02:13:30', '2017-12-05 02:13:30'),
(98, 280000, 1, 40, 33, '2017-12-05 02:13:30', '2017-12-05 02:13:30'),
(99, 150000, 2, 40, 95, '2017-12-05 02:13:30', '2017-12-05 02:13:30'),
(100, 160000, 10, 40, 7, '2017-12-05 02:13:30', '2017-12-05 02:13:30'),
(101, 150000, 3, 40, 19, '2017-12-05 02:13:30', '2017-12-05 02:13:30'),
(102, 350000, 5, 40, 15, '2017-12-05 02:13:30', '2017-12-05 02:13:30'),
(103, 200000, 1, 40, 58, '2017-12-05 02:13:30', '2017-12-05 02:13:30'),
(104, 150000, 1, 40, 16, '2017-12-05 02:13:30', '2017-12-05 02:13:30'),
(105, 120000, 50, 40, 46, '2017-12-05 02:13:30', '2017-12-05 02:13:30'),
(106, 120000, 2, 41, 43, '2017-12-05 02:15:34', '2017-12-05 02:15:34'),
(107, 280000, 1, 41, 33, '2017-12-05 02:15:34', '2017-12-05 02:15:34'),
(108, 150000, 2, 41, 95, '2017-12-05 02:15:34', '2017-12-05 02:15:34'),
(109, 160000, 10, 41, 7, '2017-12-05 02:15:34', '2017-12-05 02:15:34'),
(110, 150000, 3, 41, 19, '2017-12-05 02:15:34', '2017-12-05 02:15:34'),
(111, 350000, 5, 41, 15, '2017-12-05 02:15:34', '2017-12-05 02:15:34'),
(112, 200000, 1, 41, 58, '2017-12-05 02:15:34', '2017-12-05 02:15:34'),
(113, 150000, 1, 41, 16, '2017-12-05 02:15:34', '2017-12-05 02:15:34'),
(114, 120000, 50, 41, 46, '2017-12-05 02:15:34', '2017-12-05 02:15:34'),
(118, 280000, 1, 43, 33, '2017-12-05 21:07:53', '2017-12-05 21:07:53'),
(119, 150000, 2, 43, 95, '2017-12-05 21:07:53', '2017-12-05 21:07:53'),
(120, 120000, 1, 43, 43, '2017-12-05 21:07:53', '2017-12-05 21:07:53'),
(124, 280000, 1, 45, 33, '2017-12-05 21:09:47', '2017-12-05 21:09:47'),
(125, 150000, 2, 45, 95, '2017-12-05 21:09:47', '2017-12-05 21:09:47'),
(126, 120000, 1, 45, 43, '2017-12-05 21:09:47', '2017-12-05 21:09:47'),
(127, 280000, 1, 46, 33, '2017-12-05 21:12:31', '2017-12-05 21:12:31'),
(128, 150000, 2, 46, 95, '2017-12-05 21:12:31', '2017-12-05 21:12:31'),
(129, 120000, 1, 46, 43, '2017-12-05 21:12:31', '2017-12-05 21:12:31'),
(130, 280000, 1, 47, 33, '2017-12-05 21:20:15', '2017-12-05 21:20:15'),
(131, 150000, 2, 47, 95, '2017-12-05 21:20:15', '2017-12-05 21:20:15'),
(132, 120000, 1, 47, 43, '2017-12-05 21:20:15', '2017-12-05 21:20:15'),
(133, 280000, 1, 48, 33, '2017-12-05 21:27:34', '2017-12-05 21:27:34'),
(135, 120000, 1, 48, 43, '2017-12-05 21:27:34', '2017-12-05 21:27:34'),
(136, 280000, 1, 49, 33, '2017-12-05 21:28:45', '2017-12-05 21:28:45'),
(138, 160000, 2, 49, 7, '2017-12-05 21:28:45', '2017-12-05 21:28:45'),
(139, 120000, 1, 49, 43, '2017-12-05 21:28:45', '2017-12-05 21:28:45'),
(140, 280000, 1, 50, 33, '2017-12-05 21:29:10', '2017-12-05 21:29:10'),
(141, 150000, 1, 50, 95, '2017-12-05 21:29:10', '2017-12-05 21:29:10'),
(142, 160000, 2, 50, 7, '2017-12-05 21:29:10', '2017-12-05 21:29:10'),
(143, 120000, 1, 50, 43, '2017-12-05 21:29:10', '2017-12-05 21:29:10'),
(144, 280000, 1, 51, 33, '2017-12-05 21:43:16', '2017-12-05 21:43:16'),
(145, 150000, 1, 51, 95, '2017-12-05 21:43:16', '2017-12-05 21:43:16'),
(146, 160000, 2, 51, 7, '2017-12-05 21:43:16', '2017-12-05 21:43:16'),
(147, 120000, 1, 51, 43, '2017-12-05 21:43:16', '2017-12-05 21:43:16'),
(148, 280000, 1, 52, 33, '2017-12-05 21:52:59', '2017-12-05 21:52:59'),
(149, 150000, 1, 52, 95, '2017-12-05 21:52:59', '2017-12-05 21:52:59'),
(150, 160000, 2, 52, 7, '2017-12-05 21:52:59', '2017-12-05 21:52:59'),
(151, 120000, 1, 52, 43, '2017-12-05 21:52:59', '2017-12-05 21:52:59'),
(152, 120000, 1, 53, 43, '2017-12-05 21:58:14', '2017-12-05 21:58:14'),
(153, 280000, 1, 53, 33, '2017-12-05 21:58:14', '2017-12-05 21:58:14'),
(154, 150000, 2, 53, 95, '2017-12-05 21:58:14', '2017-12-05 21:58:14'),
(155, 150000, 1, 54, 95, '2017-12-06 09:40:42', '2017-12-06 09:40:42'),
(156, 110000, 1, 55, 90, '2017-12-08 15:49:46', '2017-12-08 15:49:46'),
(157, 430000, 1, 55, 91, '2017-12-08 15:49:46', '2017-12-08 15:49:46'),
(158, 156700, 1, 55, 97, '2017-12-08 15:49:46', '2017-12-08 15:49:46'),
(159, 150000, 4, 56, 95, '2017-12-08 18:13:58', '2017-12-08 18:13:58'),
(160, 120000, 11, 57, 43, '2017-12-08 22:00:26', '2017-12-08 22:00:26'),
(161, 160000, 54, 57, 7, '2017-12-08 22:00:26', '2017-12-08 22:00:26'),
(162, 5000000, 5, 57, 116, '2017-12-08 22:00:26', '2017-12-08 22:00:26'),
(163, 120000, 1, 58, 43, '2017-12-09 01:37:46', '2017-12-09 01:37:46'),
(164, 280000, 1, 58, 33, '2017-12-09 01:37:46', '2017-12-09 01:37:46'),
(165, 200000, 1, 59, 12, '2017-12-15 12:30:49', '2017-12-15 12:30:49'),
(166, 300000, 1, 59, 13, '2017-12-15 12:30:49', '2017-12-15 12:30:49'),
(167, 33000, 1, 60, 113, '2017-12-15 12:31:28', '2017-12-15 12:31:28'),
(168, 350000, 1, 60, 15, '2017-12-15 12:31:28', '2017-12-15 12:31:28'),
(169, 350000, 1, 61, 15, '2017-12-15 12:35:13', '2017-12-15 12:35:13'),
(170, 33000, 1, 61, 113, '2017-12-15 12:35:13', '2017-12-15 12:35:13'),
(171, 120000, 5, 62, 43, '2017-12-15 12:42:22', '2017-12-15 12:42:22'),
(172, 120000, 1, 63, 46, '2017-12-15 12:43:10', '2017-12-15 12:43:10'),
(173, 120000, 6, 63, 43, '2017-12-15 12:43:10', '2017-12-15 12:43:10'),
(174, 120000, 1, 64, 46, '2017-12-15 12:44:22', '2017-12-15 12:44:22'),
(175, 33000, 1, 65, 113, '2017-12-15 12:48:05', '2017-12-15 12:48:05'),
(176, 350000, 1, 65, 15, '2017-12-15 12:48:05', '2017-12-15 12:48:05'),
(177, 350000, 3, 66, 15, '2017-12-15 12:48:47', '2017-12-15 12:48:47'),
(178, 120000, 1, 67, 46, '2017-12-16 23:54:22', '2017-12-16 23:54:22'),
(179, 120000, 1, 67, 43, '2017-12-16 23:54:22', '2017-12-16 23:54:22'),
(180, 350000, 1, 68, 15, '2017-12-16 23:57:45', '2017-12-16 23:57:45'),
(181, 350000, 1, 69, 15, '2017-12-16 23:58:23', '2017-12-16 23:58:23'),
(182, 120000, 1, 70, 46, '2017-12-17 00:03:47', '2017-12-17 00:03:47'),
(183, 120000, 2, 70, 43, '2017-12-17 00:03:47', '2017-12-17 00:03:47'),
(184, 33000, 1, 71, 113, '2017-12-17 00:04:12', '2017-12-17 00:04:12'),
(185, 33000, 2, 72, 113, '2017-12-17 00:18:21', '2017-12-17 00:18:21'),
(186, 33000, 1, 74, 113, '2017-12-17 00:22:22', '2017-12-17 00:22:22'),
(187, 350000, 1, 74, 15, '2017-12-17 00:22:22', '2017-12-17 00:22:22'),
(188, 350000, 1, 75, 15, '2017-12-17 00:25:48', '2017-12-17 00:25:48'),
(189, 33000, 1, 75, 113, '2017-12-17 00:25:48', '2017-12-17 00:25:48'),
(190, 33000, 1, 76, 113, '2017-12-17 00:26:40', '2017-12-17 00:26:40'),
(191, 350000, 1, 76, 15, '2017-12-17 00:26:40', '2017-12-17 00:26:40'),
(192, 120000, 1, 77, 46, '2017-12-17 21:22:58', '2017-12-17 21:22:58'),
(193, 120000, 1, 77, 43, '2017-12-17 21:22:58', '2017-12-17 21:22:58'),
(194, 120000, 1, 78, 46, '2017-12-17 21:23:59', '2017-12-17 21:23:59'),
(195, 120000, 1, 78, 43, '2017-12-17 21:23:59', '2017-12-17 21:23:59'),
(196, 120000, 1, 79, 46, '2017-12-17 21:38:10', '2017-12-17 21:38:10'),
(197, 120000, 1, 79, 43, '2017-12-17 21:38:10', '2017-12-17 21:38:10'),
(198, 120000, 1, 80, 46, '2017-12-17 21:39:30', '2017-12-17 21:39:30'),
(199, 120000, 1, 80, 43, '2017-12-17 21:39:30', '2017-12-17 21:39:30'),
(200, 120000, 1, 81, 46, '2017-12-17 21:43:34', '2017-12-17 21:43:34'),
(201, 350000, 1, 81, 15, '2017-12-17 21:43:34', '2017-12-17 21:43:34'),
(202, 200000, 6, 82, 12, '2018-01-19 19:47:06', '2018-01-19 19:47:06'),
(203, 300000, 3, 82, 13, '2018-01-19 19:47:06', '2018-01-19 19:47:06'),
(204, 120000, 1, 85, 46, '2018-03-28 01:17:54', '2018-03-28 01:17:54'),
(205, 120000, 1, 86, 46, '2018-03-28 01:19:42', '2018-03-28 01:19:42'),
(206, 120000, 1, 86, 43, '2018-03-28 01:19:42', '2018-03-28 01:19:42'),
(207, 120000, 1, 87, 46, '2018-03-28 19:48:05', '2018-03-28 19:48:05'),
(208, 120000, 1, 87, 43, '2018-03-28 19:48:05', '2018-03-28 19:48:05');

-- --------------------------------------------------------

--
-- Cấu trúc bảng cho bảng `contacts`
--

CREATE TABLE `contacts` (
  `id` int(10) UNSIGNED NOT NULL,
  `address` varchar(250) COLLATE utf8_unicode_ci NOT NULL,
  `email` varchar(250) COLLATE utf8_unicode_ci NOT NULL,
  `phone_number` varchar(20) COLLATE utf8_unicode_ci NOT NULL,
  `website` varchar(200) COLLATE utf8_unicode_ci NOT NULL,
  `map` text COLLATE utf8_unicode_ci NOT NULL,
  `created_at` timestamp NULL DEFAULT NULL,
  `updated_at` timestamp NULL DEFAULT NULL
) ENGINE=InnoDB DEFAULT CHARSET=utf8 COLLATE=utf8_unicode_ci ROW_FORMAT=DYNAMIC;

--
-- Đang đổ dữ liệu cho bảng `contacts`
--

INSERT INTO `contacts` (`id`, `address`, `email`, `phone_number`, `website`, `map`, `created_at`, `updated_at`) VALUES
(1, '194 Cao LỗPhường 4, Quận 8', 'hoasaigonn@gmail.com', '545345435454', 'http://hoasaigon.tk', '<iframe src=\"https://www.google.com/maps/embed?pb=!1m18!1m12!1m3!1d3106.2788753474715!2d-77.05845558433298!3d38.87186095605334!2m3!1f0!2f0!3f0!3m2!1i1024!2i768!4f13.1!3m3!1m2!1s0x0%3A0x144b3a40ea25bf8c!2sDefense+Legal+Services+Agency!5e0!3m2!1svi!2s!4v1511517957120\" width=\"810\" height=\"355\" frameborder=\"0\" style=\"border:0\" allowfullscreen></iframe>', NULL, '2018-01-19 21:49:58');

-- --------------------------------------------------------

--
-- Cấu trúc bảng cho bảng `contactus`
--

CREATE TABLE `contactus` (
  `id` int(10) UNSIGNED NOT NULL,
  `name` varchar(100) COLLATE utf8_unicode_ci NOT NULL,
  `phone_number` varchar(20) COLLATE utf8_unicode_ci NOT NULL,
  `email` varchar(200) COLLATE utf8_unicode_ci NOT NULL,
  `title` varchar(200) COLLATE utf8_unicode_ci NOT NULL,
  `description` text COLLATE utf8_unicode_ci NOT NULL,
  `confirm` tinyint(4) NOT NULL DEFAULT '0',
  `created_at` timestamp NULL DEFAULT NULL,
  `updated_at` timestamp NULL DEFAULT NULL
) ENGINE=InnoDB DEFAULT CHARSET=utf8 COLLATE=utf8_unicode_ci ROW_FORMAT=DYNAMIC;

--
-- Đang đổ dữ liệu cho bảng `contactus`
--

INSERT INTO `contactus` (`id`, `name`, `phone_number`, `email`, `title`, `description`, `confirm`, `created_at`, `updated_at`) VALUES
(1, 'Trần Ngọc Gia Hân', '1692039011', 'ibghanvip@gmail.com', 'jQueryUI 1.8.14 Autocomplete', 'fdfa sdfsd fsd as ads', 1, '2017-11-24 19:26:14', '2017-11-25 12:40:17'),
(2, 'Trần Ngọc Gia Hân', '1692039011', 'ibghanvip@gmail.com', 'Có một trăm khách gửi tin nhắn', 'Sẽ hiển thị ntn', 1, '2017-11-24 19:38:44', '2017-11-25 02:23:01'),
(3, 'Trần Ngọc Gia Hân', '1692039011', 'ibghanvip@gmail.com', 'jQueryUI 1.8.14 Autocomplete', 'fdfa sdfsd fsd as ads', 1, '2017-11-24 19:26:14', '2017-11-25 12:49:03'),
(4, 'Trần Ngọc Gia Hân', '1692039011', 'ibghanvip@gmail.com', 'Có một trăm khách gửi tin nhắn', 'Sẽ hiển thị ntn', 1, '2017-11-24 19:38:44', '2017-11-25 12:22:26'),
(5, 'Trần Ngọc Gia Hân', '1692039011', 'ibghanvip@gmail.com', 'jQueryUI 1.8.14 Autocomplete', 'fdfa sdfsd fsd as ads', 1, '2017-11-24 19:26:14', '2017-11-30 00:42:26'),
(6, 'Trần Ngọc Gia Hân', '1692039011', 'ibghanvip@gmail.com', 'Có một trăm khách gửi tin nhắn', 'Sẽ hiển thị ntn', 1, '2017-11-24 19:38:44', '2017-11-30 01:06:29'),
(7, 'Trần Ngọc Gia Hân', '1692039011', 'ibghanvip@gmail.com', 'jQueryUI 1.8.14 Autocomplete', 'fdfa sdfsd fsd as ads', 1, '2017-11-24 19:26:14', '2017-12-15 12:32:47'),
(8, 'Trần Ngọc Gia Hân', '1692039011', 'ibghanvip@gmail.com', 'Có một trăm khách gửi tin nhắn', 'Sẽ hiển thị ntn', 1, '2017-11-24 19:38:44', '2017-12-08 01:39:18'),
(9, 'Trần Ngọc Gia Hân', '1692039011', 'ibghanvip@gmail.com', 'jQueryUI 1.8.14 Autocomplete', 'fdfa sdfsd fsd as ads', 1, '2017-11-24 19:26:14', '2017-12-05 21:53:25'),
(10, 'Trần Ngọc Gia Hân', '1692039011', 'ibghanvip@gmail.com', 'Có một trăm khách gửi tin nhắn', 'Sẽ hiển thị ntn', 1, '2017-11-24 19:38:44', '2017-12-08 11:14:04'),
(11, 'Trần Ngọc Gia Hân', '1692039011', 'ibghanvip@gmail.com', 'jQueryUI 1.8.14 Autocomplete', 'fdfa sdfsd fsd as ads', 1, '2017-11-24 19:26:14', '2017-12-08 10:38:58'),
(12, 'Trần Ngọc Gia Hân', '1692039011', 'ibghanvip@gmail.com', 'Có một trăm khách gửi tin nhắn', 'Sẽ hiển thị ntn', 1, '2017-11-24 19:38:44', '2017-12-08 10:02:15'),
(13, 'Trần Ngọc Gia Hân', '1692039011', 'ibghanvip@gmail.com', 'jQueryUI 1.8.14 Autocomplete', 'fdfa sdfsd fsd as ads', 1, '2017-11-24 19:26:14', '2017-12-08 11:08:27'),
(14, 'Trần Ngọc Gia Hân', '1692039011', 'ibghanvip@gmail.com', 'Có một trăm khách gửi tin nhắn', 'Sẽ hiển thị ntn', 1, '2017-11-24 19:38:44', '2017-12-08 12:15:13'),
(15, 'Trần Ngọc Gia Hân', '1692039011', 'ibghanvip@gmail.com', 'jQueryUI 1.8.14 Autocomplete', 'fdfa sdfsd fsd as ads', 1, '2017-11-24 19:26:14', '2017-12-08 10:41:50'),
(16, 'Trần Ngọc Gia Hân', '1692039011', 'ibghanvip@gmail.com', 'Có một trăm khách gửi tin nhắn', 'Sẽ hiển thị ntn', 0, '2017-11-24 19:38:44', '2017-11-24 19:38:44'),
(17, 'Trần Ngọc Gia Hân', '1692039011', 'ibghanvip@gmail.com', 'jQueryUI 1.8.14 Autocomplete', 'fdfa sdfsd fsd as ads', 1, '2017-11-24 19:26:14', '2017-12-08 11:10:47'),
(18, 'Trần Ngọc Gia Hân', '1692039011', 'ibghanvip@gmail.com', 'Có một trăm khách gửi tin nhắn', 'Sẽ hiển thị ntn', 1, '2017-11-24 19:38:44', '2017-12-08 10:35:52'),
(19, 'Trần Ngọc Gia Hân', '1692039011', 'ibghanvip@gmail.com', 'jQueryUI 1.8.14 Autocomplete', 'fdfa sdfsd fsd as ads', 1, '2017-11-24 19:26:14', '2017-12-08 12:28:33'),
(20, 'Trần Ngọc Gia Hân', '1692039011', 'ibghanvip@gmail.com', 'Có một trăm khách gửi tin nhắn', 'Sẽ hiển thị ntn', 0, '2017-11-24 19:38:44', '2017-11-24 19:38:44'),
(21, 'Trần Ngọc Gia Hân', '1692039011', 'ibghanvip@gmail.com', 'jQueryUI 1.8.14 Autocomplete', 'fdfa sdfsd fsd as ads', 0, '2017-11-24 19:26:14', '2017-11-24 19:26:14'),
(22, 'Trần Ngọc Gia Hân', '1692039011', 'ibghanvip@gmail.com', 'Có một trăm khách gửi tin nhắn', 'Sẽ hiển thị ntn', 0, '2017-11-24 19:38:44', '2017-11-24 19:38:44'),
(23, 'Trần Ngọc Gia Hân', '1692039011', 'ibghanvip@gmail.com', 'jQueryUI 1.8.14 Autocomplete', 'fdfa sdfsd fsd as ads', 0, '2017-11-24 19:26:14', '2017-11-24 19:26:14'),
(24, 'Trần Ngọc Gia Hân', '1692039011', 'ibghanvip@gmail.com', 'Có một trăm khách gửi tin nhắn', 'Sẽ hiển thị ntn', 0, '2017-11-24 19:38:44', '2017-11-24 19:38:44'),
(25, 'Trần Ngọc Gia Hân', '1692039011', 'ibghanvip@gmail.com', 'jQueryUI 1.8.14 Autocomplete', 'fdfa sdfsd fsd as ads', 0, '2017-11-24 19:26:14', '2017-11-24 19:26:14'),
(26, 'Trần Ngọc Gia Hân', '1692039011', 'ibghanvip@gmail.com', 'Có một trăm khách gửi tin nhắn', 'Sẽ hiển thị ntn', 0, '2017-11-24 19:38:44', '2017-11-24 19:38:44'),
(27, 'Trần Ngọc Gia Hân', '1692039011', 'ibghanvip@gmail.com', 'jQueryUI 1.8.14 Autocomplete', 'fdfa sdfsd fsd as ads', 0, '2017-11-24 19:26:14', '2017-11-24 19:26:14'),
(28, 'Trần Ngọc Gia Hân', '1692039011', 'ibghanvip@gmail.com', 'Có một trăm khách gửi tin nhắn', 'Sẽ hiển thị ntn', 0, '2017-11-24 19:38:44', '2017-11-24 19:38:44'),
(29, 'Trần Ngọc Gia Hân', '1692039011', 'ibghanvip@gmail.com', 'jQueryUI 1.8.14 Autocomplete', 'fdfa sdfsd fsd as ads', 0, '2017-11-24 19:26:14', '2017-11-24 19:26:14'),
(30, 'Trần Ngọc Gia Hân', '1692039011', 'ibghanvip@gmail.com', 'Có một trăm khách gửi tin nhắn', 'Sẽ hiển thị ntn', 0, '2017-11-24 19:38:44', '2017-11-24 19:38:44'),
(31, 'Trần Ngọc Gia Hân', '1692039011', 'ibghanvip@gmail.com', 'jQueryUI 1.8.14 Autocomplete', 'fdfa sdfsd fsd as ads', 0, '2017-11-24 19:26:14', '2017-11-24 19:26:14'),
(32, 'Trần Ngọc Gia Hân', '1692039011', 'ibghanvip@gmail.com', 'Có một trăm khách gửi tin nhắn', 'Sẽ hiển thị ntn', 0, '2017-11-24 19:38:44', '2017-11-24 19:38:44'),
(33, 'Trần Ngọc Gia Hân', '1692039011', 'ibghanvip@gmail.com', 'jQueryUI 1.8.14 Autocomplete', 'fdfa sdfsd fsd as ads', 0, '2017-11-24 19:26:14', '2017-11-24 19:26:14'),
(34, 'Trần Ngọc Gia Hân', '1692039011', 'ibghanvip@gmail.com', 'Có một trăm khách gửi tin nhắn', 'Sẽ hiển thị ntn', 0, '2017-11-24 19:38:44', '2017-11-24 19:38:44'),
(35, 'Trần Ngọc Gia Hân', '1692039011', 'ibghanvip@gmail.com', 'jQueryUI 1.8.14 Autocomplete', 'fdfa sdfsd fsd as ads', 0, '2017-11-24 19:26:14', '2017-11-24 19:26:14'),
(36, 'Trần Ngọc Gia Hân', '1692039011', 'ibghanvip@gmail.com', 'Có một trăm khách gửi tin nhắn', 'Sẽ hiển thị ntn', 0, '2017-11-24 19:38:44', '2017-11-24 19:38:44'),
(37, 'Trần Ngọc Gia Hân', '1692039011', 'ibghanvip@gmail.com', 'jQueryUI 1.8.14 Autocomplete', 'fdfa sdfsd fsd as ads', 0, '2017-11-24 19:26:14', '2017-11-24 19:26:14'),
(38, 'Trần Ngọc Gia Hân', '1692039011', 'ibghanvip@gmail.com', 'Có một trăm khách gửi tin nhắn', 'Sẽ hiển thị ntn', 0, '2017-11-24 19:38:44', '2017-11-24 19:38:44'),
(39, 'Trần Ngọc Gia Hân', '1692039011', 'ibghanvip@gmail.com', 'jQueryUI 1.8.14 Autocomplete', 'fdfa sdfsd fsd as ads', 0, '2017-11-24 19:26:14', '2017-11-24 19:26:14'),
(40, 'Trần Ngọc Gia Hân', '1692039011', 'ibghanvip@gmail.com', 'Có một trăm khách gửi tin nhắn', 'Sẽ hiển thị ntn', 0, '2017-11-24 19:38:44', '2017-11-24 19:38:44'),
(41, 'Trần Ngọc Gia Hân', '1692039011', 'ibghanvip@gmail.com', 'jQueryUI 1.8.14 Autocomplete', 'fdfa sdfsd fsd as ads', 0, '2017-11-24 19:26:14', '2017-11-24 19:26:14'),
(42, 'Trần Ngọc Gia Hân', '1692039011', 'ibghanvip@gmail.com', 'Có một trăm khách gửi tin nhắn', 'Sẽ hiển thị ntn', 0, '2017-11-24 19:38:44', '2017-11-24 19:38:44'),
(43, 'Trần Ngọc Gia Hân', '1692039011', 'ibghanvip@gmail.com', 'jQueryUI 1.8.14 Autocomplete', 'fdfa sdfsd fsd as ads', 0, '2017-11-24 19:26:14', '2017-11-24 19:26:14'),
(44, 'Trần Ngọc Gia Hân', '1692039011', 'ibghanvip@gmail.com', 'Có một trăm khách gửi tin nhắn', 'Sẽ hiển thị ntn', 0, '2017-11-24 19:38:44', '2017-11-24 19:38:44'),
(45, 'Trần Ngọc Gia Hân', '1692039011', 'ibghanvip@gmail.com', 'jQueryUI 1.8.14 Autocomplete', 'fdfa sdfsd fsd as ads', 0, '2017-11-24 19:26:14', '2017-11-24 19:26:14'),
(46, 'Trần Ngọc Gia Hân', '1692039011', 'ibghanvip@gmail.com', 'Có một trăm khách gửi tin nhắn', 'Sẽ hiển thị ntn', 0, '2017-11-24 19:38:44', '2017-11-24 19:38:44'),
(47, 'Trần Ngọc Gia Hân', '1692039011', 'ibghanvip@gmail.com', 'jQueryUI 1.8.14 Autocomplete', 'fdfa sdfsd fsd as ads', 0, '2017-11-24 19:26:14', '2017-11-24 19:26:14'),
(48, 'Trần Ngọc Gia Hân', '1692039011', 'ibghanvip@gmail.com', 'Có một trăm khách gửi tin nhắn', 'Sẽ hiển thị ntn', 0, '2017-11-24 19:38:44', '2017-11-24 19:38:44'),
(49, 'Trần Ngọc Gia Hân', '1692039011', 'ibghanvip@gmail.com', 'jQueryUI 1.8.14 Autocomplete', 'fdfa sdfsd fsd as ads', 0, '2017-11-24 19:26:14', '2017-11-24 19:26:14'),
(50, 'Trần Ngọc Gia Hân', '1692039011', 'ibghanvip@gmail.com', 'Có một trăm khách gửi tin nhắn', 'Sẽ hiển thị ntn', 0, '2017-11-24 19:38:44', '2017-11-24 19:38:44'),
(51, 'Trần Ngọc Gia Hân', '1692039011', 'ibghanvip@gmail.com', 'jQueryUI 1.8.14 Autocomplete', 'fdfa sdfsd fsd as ads', 0, '2017-11-24 19:26:14', '2017-11-24 19:26:14'),
(52, 'Trần Ngọc Gia Hân', '1692039011', 'ibghanvip@gmail.com', 'Có một trăm khách gửi tin nhắn', 'Sẽ hiển thị ntn', 0, '2017-11-24 19:38:44', '2017-11-24 19:38:44'),
(53, 'Trần Ngọc Gia Hân', '1692039011', 'ibghanvip@gmail.com', 'jQueryUI 1.8.14 Autocomplete', 'fdfa sdfsd fsd as ads', 0, '2017-11-24 19:26:14', '2017-11-24 19:26:14'),
(54, 'Trần Ngọc Gia Hân', '1692039011', 'ibghanvip@gmail.com', 'Có một trăm khách gửi tin nhắn', 'Sẽ hiển thị ntn', 0, '2017-11-24 19:38:44', '2017-11-24 19:38:44'),
(55, 'Trần Ngọc Gia Hân', '1692039011', 'ibghanvip@gmail.com', 'jQueryUI 1.8.14 Autocomplete', 'fdfa sdfsd fsd as ads', 0, '2017-11-24 19:26:14', '2017-11-24 19:26:14'),
(56, 'Trần Ngọc Gia Hân', '1692039011', 'ibghanvip@gmail.com', 'Có một trăm khách gửi tin nhắn', 'Sẽ hiển thị ntn', 0, '2017-11-24 19:38:44', '2017-11-24 19:38:44'),
(57, 'Trần Ngọc Gia Hân', '1692039011', 'ibghanvip@gmail.com', 'jQueryUI 1.8.14 Autocomplete', 'fdfa sdfsd fsd as ads', 0, '2017-11-24 19:26:14', '2017-11-24 19:26:14'),
(58, 'Trần Ngọc Gia Hân', '1692039011', 'ibghanvip@gmail.com', 'Có một trăm khách gửi tin nhắn', 'Sẽ hiển thị ntn', 0, '2017-11-24 19:38:44', '2017-11-24 19:38:44'),
(59, 'Trần Ngọc Gia Hân', '1692039011', 'ibghanvip@gmail.com', 'jQueryUI 1.8.14 Autocomplete', 'fdfa sdfsd fsd as ads', 0, '2017-11-24 19:26:14', '2017-11-24 19:26:14'),
(60, 'Trần Ngọc Gia Hân', '1692039011', 'ibghanvip@gmail.com', 'Có một trăm khách gửi tin nhắn', 'Sẽ hiển thị ntn', 0, '2017-11-24 19:38:44', '2017-11-24 19:38:44'),
(61, 'Trần Ngọc Gia Hân', '1692039011', 'ibghanvip@gmail.com', 'jQueryUI 1.8.14 Autocomplete', 'fdfa sdfsd fsd as ads', 0, '2017-11-24 19:26:14', '2017-11-24 19:26:14'),
(62, 'Trần Ngọc Gia Hân', '1692039011', 'ibghanvip@gmail.com', 'Có một trăm khách gửi tin nhắn', 'Sẽ hiển thị ntn', 0, '2017-11-24 19:38:44', '2017-11-24 19:38:44'),
(63, 'Trần Ngọc Gia Hân', '1692039011', 'ibghanvip@gmail.com', 'jQueryUI 1.8.14 Autocomplete', 'fdfa sdfsd fsd as ads', 0, '2017-11-24 19:26:14', '2017-11-24 19:26:14'),
(64, 'Trần Ngọc Gia Hân', '1692039011', 'ibghanvip@gmail.com', 'Có một trăm khách gửi tin nhắn', 'Sẽ hiển thị ntn', 0, '2017-11-24 19:38:44', '2017-11-24 19:38:44'),
(65, 'Trần Ngọc Gia Hân', '1692039011', 'ibghanvip@gmail.com', 'jQueryUI 1.8.14 Autocomplete', 'fdfa sdfsd fsd as ads', 0, '2017-11-24 19:26:14', '2017-11-24 19:26:14'),
(66, 'Trần Ngọc Gia Hân', '1692039011', 'ibghanvip@gmail.com', 'Có một trăm khách gửi tin nhắn', 'Sẽ hiển thị ntn', 0, '2017-11-24 19:38:44', '2017-11-24 19:38:44'),
(67, 'Trần Ngọc Gia Hân', '1692039011', 'ibghanvip@gmail.com', 'jQueryUI 1.8.14 Autocomplete', 'fdfa sdfsd fsd as ads', 0, '2017-11-24 19:26:14', '2017-11-24 19:26:14'),
(68, 'Trần Ngọc Gia Hân', '1692039011', 'ibghanvip@gmail.com', 'Có một trăm khách gửi tin nhắn', 'Sẽ hiển thị ntn', 0, '2017-11-24 19:38:44', '2017-11-24 19:38:44'),
(69, 'Trần Ngọc Gia Hân', '1692039011', 'ibghanvip@gmail.com', 'jQueryUI 1.8.14 Autocomplete', 'fdfa sdfsd fsd as ads', 0, '2017-11-24 19:26:14', '2017-11-24 19:26:14'),
(70, 'Trần Ngọc Gia Hân', '1692039011', 'ibghanvip@gmail.com', 'Có một trăm khách gửi tin nhắn', 'Sẽ hiển thị ntn', 0, '2017-11-24 19:38:44', '2017-11-24 19:38:44'),
(71, 'Trần Ngọc Gia Hân', '1692039011', 'ibghanvip@gmail.com', 'jQueryUI 1.8.14 Autocomplete', 'fdfa sdfsd fsd as ads', 0, '2017-11-24 19:26:14', '2017-11-24 19:26:14'),
(72, 'Trần Ngọc Gia Hân', '1692039011', 'ibghanvip@gmail.com', 'Có một trăm khách gửi tin nhắn', 'Sẽ hiển thị ntn', 0, '2017-11-24 19:38:44', '2017-11-24 19:38:44'),
(73, 'Trần Ngọc Gia Hân', '1692039011', 'ibghanvip@gmail.com', 'jQueryUI 1.8.14 Autocomplete', 'fdfa sdfsd fsd as ads', 0, '2017-11-24 19:26:14', '2017-11-24 19:26:14'),
(74, 'Trần Ngọc Gia Hân', '1692039011', 'ibghanvip@gmail.com', 'Có một trăm khách gửi tin nhắn', 'Sẽ hiển thị ntn', 0, '2017-11-24 19:38:44', '2017-11-24 19:38:44'),
(75, 'Trần Ngọc Gia Hân', '1692039011', 'ibghanvip@gmail.com', 'jQueryUI 1.8.14 Autocomplete', 'fdfa sdfsd fsd as ads', 0, '2017-11-24 19:26:14', '2017-11-24 19:26:14'),
(76, 'Trần Ngọc Gia Hân', '1692039011', 'ibghanvip@gmail.com', 'Có một trăm khách gửi tin nhắn', 'Sẽ hiển thị ntn', 0, '2017-11-24 19:38:44', '2017-11-24 19:38:44'),
(77, 'Trần Ngọc Gia Hân', '1692039011', 'ibghanvip@gmail.com', 'jQueryUI 1.8.14 Autocomplete', 'fdfa sdfsd fsd as ads', 0, '2017-11-24 19:26:14', '2017-11-24 19:26:14'),
(78, 'Trần Ngọc Gia Hân', '1692039011', 'ibghanvip@gmail.com', 'Có một trăm khách gửi tin nhắn', 'Sẽ hiển thị ntn', 0, '2017-11-24 19:38:44', '2017-11-24 19:38:44'),
(79, 'Trần Ngọc Gia Hân', '1692039011', 'ibghanvip@gmail.com', 'jQueryUI 1.8.14 Autocomplete', 'fdfa sdfsd fsd as ads', 0, '2017-11-24 19:26:14', '2017-11-24 19:26:14'),
(80, 'Trần Ngọc Gia Hân', '1692039011', 'ibghanvip@gmail.com', 'Có một trăm khách gửi tin nhắn', 'Sẽ hiển thị ntn', 0, '2017-11-24 19:38:44', '2017-11-24 19:38:44'),
(81, 'Trần Ngọc Gia Hân', '1692039011', 'ibghanvip@gmail.com', 'jQueryUI 1.8.14 Autocomplete', 'fdfa sdfsd fsd as ads', 0, '2017-11-24 19:26:14', '2017-11-24 19:26:14'),
(82, 'Trần Ngọc Gia Hân', '1692039011', 'ibghanvip@gmail.com', 'Có một trăm khách gửi tin nhắn', 'Sẽ hiển thị ntn', 0, '2017-11-24 19:38:44', '2017-11-24 19:38:44'),
(83, 'Trần Ngọc Gia Hân', '1692039011', 'ibghanvip@gmail.com', 'jQueryUI 1.8.14 Autocomplete', 'fdfa sdfsd fsd as ads', 0, '2017-11-24 19:26:14', '2017-11-24 19:26:14'),
(84, 'Trần Ngọc Gia Hân', '1692039011', 'ibghanvip@gmail.com', 'Có một trăm khách gửi tin nhắn', 'Sẽ hiển thị ntn', 0, '2017-11-24 19:38:44', '2017-11-24 19:38:44'),
(85, 'Trần Ngọc Gia Hân', '1692039011', 'ibghanvip@gmail.com', 'jQueryUI 1.8.14 Autocomplete', 'fdfa sdfsd fsd as ads', 0, '2017-11-24 19:26:14', '2017-11-24 19:26:14'),
(86, 'Trần Ngọc Gia Hân', '1692039011', 'ibghanvip@gmail.com', 'Có một trăm khách gửi tin nhắn', 'Sẽ hiển thị ntn', 0, '2017-11-24 19:38:44', '2017-11-24 19:38:44'),
(87, 'Trần Ngọc Gia Hân', '1692039011', 'ibghanvip@gmail.com', 'jQueryUI 1.8.14 Autocomplete', 'fdfa sdfsd fsd as ads', 0, '2017-11-24 19:26:14', '2017-11-24 19:26:14'),
(88, 'Trần Ngọc Gia Hân', '1692039011', 'ibghanvip@gmail.com', 'Có một trăm khách gửi tin nhắn', 'Sẽ hiển thị ntn', 0, '2017-11-24 19:38:44', '2017-11-24 19:38:44'),
(89, 'Trần Ngọc Gia Hân', '1692039011', 'ibghanvip@gmail.com', 'jQueryUI 1.8.14 Autocomplete', 'fdfa sdfsd fsd as ads', 0, '2017-11-24 19:26:14', '2017-11-24 19:26:14'),
(90, 'Trần Ngọc Gia Hân', '1692039011', 'ibghanvip@gmail.com', 'Có một trăm khách gửi tin nhắn', 'Sẽ hiển thị ntn', 0, '2017-11-24 19:38:44', '2017-11-24 19:38:44'),
(91, 'Trần Ngọc Gia Hân', '1692039011', 'ibghanvip@gmail.com', 'jQueryUI 1.8.14 Autocomplete', 'fdfa sdfsd fsd as ads', 1, '2017-11-24 19:26:14', '2017-11-24 19:26:14'),
(92, 'Trần Ngọc Gia Hân', '1692039011', 'ibghanvip@gmail.com', 'Có một trăm khách gửi tin nhắn', 'Sẽ hiển thị ntn', 0, '2017-11-24 19:38:44', '2017-11-24 19:38:44'),
(93, 'Trần Ngọc Gia Hân', '1692039011', 'ibghanvip@gmail.com', 'jQueryUI 1.8.14 Autocomplete', 'fdfa sdfsd fsd as ads', 1, '2017-11-24 19:26:14', '2017-11-24 19:26:14'),
(94, 'Trần Ngọc Gia Hân', '1692039011', 'ibghanvip@gmail.com', 'Có một trăm khách gửi tin nhắn', 'Sẽ hiển thị ntn', 1, '2017-11-24 19:38:44', '2017-11-24 19:38:44'),
(95, 'Trần Ngọc Gia Hân', '1692039011', 'ibghanvip@gmail.com', 'jQueryUI 1.8.14 Autocomplete', 'fdfa sdfsd fsd as ads', 1, '2017-11-24 19:26:14', '2017-11-24 19:26:14'),
(96, 'Trần Ngọc Gia Hân', '1692039011', 'ibghanvip@gmail.com', 'Có một trăm khách gửi tin nhắn', 'Sẽ hiển thị ntn', 1, '2017-11-24 19:38:44', '2017-11-24 19:38:44'),
(97, 'Trần Ngọc Gia Hân', '1692039011', 'ibghanvip@gmail.com', 'jQueryUI 1.8.14 Autocomplete', 'fdfa sdfsd fsd as ads', 1, '2017-11-24 19:26:14', '2017-11-24 19:26:14'),
(98, 'Trần Ngọc Gia Hân', '1692039011', 'ibghanvip@gmail.com', 'Có một trăm khách gửi tin nhắn', 'Sẽ hiển thị ntn', 0, '2017-11-24 19:38:44', '2017-11-24 19:38:44'),
(99, 'Trần Ngọc Gia Hân', '1692039011', 'ibghanvip@gmail.com', 'jQueryUI 1.8.14 Autocomplete', 'fdfa sdfsd fsd as ads', 1, '2017-11-24 19:26:14', '2017-11-24 19:26:14'),
(100, 'Trần Ngọc Gia Hân', '1692039011', 'ibghanvip@gmail.com', 'Có một trăm khách gửi tin nhắn', 'Sẽ hiển thị ntn', 1, '2017-11-24 19:38:44', '2017-11-24 19:38:44'),
(101, 'Trần Ngọc Gia Hân', '1692039011', 'ibghanvip@gmail.com', 'jQueryUI 1.8.14 Autocomplete', 'fdfa sdfsd fsd as ads', 1, '2017-11-24 19:26:14', '2017-11-24 19:26:14'),
(102, 'Trần Ngọc Gia Hân', '1692039011', 'ibghanvip@gmail.com', 'Có một trăm khách gửi tin nhắn', 'Sẽ hiển thị ntn', 0, '2017-11-24 19:38:44', '2017-11-24 19:38:44'),
(103, 'Trần Ngọc Gia Hân', '1692039011', 'ibghanvip@gmail.com', 'jQueryUI 1.8.14 Autocomplete', 'fdfa sdfsd fsd as ads', 1, '2017-11-24 19:26:14', '2017-11-24 19:26:14'),
(104, 'Trần Ngọc Gia Hân', '1692039011', 'ibghanvip@gmail.com', 'Có một trăm khách gửi tin nhắn', 'Sẽ hiển thị ntn', 0, '2017-11-24 19:38:44', '2017-11-24 19:38:44'),
(105, 'Trần Ngọc Gia Hân', '1692039011', 'ibghanvip@gmail.com', 'jQueryUI 1.8.14 Autocomplete', 'fdfa sdfsd fsd as ads', 0, '2017-11-24 19:26:14', '2017-11-24 19:26:14'),
(106, 'Trần Ngọc Gia Hân', '1692039011', 'ibghanvip@gmail.com', 'Có một trăm khách gửi tin nhắn', 'Sẽ hiển thị ntn', 0, '2017-11-24 19:38:44', '2017-11-24 19:38:44'),
(107, 'Trần Ngọc Gia Hân', '1692039011', 'ibghanvip@gmail.com', 'jQueryUI 1.8.14 Autocomplete', 'fdfa sdfsd fsd as ads', 0, '2017-11-24 19:26:14', '2017-11-24 19:26:14'),
(108, 'Trần Ngọc Gia Hân', '1692039011', 'ibghanvip@gmail.com', 'Có một trăm khách gửi tin nhắn', 'Sẽ hiển thị ntn', 0, '2017-11-24 19:38:44', '2017-11-24 19:38:44'),
(109, 'Trần Ngọc Gia Hân', '1692039011', 'ibghanvip@gmail.com', 'jQueryUI 1.8.14 Autocomplete', 'fdfa sdfsd fsd as ads', 0, '2017-11-24 19:26:14', '2017-11-24 19:26:14'),
(110, 'Trần Ngọc Gia Hân', '1692039011', 'ibghanvip@gmail.com', 'Có một trăm khách gửi tin nhắn', 'Sẽ hiển thị ntn', 0, '2017-11-24 19:38:44', '2017-11-24 19:38:44'),
(111, 'Trần Ngọc Gia Hân', '1692039011', 'ibghanvip@gmail.com', 'jQueryUI 1.8.14 Autocomplete', 'fdfa sdfsd fsd as ads', 0, '2017-11-24 19:26:14', '2017-11-24 19:26:14'),
(112, 'Trần Ngọc Gia Hân', '1692039011', 'ibghanvip@gmail.com', 'Có một trăm khách gửi tin nhắn', 'Sẽ hiển thị ntn', 0, '2017-11-24 19:38:44', '2017-11-24 19:38:44'),
(113, 'Trần Ngọc Gia Hân', '1692039011', 'ibghanvip@gmail.com', 'jQueryUI 1.8.14 Autocomplete', 'fdfa sdfsd fsd as ads', 0, '2017-11-24 19:26:14', '2017-11-24 19:26:14'),
(114, 'Trần Ngọc Gia Hân', '1692039011', 'ibghanvip@gmail.com', 'Có một trăm khách gửi tin nhắn', 'Sẽ hiển thị ntn', 0, '2017-11-24 19:38:44', '2017-11-24 19:38:44'),
(115, 'Trần Ngọc Gia Hân', '1692039011', 'ibghanvip@gmail.com', 'jQueryUI 1.8.14 Autocomplete', 'fdfa sdfsd fsd as ads', 0, '2017-11-24 19:26:14', '2017-11-24 19:26:14'),
(116, 'Trần Ngọc Gia Hân', '1692039011', 'ibghanvip@gmail.com', 'Có một trăm khách gửi tin nhắn', 'Sẽ hiển thị ntn', 0, '2017-11-24 19:38:44', '2017-11-24 19:38:44'),
(117, 'Trần Ngọc Gia Hân', '1692039011', 'ibghanvip@gmail.com', 'jQueryUI 1.8.14 Autocomplete', 'fdfa sdfsd fsd as ads', 0, '2017-11-24 19:26:14', '2017-11-24 19:26:14'),
(118, 'Trần Ngọc Gia Hân', '1692039011', 'ibghanvip@gmail.com', 'Có một trăm khách gửi tin nhắn', 'Sẽ hiển thị ntn', 0, '2017-11-24 19:38:44', '2017-11-24 19:38:44'),
(119, 'thai duc', '978533952', 'huynhjduc248@gmail.com', 'test 05 12 2017', 'test', 1, '2017-12-05 02:18:39', '2017-12-05 02:19:16'),
(120, 'Thi Hue Nhan Thai', '982676864', 'huenhandg@gmail.com', 'dgfh', 'dfghdgfhdf', 0, '2017-12-08 14:57:14', '2017-12-08 14:57:14');

-- --------------------------------------------------------

--
-- Cấu trúc bảng cho bảng `footer`
--

CREATE TABLE `footer` (
  `id` int(10) UNSIGNED NOT NULL,
  `account` text COLLATE utf8_unicode_ci,
  `inform` text COLLATE utf8_unicode_ci,
  `source` text COLLATE utf8_unicode_ci,
  `description` text COLLATE utf8_unicode_ci,
  `titleHeader` text COLLATE utf8_unicode_ci,
  `created_at` timestamp NULL DEFAULT NULL,
  `updated_at` timestamp NULL DEFAULT NULL
) ENGINE=InnoDB DEFAULT CHARSET=utf8 COLLATE=utf8_unicode_ci ROW_FORMAT=DYNAMIC;

--
-- Đang đổ dữ liệu cho bảng `footer`
--

INSERT INTO `footer` (`id`, `account`, `inform`, `source`, `description`, `titleHeader`, `created_at`, `updated_at`) VALUES
(1, 'Trần Ngọc Gia Hân\r\n+Thái Huỳnh Đức\r\n+Haâ và đu', 'D14-TH02\r\n+D14-TH01\r\n+STU', 'Facebook.com\r\n+Google.com\r\n+Zing.vn', '<p>Đ&acirc;y l&agrave; website b&aacute;n hoa</p>', 'Tôi yêu hoa đâu cần hoa đẹp, mà chỉ cần hoa tỏa ngát hương thơm.\r\nTôi yêu người đâu cần người đẹp', NULL, '2017-12-15 14:01:49');

-- --------------------------------------------------------

--
-- Cấu trúc bảng cho bảng `introduce`
--

CREATE TABLE `introduce` (
  `id` int(10) UNSIGNED NOT NULL,
  `title` varchar(100) COLLATE utf8_unicode_ci NOT NULL,
  `content` text COLLATE utf8_unicode_ci,
  `created_at` timestamp NULL DEFAULT NULL,
  `updated_at` timestamp NULL DEFAULT NULL
) ENGINE=InnoDB DEFAULT CHARSET=utf8 COLLATE=utf8_unicode_ci ROW_FORMAT=DYNAMIC;

--
-- Đang đổ dữ liệu cho bảng `introduce`
--

INSERT INTO `introduce` (`id`, `title`, `content`, `created_at`, `updated_at`) VALUES
(13, 'gioi thieu', '<!--  -->\r\n<p>fdg sdfg sfdg sdfgsdfg sfdg sd</p>\r\n\r\n<p>&nbsp;</p>\r\n\r\n<p><img alt=\"\" src=\"http://shopbanhoa/photos/4/vforum.vn___funny-wallpapers-shared-by-twalls-(12).jpg\" style=\"height:375px; width:600px\" />g&nbsp;</p>\r\n\r\n<p>sdfg</p>\r\n\r\n<p>&nbsp;sdf</p>\r\n\r\n<p>g dfs</p>\r\n\r\n<p>gsdfg dfsg dsfgsdfh sgh sgf<img alt=\"\" src=\"http://shopbanhoa/photos/4/vforum.vn___funny-wallpapers-shared-by-twalls-(6).jpg\" style=\"height:313px; width:500px\" /></p>', NULL, '2017-12-15 14:06:27');

-- --------------------------------------------------------

--
-- Cấu trúc bảng cho bảng `migrations`
--

CREATE TABLE `migrations` (
  `id` int(10) UNSIGNED NOT NULL,
  `migration` varchar(255) COLLATE utf8_unicode_ci NOT NULL,
  `batch` int(11) NOT NULL
) ENGINE=InnoDB DEFAULT CHARSET=utf8 COLLATE=utf8_unicode_ci ROW_FORMAT=DYNAMIC;

--
-- Đang đổ dữ liệu cho bảng `migrations`
--

INSERT INTO `migrations` (`id`, `migration`, `batch`) VALUES
(1, '2014_10_12_000000_create_users_table', 1),
(2, '2014_10_12_100000_create_password_resets_table', 1),
(3, '2017_11_08_191746_create_TypeProduct_table', 1),
(4, '2017_11_08_192317_create_Products_create', 1),
(5, '2017_11_12_001328_create_Slides_table', 1),
(6, '2017_11_12_001517_create_News_table', 1),
(7, '2017_11_12_001647_create_Bill_Detail_table', 1),
(8, '2017_11_12_001704_create_Bills_table', 1),
(9, '2017_11_12_012234_create_product_images_table', 1),
(10, '2017_11_18_212223_create_Unit_table', 1),
(11, '2017_11_19_180527_create_contacts_table', 1),
(12, '2017_11_21_232806_create_ContactUs_table', 1),
(13, '2017_12_04_232025_create_introduce_table', 1),
(14, '2017_12_04_232142_create_Footer_table', 1);

-- --------------------------------------------------------

--
-- Cấu trúc bảng cho bảng `news`
--

CREATE TABLE `news` (
  `id` int(10) UNSIGNED NOT NULL,
  `title` varchar(200) COLLATE utf8_unicode_ci NOT NULL,
  `content` text COLLATE utf8_unicode_ci NOT NULL,
  `image` varchar(200) COLLATE utf8_unicode_ci NOT NULL,
  `created_at` timestamp NULL DEFAULT NULL,
  `updated_at` timestamp NULL DEFAULT NULL
) ENGINE=InnoDB DEFAULT CHARSET=utf8 COLLATE=utf8_unicode_ci ROW_FORMAT=DYNAMIC;

--
-- Đang đổ dữ liệu cho bảng `news`
--

INSERT INTO `news` (`id`, `title`, `content`, `image`, `created_at`, `updated_at`) VALUES
(1, 'Mùa trung thu năm nay, Hỷ Lâm Môn muốn gửi đến quý khách hàng sản phẩm mới xuất hiện lần đầu tiên tại Việt nam \"Bánh trung thu Bơ Sữa HongKong\".', '<p><img alt=\"\" src=\"http://shopbanhoa/photos/4/vforum.vn___funny-wallpapers-shared-by-twalls-(24).jpg\" style=\"height:1620px; width:2880px\" />Những &yacute; tưởng dưới đ&acirc;y sẽ gi&uacute;p bạn sắp xếp tủ quần &aacute;o trong ph&ograve;ng ngủ chật hẹp của m&igrave;nh một c&aacute;ch dễ d&agrave;ng v&agrave; hiệu quả nhất.</p>\r\n\r\n<p>gdfsgsdfg sdfgds fgsd gsdfg</p>\r\n\r\n<p>&nbsp;</p>\r\n\r\n<p><img alt=\"\" src=\"http://shopbanhoa/photos/4/vforum.vn___funny-wallpapers-shared-by-twalls-(13).jpg\" style=\"height:284px; width:454px\" /></p>\r\n\r\n<p>\\<img alt=\"\" src=\"http://shopbanhoa/photos/4/aaaaaaaaaaaaaaaaaaaaa.PNG\" style=\"height:398px; width:648px\" /><img alt=\"\" src=\"http://shopbanhoa/photos/4/vforum.vn___funny-wallpapers-shared-by-twalls-(18).jpg\" style=\"height:313px; width:500px\" /></p>\r\n\r\n<p>&nbsp;</p>\r\n\r\n<p>H&acirc;n cu te</p>\r\n\r\n<p>&nbsp;</p>\r\n\r\n<p>&yacute; a l&agrave; v n&egrave;</p>\r\n\r\n<p><img alt=\"\" src=\"http://shopbanhoa/photos/4/vforum.vn___funny-wallpapers-shared-by-twalls-(5).jpg\" style=\"height:506px; width:900px\" /></p>', 'xH8afc7C_vforum.vn___funny-wallpapers-shared-by-twalls-(47).jpg', '2017-11-06 00:11:50', '2017-12-08 18:55:06'),
(2, 'Tư vấn cải tạo phòng ngủ nhỏ sao cho thoải mái và thoáng mát', '<p>Ch&uacute;ng t&ocirc;i sẽ tư vấn cải tạo v&agrave; bố tr&iacute; nội thất để gi&uacute;p ph&ograve;ng ngủ của ch&agrave;ng trai độc th&acirc;n thật thoải m&aacute;i, tho&aacute;ng m&aacute;t v&agrave; s&aacute;ng sủa nhất.</p>', 'DeSKg5Vc_kfFk2e9M_23722782_167342273861973_1613162000655386046_n.jpg', '2017-11-06 00:12:06', '2017-12-16 23:47:29'),
(4, 'Hướng dẫn sử dụng bảo quản đồ gỗ, nội thất.', '<p>Ng&agrave;y nay, xu hướng chọn vật dụng l&agrave;m bằng gỗ để trang tr&iacute;, sử dụng trong văn ph&ograve;ng, gia đ&igrave;nh được nhiều người ưa chuộng v&agrave; quan t&acirc;m. Tr&ecirc;n thị trường c&oacute; nhiều sản phẩm mẫu</p>', 'bQAfe5dr_f2XptjtY_12.jpg', '2017-11-06 00:13:33', '2017-12-16 23:47:50');

-- --------------------------------------------------------

--
-- Cấu trúc bảng cho bảng `news_images`
--

CREATE TABLE `news_images` (
  `id` int(10) UNSIGNED NOT NULL,
  `created_at` timestamp NULL DEFAULT NULL,
  `updated_at` timestamp NULL DEFAULT NULL
) ENGINE=InnoDB DEFAULT CHARSET=utf8 COLLATE=utf8_unicode_ci ROW_FORMAT=DYNAMIC;

-- --------------------------------------------------------

--
-- Cấu trúc bảng cho bảng `password_resets`
--

CREATE TABLE `password_resets` (
  `email` varchar(255) COLLATE utf8_unicode_ci NOT NULL,
  `token` varchar(255) COLLATE utf8_unicode_ci NOT NULL,
  `created_at` timestamp NULL DEFAULT NULL
) ENGINE=InnoDB DEFAULT CHARSET=utf8 COLLATE=utf8_unicode_ci ROW_FORMAT=DYNAMIC;

--
-- Đang đổ dữ liệu cho bảng `password_resets`
--

INSERT INTO `password_resets` (`email`, `token`, `created_at`) VALUES
('huynhjduc2481@gmail.com', '$2y$10$KTUj7wCR8nG7st8gFt9C8.yt/uTlL.WXpRU67nHNF6Fi.sq.n8BaG', '2017-11-26 20:57:14');

-- --------------------------------------------------------

--
-- Cấu trúc bảng cho bảng `products`
--

CREATE TABLE `products` (
  `id` int(10) UNSIGNED NOT NULL,
  `name` varchar(100) COLLATE utf8_unicode_ci NOT NULL,
  `description` text COLLATE utf8_unicode_ci,
  `unit_price` double NOT NULL DEFAULT '0',
  `promotion_price` int(11) NOT NULL DEFAULT '0',
  `image` varchar(200) COLLATE utf8_unicode_ci NOT NULL,
  `unit` int(10) UNSIGNED DEFAULT NULL,
  `new` tinyint(4) NOT NULL DEFAULT '1',
  `quantity` int(11) NOT NULL DEFAULT '0',
  `view` int(11) NOT NULL DEFAULT '0',
  `id_type` int(10) UNSIGNED NOT NULL,
  `created_at` timestamp NULL DEFAULT NULL,
  `updated_at` timestamp NULL DEFAULT NULL
) ENGINE=InnoDB DEFAULT CHARSET=utf8 COLLATE=utf8_unicode_ci ROW_FORMAT=DYNAMIC;

--
-- Đang đổ dữ liệu cho bảng `products`
--

INSERT INTO `products` (`id`, `name`, `description`, `unit_price`, `promotion_price`, `image`, `unit`, `new`, `quantity`, `view`, `id_type`, `created_at`, `updated_at`) VALUES
(2, 'Hoa cưới 2', '<p>&nbsp;dsfsad fasd</p>', 1800000, 10, 'hc8.jpg', 3, 1, 0, 28, 8, '2016-10-25 20:00:16', '2018-04-02 03:43:40'),
(4, 'Hoa cưới 4', '<p>123</p>', 160000, 0, 'hc2.jpg', 2, 1, 0, 9, 9, '2016-10-25 20:00:16', '2018-01-19 23:03:37'),
(5, 'Hoa cưới 5', '<p>234 yujyjfyjghfjghf</p>\r\n\r\n<p>j ghf</p>\r\n\r\n<p>jf ghj fh<img alt=\"\" src=\"http://shopbanhoa/photos/4/aaaaaaaaaaaaaaaaaaaaa.PNG\" style=\"height:398px; width:648px\" /></p>', 160000, 0, 'hc3.jpg', 3, 1, 43, 95, 9, '2016-10-25 20:00:16', '2018-05-15 16:54:37'),
(6, 'Hoa cưới 6', '', 200000, 180000, 'hc4.jpg', 1, 1, 0, 60, 4, '2016-10-25 20:00:16', '2018-06-08 16:49:55'),
(7, 'Hoa cưới 7', '', 160000, 0, 'hc5.jpg', 1, 1, 343, 79, 4, '2016-10-25 20:00:16', '2018-06-01 08:20:48'),
(8, 'Hoa cưới 8', '', 160000, 150000, 'hc6.jpg', 2, 0, 5, 4, 4, '2016-10-25 20:00:16', '2018-06-01 11:01:42'),
(9, 'Hoa cưới 9', '', 160000, 150000, 'hc7.jpg', 2, 1, 0, 344, 4, '2016-10-25 20:00:16', '2018-06-01 07:02:09'),
(11, 'Hoa sinh nhật 1', '', 250000, 0, 'sn3.jpg', 2, 0, 3, 22, 2, '2016-10-11 19:00:00', '2018-06-01 08:49:38'),
(12, 'Hoa sinh nhật 5', '', 200000, 180000, 'sn4.jpg', 2, 1, 6, 243, 2, '2016-10-11 19:00:00', '2018-06-01 08:48:05'),
(13, 'Hoa sinh nhật 6', '', 300000, 280000, 'sn5.jpg', 2, 1, 4, 9, 2, '2016-10-11 19:00:00', '2018-06-02 06:00:05'),
(14, 'Hoa sinh nhật 7', '', 300000, 280000, 'sn6.jpg', 2, 1, 0, 25, 2, '2016-10-11 19:00:00', '2018-06-03 08:21:29'),
(15, 'Hoa văn phòng 1', '', 350000, 320000, 'vp0.jpg', 2, 1, 3506, 74, 3, '2016-10-11 19:00:00', '2018-05-30 15:47:34'),
(16, 'Hoa văn phòng 2', '', 150000, 120000, 'vp1.jpg', 2, 1, 54, 29, 3, '2016-10-11 19:00:00', '2018-06-05 10:46:07'),
(17, 'Hoa văn phòng 3', '', 250000, 240000, 'vp2.jpg', 2, 1, 3, 18, 3, '2016-10-11 19:00:00', '2018-06-08 19:48:43'),
(18, 'Hoa cao cấp 1', '', 180000, 0, 'cc8.jpg', 2, 1, 5654, 9, 1, '2016-10-12 19:20:00', '2018-06-15 20:37:51'),
(19, 'Hoa cao cấp 2', '', 150000, 0, 'cc9.jpg', 2, 1, 54, 7, 1, '2016-10-12 19:20:00', '2018-06-09 18:15:33'),
(20, 'Hoa cao cấp 3', '', 150000, 0, 'cc10.jpg', 2, 1, 54, 16, 1, '2016-10-12 19:20:00', '2018-06-08 03:50:40'),
(21, 'Hoa cao cấp 4', '', 160000, 150000, 'cc11.jpg', 2, 1, 4, 70, 1, '2016-10-12 19:20:00', '2018-05-09 00:46:12'),
(22, 'Hoa cao cấp 5', '', 160000, 150000, 'cc0.jpg', 2, 1, 6, 1, 1, '2016-10-12 19:20:00', '2016-10-18 20:20:00'),
(23, 'Hoa cao cấp 6', '', 180000, 0, 'cc1.jpg', 2, 1, 5, 15, 1, '2016-10-12 19:20:00', '2018-06-05 01:20:35'),
(24, 'Hoa cao cấp 7', '', 180000, 0, 'cc2.jpg', 2, 1, 4, 1, 1, '2016-10-12 19:20:00', '2018-06-03 14:28:28'),
(25, 'Hoa cao cấp 9', '', 590000, 70000, 'cc3.jpg', 2, 1, 5, 8, 1, '2016-10-12 19:20:00', '2018-06-03 10:33:18'),
(26, 'Hoa cao cấp 8', '', 700000, 0, 'cc4.jpg', 2, 1, 65, 562, 1, '2016-10-12 19:20:00', '2016-10-18 20:20:00'),
(27, 'Hoa cao cấp 10', '', 100000, 80000, 'cc5.jpg', 2, 1, 5, 74, 1, '2016-10-12 19:20:00', '2018-06-02 22:17:50'),
(28, 'Hoa cao cấp 11', '', 120000, 0, 'cc6.jpg', 2, 1, 6, 1, 1, '2016-10-12 19:20:00', '2018-06-01 16:59:21'),
(29, 'Hoa cao cấp 12', '', 100000, 0, 'cc7.jpg', 2, 1, 56, 6, 1, '2016-10-12 19:20:00', '2016-10-18 20:20:00'),
(30, 'Hoa văn phòng 4', '', 380000, 350000, 'vp3.jpg', 2, 1, 654, 67, 3, '2016-10-12 19:20:00', '2018-06-06 00:39:06'),
(31, 'Hoa văn phòng 5', '', 380000, 350000, 'vp4.jpg', 2, 1, 5, 8, 3, '2016-10-12 19:20:00', '2018-05-31 23:06:03'),
(32, 'Hoa văn phòng 6', '', 380000, 350000, 'vp5.jpg', 2, 1, 54, 56, 3, '2016-10-12 19:20:00', '2018-04-06 06:13:54'),
(33, 'Hoa gấu bông 1', '', 280000, 250000, 'gb0.jpg', 2, 1, 4, 258, 6, '2016-10-12 19:20:00', '2018-05-31 20:59:17'),
(34, 'Hoa gấu bông 2', '', 280000, 0, 'gb1.jpg', 2, 1, 65, 15, 6, '2016-10-12 19:20:00', '2017-12-15 14:40:23'),
(35, 'Hoa văn phòng 7', '', 320000, 4, 'vp8.jpg', 4, 1, 5, 4, 3, '2016-10-12 19:20:00', '2018-06-05 00:00:01'),
(36, 'Hoa văn phòng 8', '', 320000, 5, 'vp9.jpg', 4, 1, 6, 36, 3, '2016-10-12 19:20:00', '2018-04-10 17:24:16'),
(37, 'Hoa văn phòng 9', '', 320000, 14, 'vp10.jpg', 4, 1, 6, 2, 3, '2016-10-12 19:20:00', '2018-06-02 22:16:47'),
(38, 'Hoa văn phòng 10', '', 350000, 10, 'vp11.jpg', 4, 1, 6, 65, 3, '2016-10-12 19:20:00', '2017-12-14 22:10:46'),
(39, 'Hoa văn phòng 11', '', 350000, 20, 'vp12.jpg', 4, 1, 56, 7, 3, '2016-10-12 19:20:00', '2018-05-31 18:18:39'),
(40, 'Hoa văn phòng 12', '', 350000, 32, 'vp13.jpg', 4, 1, 46, 358, 3, '2016-10-12 19:20:00', '2018-06-03 07:01:17'),
(41, 'Hoa văn phòng 13', '', 350000, 20, 'vp14.jpg', 4, 1, 5, 1, 3, '2016-10-12 19:20:00', '2018-06-05 21:06:09'),
(42, 'Hoa cưới 10', 'Những bông hoa tuyệt đẹp cho ngày đặc biệt nhất của cuộc đời con gái', 150000, 10, 'hc9.jpg', 2, 1, 65, 4, 4, '2016-10-12 19:20:00', '2018-06-03 23:10:32'),
(43, 'Hoa cưới 11', 'Rực rỡ nhất, xinh đẹp nhất trong ngày cưới', 120000, 2, 'hc10.jpg', 2, 1, 35, 672, 4, '2016-10-12 19:20:00', '2018-06-03 11:49:01'),
(44, 'Hoa cưới 12', '<p>G&agrave; hun kh&oacute;i,nấm, sốt c&agrave; chua, pho mai mozzarella.</p>', 120000, 0, 'Q9Bdl9S8_24.jpg', 2, 1, 53, 3, 4, '2016-10-12 19:20:00', '2018-06-03 10:06:25'),
(45, 'Hoa tình yêu 1', 'Xúc xích klobasa, Nấm, Ngô, sốtcà chua, pho mai Mozzarella.', 120000, 0, '0.jpg', 2, 0, 6, 14, 5, '2016-10-12 19:20:00', '2018-06-03 00:44:05'),
(46, 'Hoa hồng 2', 'Tôm , mực, xào cay,ớt xanh, hành tây, cà chua, phomai mozzarella.', 120000, 0, '1.jpg', 2, 1, 654, 3609, 5, '2016-10-12 19:20:00', '2018-06-02 22:39:07'),
(47, 'Hoa hồng 1', 'Ham, bacon, chorizo, pho mai mozzarella.', 140000, 0, '2.jpg', 2, 1, 546, 8, 5, '2016-10-12 19:20:00', '2018-06-01 08:13:42'),
(48, 'Hoa tình yêu 4', 'Cá Ngừ, sốt Mayonnaise,sốt càchua, hành tây, pho mai Mozzarella', 140000, 0, '3.jpg', 2, 1, 6, 36, 5, '2016-10-12 19:20:00', '2018-04-12 11:34:18'),
(49, 'Hoa tình yêu 7', '', 120000, 20, '6.jpg', 2, 0, 0, 54384, 5, '2016-10-12 19:20:00', '2017-12-08 22:38:08'),
(50, 'Hoa tình yêu 8', '<p><img alt=\"\" src=\"http://shopbanhoa/photos/4/vforum.vn___funny-wallpapers-shared-by-twalls-(17).jpg\" style=\"height:313px; width:500px\" /></p>\r\n\r\n<p>&nbsp;&aacute;df</p>\r\n\r\n<p>&nbsp;&aacute;df</p>\r\n\r\n<p>s dfds gsdfg sdfg</p>', 120000, 10, '7.jpg', 2, 1, 6, 5, 9, '2016-10-12 19:20:00', '2018-04-07 19:12:41'),
(51, 'Bánh su kem sữa tươi', NULL, 150000, 0, '8.jpg', 2, 0, 6, 135, 9, '2016-10-12 19:20:00', '2018-06-10 03:13:20'),
(52, 'Bánh su kem dâu sữa tươi', NULL, 150000, 0, '9.jpg', 2, 1, 6, 1, 3, '2016-10-12 19:20:00', '2018-06-03 17:32:00'),
(53, 'Hoa hồng 11', '', 150000, 0, '10.jpg', 2, 1, 6, 52, 5, '2016-10-12 19:20:00', '2018-04-23 03:45:09'),
(54, 'Hoa hồng 12', '', 150000, 0, '11.jpg', 1, 1, 3, 6, 5, '2016-10-12 19:20:00', '2017-12-08 19:52:07'),
(55, 'Hoa hồng 13', '', 150000, 0, '12.jpg', 2, 1, 0, 31, 5, '2016-10-12 19:20:00', '2018-04-24 03:31:14'),
(56, 'Hoa hồng 14', '', 150000, 0, '13.jpg', 2, 1, 345, 1, 5, '2016-10-12 19:20:00', '2018-06-03 08:49:29'),
(57, 'Hoa hồng 15', '', 150000, 0, '14.jpg', 2, 1, 5, 12, 5, '2016-10-12 19:20:00', '2018-06-01 08:49:41'),
(58, 'Hoa sinh nhật 2', 'Hạnh phúc và may mắn đón một tuổi mới', 200000, 20, 'sn0.jpg', 2, 1, 5, 7, 2, '2016-10-26 10:00:00', '2018-06-04 21:50:16'),
(59, 'Hoa sinh nhât 3', 'Mong một tuổi mới lại thêm một may mắn, một niềm vui, một hạnh phúc mới đến', 200000, 0, 'sn1.jpg', 2, 0, 5, 8, 2, '2016-10-26 10:00:00', '2018-05-01 20:25:09'),
(60, 'Hoa sinh nhật 4', 'Chúc mừng sinh nhật', 200000, 0, 'sn2.jpg', 2, 1, 3, 7, 2, '2016-10-26 10:00:00', '2018-06-05 03:55:45'),
(61, 'Hoa đồng tiền trắng', 'Những chiếc cupcake có cấu tạo gồm phần vỏ bánh xốp mịn và phần kem trang trí bên trên rất bắt mắt với nhiều hình dạng và màu sắc khác nhau. Cupcake còn được cho là chiếc bánh mang lại niềm vui và tiếng cười như chính hình dáng đáng yêu của chúng.', 150000, 50, '15.jpg', 3, 1, 4, 3, 5, '2017-11-05 10:00:00', '2018-04-10 02:39:05'),
(62, 'Hoa tình yêu 17', 'Hạnh phúc luôn đong đầy đẹp đẽ và rực rỡ như những đóa hoa', 250000, 10, '16.jpg', 2, 1, 6, 524, 5, '2017-11-05 10:00:00', '2017-11-05 10:00:00'),
(63, 'Hoa hồng 18', '', 545455545, 4, '17.jpg', 2, 1, 4, 1, 5, '2017-11-04 10:00:00', '2018-06-04 13:07:37'),
(64, 'Hoa hồng 19', '', 100000, 4, '18.jpg', 2, 1, 4, 5, 5, '2017-11-04 10:00:00', '2018-06-07 14:19:16'),
(65, 'Hoa đồng tiền 20', '', 456000, 4, '19.jpg', 2, 0, 3, 2, 5, '2017-11-04 10:00:00', '2018-06-02 05:30:51'),
(66, 'Hoa hồng 21', '', 250000, 4, '20.jpg', 2, 0, 3536, 52, 5, '2017-11-04 10:00:00', '2017-11-04 10:00:00'),
(67, 'Hoa cúc tiên', '', 56000, 4, '21.jpg', 2, 1, 6, 37, 5, '2017-10-31 10:00:00', '2018-06-04 20:32:47'),
(68, 'Hoa hồng 23', '', 95000, 4, '22.jpg', 2, 0, 3453, 0, 5, '2017-11-01 10:00:00', '2017-11-04 10:00:00'),
(69, 'Hoa hồng 24', '', 99000, 4, '23.jpg', 2, 1, 345, 5, 5, '2017-11-02 10:00:00', '2018-06-03 10:33:21'),
(70, 'Hoa hồng 25', '', 765000, 4, '24.jpg', 2, 1, 575, 69, 5, '2017-11-02 10:00:00', '2018-06-03 17:10:49'),
(71, 'Hoa hồng 26', '', 333000, 4, '25.jpg', 2, 1, 456, 8, 5, '2017-11-03 10:00:00', '2018-06-02 16:52:55'),
(72, 'Hoa hồng 27', '', 123000, 4, '26.jpg', 2, 1, 234, 247, 5, '2017-11-04 10:00:00', '2018-06-03 14:53:49'),
(73, 'Hoa hồng 28', '', 235000, 4, '27.jpg', 2, 1, 6, 1, 5, '2017-11-01 10:00:00', '2018-06-08 22:52:19'),
(74, 'Hoa tình yêu 29', '', 222000, 4, '28.jpg', 2, 1, 34, 25, 5, '2017-11-02 10:00:00', '2018-06-02 19:40:29'),
(75, 'Hoa tình yêu 30', '', 213000, 4, '29.jpg', 2, 0, 34, 6, 5, '2017-11-03 10:00:00', '2018-06-03 07:02:52'),
(76, 'Hoa hồng 31', '', 345000, 4, '30.jpg', 2, 0, 132, 7, 5, '2017-10-31 10:00:00', '2018-06-15 10:16:05'),
(77, 'Hoa gấu bông 5', '', 400000, 4, 'gb2.jpg', 1, 1, 8, 7, 6, '2017-11-05 10:00:00', '2017-11-21 21:10:27'),
(78, 'Hoa gấu bông 6', '', 430000, 4, 'gb3.png', 2, 0, 78, 4, 6, '2017-11-04 10:00:00', '2018-06-02 19:36:07'),
(79, 'Hoa gấu bông 4', '', 230000, 4, 'gb4.jpg', 1, 1, 55, 59, 6, '2017-11-01 10:00:00', '2018-06-03 01:13:04'),
(80, 'Hoa gấu bông 3', '', 340000, 4, 'gb5.jpg', 2, 1, 0, 58, 6, '2017-10-31 10:00:00', '2018-04-07 09:28:21'),
(81, 'Hoa gấu bông 2', '', 570000, 4, 'gb6.jpg', 2, 1, 2312, 9, 6, '2017-11-02 10:00:00', '2018-04-04 15:06:17'),
(82, 'Hoa gấu bông 1', '', 290000, 4, 'gb7.jpg', 1, 1, 123, 74, 6, '2017-11-03 10:00:00', '2018-04-07 18:45:44'),
(83, 'Hoa chúc mừng 5', '', 1200000, 4, 'cm0.jpg', 2, 0, 34, 9, 7, '2017-10-09 10:00:00', '2017-11-25 21:49:59'),
(84, 'Hoa chúc mừng 4', '', 1100000, 4, 'cm1.jpg', 2, 1, 45, 9, 7, '2017-10-07 10:00:00', '2018-04-16 22:22:47'),
(85, 'Hoa chúc mừng 3', '', 870000, 4, 'cm2.jpg', 2, 0, 5676, 548, 7, '2017-09-30 10:00:00', '2017-11-04 10:00:00'),
(86, 'Hoa chúc mừng 2', '', 1500000, 4, 'cm3.jpg', 1, 1, 7, 8, 7, '2017-10-23 10:00:00', '2018-04-02 08:33:52'),
(87, 'Hoa chúc mừng 1', '', 1320000, 4, 'cm4.jpg', 2, 1, 6, 3, 7, '2017-11-29 10:00:00', '2018-05-04 00:44:59'),
(88, 'Hoa hướng dương 5', '', 120000, 4, 'tn0.jpg', 2, 0, 88, 6, 8, '2017-09-17 10:00:00', '2018-05-30 19:22:53'),
(89, 'Hoa hướng dương 4', '', 210000, 4, 'tn1.jpg', 2, 1, 8, 4, 8, '2017-10-17 10:00:00', '2018-04-17 13:25:53'),
(90, 'Hoa hướng dương 3', '', 110000, 4, 'tn2.jpg', 1, 1, 4, 7, 8, '2017-08-20 10:00:00', '2017-12-16 14:34:56'),
(91, 'Hoa hướng dương 2', '', 430000, 4, 'tn3.jpg', 1, 0, 42, 5, 8, '2017-08-21 10:00:00', '2017-12-08 22:34:07'),
(92, 'Hoa hướng dương 1', '', 90000, 4, 'tn4.jpg', 1, 1, 34, 8, 8, '2017-08-14 10:00:00', '2018-05-31 22:14:53'),
(93, 'Hoa văn phòng cao cấp 1', '', 345000, 8, 'vp6.jpg', 4, 0, 23, 5, 3, '2017-11-04 10:00:00', '2017-11-04 10:00:00'),
(94, 'Hoa văn phòng cao cấp 2', '', 220000, 5, 'vp7.jpg', 4, 1, 3, 7, 3, '2017-11-04 10:00:00', '2018-05-30 16:17:12'),
(95, 'Hoa cưới 1', 'Bánh crepe sầu riêng nhà làm', 150000, 4, 'hc0.jpg', 1, 1, 0, 125, 4, '2016-10-25 20:00:16', '2018-05-29 18:11:13'),
(96, 'Hoa cưới 3', '', 150000, 10, 'hc1.jpg', 1, 1, 0, 67413, 4, '2016-10-25 20:00:16', '2018-06-07 17:08:54'),
(97, 'Hoa hồng sữa', 'Dịu dàng nữ tính', 156700, 0, '5.jpg', 2, 0, 20, 345, 5, '2017-11-04 10:00:00', '2017-12-08 22:34:07'),
(98, 'Hoa hồng cam', '', 230000, 0, '4.jpg', 2, 1, 2, 38, 5, '2017-11-04 10:00:00', '2018-06-04 23:34:17'),
(99, 'Hoa tình yêu 47', NULL, 234000, 50, 'heV2OzZo_itxoiyq-1512028996074-min.jpg', 2, 0, 0, 345, 5, '2017-11-18 17:00:00', '2017-12-16 23:39:48'),
(100, 'Hoa tình yêu 46', NULL, 455000, 0, 'ixbv9hdp_icon21401164766-min.jpg', 2, 1, 43, 1, 5, '2017-11-17 17:00:00', '2018-06-02 12:09:36'),
(101, 'Hoa tình yêu 45', NULL, 234000, 0, 'DDZNFf9F_icon21373536044-min.jpg', 2, 1, 543, 6, 5, '2017-11-13 17:00:00', '2018-04-07 14:53:17'),
(102, 'Hoa hồng 44', NULL, 123000, 0, 'LcrGjIWJ_itxoiyq-1512028996074-min.jpg', 2, 1, 645, 5, 5, '2017-11-17 17:00:00', '2018-05-28 02:15:09'),
(103, 'Hoa tình yêu 43', NULL, 450000, 0, 'UxmA6Dwa_juy0cct-1512032358676-min.jpg', 2, 1, 345, 5, 5, '2017-11-18 17:00:00', '2018-04-07 17:04:12'),
(104, 'Hoa tình yêu 42', NULL, 345000, 0, 'zi7lv7ZO_icon21373536042-min.jpg', 2, 0, 3, 4, 5, '2017-11-18 17:00:00', '2018-04-01 13:42:32'),
(105, 'Hoa tình yêu 41', NULL, 123000, 0, 'iSuFFhGP_24.jpg', 2, 1, 23, 357, 5, '2017-11-04 10:00:00', '2018-04-04 12:30:44'),
(106, 'Hoa tình yêu 40', NULL, 222000, 0, 'CazvDaxn_icon21401164766-min.jpg', 2, 1, 1, 46, 5, '2017-11-04 10:00:00', '2018-05-28 05:51:37'),
(107, 'Hoa hồng 39', '', 333000, 0, '39.jpg', 2, 0, 2, 0, 5, '2017-11-04 10:00:00', '2017-11-04 10:00:00'),
(108, 'Hoa hồng 38', '', 233000, 0, '38.jpg', 2, 1, 12, 6, 5, '2017-11-04 10:00:00', '2018-05-30 11:26:36'),
(109, 'Hoa hồng 37', '', 777000, 0, '37.jpg', 2, 0, 29, 5351, 5, '2017-11-04 10:00:00', '2017-12-08 13:33:36'),
(110, 'Hoa hồng 36', '', 666000, 0, '36.jpg', 2, 1, 5, 47, 5, '2017-11-04 10:00:00', '2017-11-27 02:34:24'),
(111, 'Hoa hồng 35', '', 55000, 0, '35.jpg', 2, 1, 5, 1, 5, '2017-11-04 10:00:00', '2018-04-05 06:56:05'),
(112, 'Hoa hồng 34', '', 340000, 0, '34.jpg', 2, 1, 5, 13, 5, '2017-11-04 10:00:00', '2018-05-30 16:44:38'),
(113, 'Hoa hồng 33', '', 33000, 0, '33.jpg', 2, 1, 17, 64, 5, '2017-11-04 10:00:00', '2018-04-03 10:24:08'),
(114, 'Hoa hồng 32', '', 320000, 0, '32.jpg', 2, 1, 57, 26, 5, '2017-11-04 10:00:00', '2018-05-30 18:01:52'),
(115, 'Hoa hồng 31', '', 310000, 0, '31.jpg', 2, 1, 567, 22, 5, '2017-11-04 10:00:00', '2018-04-03 10:24:09'),
(116, 'Hoa gấu 66', '<p>&nbsp;dfgs d</p>\r\n\r\n<p>fsg</p>\r\n\r\n<p>dfs&nbsp;</p>\r\n\r\n<p>gsdfg dfsgs dfgdfs gsdfg<img alt=\"\" src=\"http://shopbanhoa/photos/4/vforum.vn___funny-wallpapers-shared-by-twalls-(18).jpg\" style=\"height:188px; width:300px\" /></p>\r\n\r\n<p>&nbsp;</p>\r\n\r\n<p>&nbsp;dsfgfds gsdfg dfg<img alt=\"\" src=\"http://shopbanhoa/photos/4/vforum.vn___funny-wallpapers-shared-by-twalls-(8).jpg\" style=\"height:281px; width:500px\" /></p>', 5000000, 10, 'TLOCCsVL_icon21373536044-min.jpg', 1, 1, 50, 44, 9, '2017-12-08 10:28:02', '2018-06-02 11:43:41'),
(117, 'Hoa  học 22', '<p>4560456054605464056</p>', 5000000, 2, 'CFc7vCRp_kfFk2e9M_23722782_167342273861973_1613162000655386046_n.jpg', 3, 1, 100, 5, 8, '2017-12-08 23:57:01', '2018-05-01 23:56:30'),
(118, 'Test 1', '<p>tom tat</p>', 12321333, 3, 'eeP1ahuM_aaaaaaaaaaaaaaaaaaaaa.PNG', 4, 1, 66, 3, 6, '2017-12-17 19:45:57', '2018-04-05 11:36:53');

-- --------------------------------------------------------

--
-- Cấu trúc bảng cho bảng `product_images`
--

CREATE TABLE `product_images` (
  `id` int(10) UNSIGNED NOT NULL,
  `image` varchar(200) COLLATE utf8_unicode_ci NOT NULL,
  `id_product` int(10) UNSIGNED NOT NULL,
  `created_at` timestamp NULL DEFAULT NULL,
  `updated_at` timestamp NULL DEFAULT NULL
) ENGINE=InnoDB DEFAULT CHARSET=utf8 COLLATE=utf8_unicode_ci ROW_FORMAT=DYNAMIC;

--
-- Đang đổ dữ liệu cho bảng `product_images`
--

INSERT INTO `product_images` (`id`, `image`, `id_product`, `created_at`, `updated_at`) VALUES
(4, 'NQJnDTzm_Capture.PNG', 4, '2017-12-08 12:26:39', '2017-12-08 12:26:39');

-- --------------------------------------------------------

--
-- Cấu trúc bảng cho bảng `slide`
--

CREATE TABLE `slide` (
  `id` int(10) UNSIGNED NOT NULL,
  `image` varchar(200) COLLATE utf8_unicode_ci NOT NULL,
  `created_at` timestamp NULL DEFAULT NULL,
  `updated_at` timestamp NULL DEFAULT NULL
) ENGINE=InnoDB DEFAULT CHARSET=utf8 COLLATE=utf8_unicode_ci ROW_FORMAT=DYNAMIC;

--
-- Đang đổ dữ liệu cho bảng `slide`
--

INSERT INTO `slide` (`id`, `image`, `created_at`, `updated_at`) VALUES
(24, 'oOPd3trS_1.jpg', '2018-03-29 20:59:42', '2018-03-29 20:59:42'),
(25, 'UQdMR8nu_10441210_1714415618800244_6043795112530386153_n.jpg', '2018-03-29 20:59:42', '2018-03-29 20:59:42'),
(26, 'uXw1KxyW_bq3mLyTt_banner1.jpg', '2018-03-29 21:00:46', '2018-03-29 21:00:46'),
(27, 'Fa1CC0SQ_uHuAfL2O_banner3.png', '2018-03-29 21:00:47', '2018-03-29 21:00:47'),
(28, 'Zy9z2dNn_vwKlsWvt_banner4.png', '2018-03-29 21:00:47', '2018-03-29 21:00:47'),
(29, 'IenMC5Uz_w3AblRf4_banner2.png', '2018-03-29 21:00:47', '2018-03-29 21:00:47');

-- --------------------------------------------------------

--
-- Cấu trúc bảng cho bảng `type_products`
--

CREATE TABLE `type_products` (
  `id` int(10) UNSIGNED NOT NULL,
  `name` varchar(100) COLLATE utf8_unicode_ci NOT NULL,
  `description` text COLLATE utf8_unicode_ci,
  `image` varchar(200) COLLATE utf8_unicode_ci NOT NULL,
  `created_at` timestamp NULL DEFAULT NULL,
  `updated_at` timestamp NULL DEFAULT NULL
) ENGINE=InnoDB DEFAULT CHARSET=utf8 COLLATE=utf8_unicode_ci ROW_FORMAT=DYNAMIC;

--
-- Đang đổ dữ liệu cho bảng `type_products`
--

INSERT INTO `type_products` (`id`, `name`, `description`, `image`, `created_at`, `updated_at`) VALUES
(1, 'Hoa cao cấp', 'Những bông hoa cao cấp này sẽ cho người nhận có cảm giác rằng họ vô giá, và thể hiện được sự sang trọng của người tặng', 'NHUaPxdT_cc1.jpg', '2017-11-01 03:00:00', '2017-11-19 06:06:30'),
(2, 'Hoa sinh nhật', 'Mừng người được nhận thêm một tuổi mới với nhiều niềm vui và hạnh phúc, hãy trao cho họ những bông hoa thật đẹp để cho họ biết họ cũng đẹp như những đóa hoa asdf', 'Biukq01N_vforum.vn___funny-wallpapers-shared-by-twalls-(8).jpg', '2016-10-11 12:16:15', '2017-12-08 01:34:38'),
(3, 'Hoa văn phòng', 'Bánh trái cây, hay còn gọi là bánh hoa quả, là một món ăn chơi, không riêng gì của Huế nhưng khi \"lạc\" vào mảnh đất Cố đô, món bánh này dường như cũng mang chút tinh tế, cầu kỳ và đặc biệt. Lấy cảm hứng từ những loại trái cây trong vườn, qua bàn tay khéo léo của người phụ nữ Huế, món bánh trái cây ra đời - ngọt thơm, dịu nhẹ làm đẹp lòng biết bao người thưởng thức.', 'vp10.jpg', '2016-10-17 10:33:33', '2016-10-14 17:25:27'),
(4, 'Hoa cưới', 'Ai cũng tìm thấy cho mình một nửa của riêng mình, nếu họ khát khao yêu và được yêu. Phải tìm đúng cho mình 3 con người xứng đáng để được gọi là yêu. Người đó trước hết là người bạn yêu  nhất, thứ 2 đó là người yêu bạn  nhất và người thứ 3 chính là bạn đồng hành của bạn trong suốt cuộc đời, người đó sẽ là người đầu gối tay ấp với bạn.Vậy nên trước khi bạn gặp được người yêu bạn nhất, bạn phải gặp người đem lại cảm giác yêu cho bạn, đó chính là việc để bạn hiểu được yêu là như thế nào. Sau khi trải qua hai trạng thái khác nhau yêu và được yêu, bạn mới thực sự có những kinh nghiệm, những xác định chin chắn trong việc chọn bạn đời của mình sau này.', 'hc6.jpg', '2016-10-25 13:29:19', '2016-10-25 12:22:22'),
(5, 'Hoa lễ tình nhân', 'Khác xa những món quà xa xỉ đắt tiền thì hoa tươi lại là món quà vừa túi tiền lại đẹp mà mang nhiều ý nghĩa để chứng minh được tình cảm của mình đối với đối phương. Đặc biệt, đối với nữ thì hoa tươi quả là món quà ý nghĩa nhất và không thể thiếu trong ngày lễ Tình yêu 14-2.  Mỗi loại hoa lại mang một ý nghĩa, một phong thái khác nhau. Ở chúng đều dậy lên một thứ gì đó khiến tâm hồn con người ta ngây ngất khó tả. ', '5.jpg', '2016-10-27 14:00:00', '2016-10-26 14:00:23'),
(6, 'Hoa chúc mừng', 'Kết hợp hoa và gấu bông thể hiện tình yêu của người tặng dành cho người nhận.', 'gb3.jpg', '2016-10-25 03:19:00', NULL),
(7, 'Hoa chúc mừng', 'Chia vui', 'cm0.jpg', '2016-10-25 03:19:00', NULL),
(8, 'Hoa tốt nghiệp', 'Hoa Hướng Dương luôn hướng về phía mặt trời nên thường là biểu tượng của lòng trung thành, chung thủy sâu sắc, sự kiên định đó cũng biểu thị cho sức mạnh, uy quyền, sự ấm áp, nuôi dưỡng (tất cả những thuộc tính của mặt trời) và cả sự kiêu kỳ, vẻ đẹp hào nhoáng bên ngoài .', 'tn4.jpg', '2017-10-31 03:00:00', NULL),
(9, 'Hoa mới nhập', 'Những bó hoa tuyệt vời nhất dành cho những người tuyệt vời nhất', 'x0.jpg', NULL, NULL);

-- --------------------------------------------------------

--
-- Cấu trúc bảng cho bảng `units`
--

CREATE TABLE `units` (
  `id` int(10) UNSIGNED NOT NULL,
  `name` varchar(100) COLLATE utf8_unicode_ci NOT NULL,
  `created_at` timestamp NULL DEFAULT NULL,
  `updated_at` timestamp NULL DEFAULT NULL
) ENGINE=InnoDB DEFAULT CHARSET=utf8 COLLATE=utf8_unicode_ci ROW_FORMAT=DYNAMIC;

--
-- Đang đổ dữ liệu cho bảng `units`
--

INSERT INTO `units` (`id`, `name`, `created_at`, `updated_at`) VALUES
(1, 'hộp', NULL, NULL),
(2, 'bó', NULL, NULL),
(3, 'cái\r\n', NULL, NULL),
(4, 'chậu', NULL, NULL);

-- --------------------------------------------------------

--
-- Cấu trúc bảng cho bảng `users`
--

CREATE TABLE `users` (
  `id` int(10) UNSIGNED NOT NULL,
  `name` varchar(200) COLLATE utf8_unicode_ci DEFAULT NULL,
  `email` varchar(200) COLLATE utf8_unicode_ci DEFAULT NULL,
  `password` varchar(255) COLLATE utf8_unicode_ci DEFAULT '',
  `level` int(11) DEFAULT '0',
  `gender` tinyint(4) DEFAULT NULL,
  `address` varchar(200) COLLATE utf8_unicode_ci DEFAULT NULL,
  `phone_number` varchar(20) COLLATE utf8_unicode_ci DEFAULT NULL,
  `birthday` date DEFAULT NULL,
  `note` text COLLATE utf8_unicode_ci,
  `remember_token` varchar(100) COLLATE utf8_unicode_ci DEFAULT NULL,
  `created_at` timestamp NULL DEFAULT NULL,
  `updated_at` timestamp NULL DEFAULT NULL,
  `provider` varchar(255) COLLATE utf8_unicode_ci DEFAULT NULL,
  `provider_id` varchar(255) COLLATE utf8_unicode_ci DEFAULT NULL
) ENGINE=InnoDB DEFAULT CHARSET=utf8 COLLATE=utf8_unicode_ci ROW_FORMAT=DYNAMIC;

--
-- Đang đổ dữ liệu cho bảng `users`
--

INSERT INTO `users` (`id`, `name`, `email`, `password`, `level`, `gender`, `address`, `phone_number`, `birthday`, `note`, `remember_token`, `created_at`, `updated_at`, `provider`, `provider_id`) VALUES
(1, 'Nhan Nhan', 'huenhandg@gmail.com', '$2y$10$Xnk.1G.KxMz1exKJOJ7PSuBiksU21n5Z.JiLOw6TGDvbSZv2Gyk7i', 0, 1, 'o dau cung dc', '0982676864', '1996-04-09', NULL, 'FioZnE4HbQETIYAnsmCDHAR2GcSu6SkNpOrweGgVXuAKvQLKkhInf934roJE', '2017-11-26 17:55:27', '2018-03-29 23:17:09', 'google', '108987562868045770629'),
(2, 'A', 'ibghanvip@gmail.com', '$2y$10$Xnk.1G.KxMz1exKJOJ7PSuBiksU21n5Z.JiLOw6TGDvbSZv2Gyk7i', 0, 1, NULL, NULL, '1996-03-26', NULL, 'Hz1PFRbiw9u2nnW8x0wI35OQi7wYXxHj8S9aWzXKlyAMHSi6uqIMyy2m7cgf', '2017-11-26 06:50:33', '2017-12-08 23:27:48', NULL, NULL),
(4, 'Thai Huynh Duc', 'huynhjduc2481@gmail.com', '$2y$10$Xnk.1G.KxMz1exKJOJ7PSuBiksU21n5Z.JiLOw6TGDvbSZv2Gyk7i', 2, 1, '997 Nguyễn Kiệmm', '09785339522', '1996-04-07', NULL, 'HNMMySKi49fPHOLiB19aXPDOgsjsXKXAiAdonFab1BLYp6RG9V3Kuvm2mKXp', '2017-11-26 13:38:32', '2017-11-26 16:54:20', NULL, NULL),
(6, 'ThaiDuc', 'thducit@gmail.com', '$2y$10$Xnk.1G.KxMz1exKJOJ7PSuBiksU21n5Z.JiLOw6TGDvbSZv2Gyk7i', 2, 1, '1', '1123232132132', '1996-04-07', '1', 'h5NttcuvcYDFYij9qqcyLEErWlFZlJtjYJkJ6lqzU5HhGGqQF4WRTANSCRDb', NULL, '2017-12-10 19:38:55', NULL, NULL),
(7, 'A B C D E F', 'ibghanvip1@gmail.com', '$2y$10$Xnk.1G.KxMz1exKJOJ7PSuBiksU21n5Z.JiLOw6TGDvbSZv2Gyk7i', 1, 1, 'Phường 2', '01692039011', '1111-10-10', NULL, 'n5xmJSIUTKa2JsXdGb3RSETbq8jELWIfW9c9d1iViwdkX4DYilSXC0KySYDn', '2017-11-26 13:50:33', '2017-12-10 19:42:22', NULL, NULL),
(8, 'ThaiDuc', 'thducit1@gmail.com', '$2y$10$Xnk.1G.KxMz1exKJOJ7PSuBiksU21n5Z.JiLOw6TGDvbSZv2Gyk7i', 2, 1, '1', '11233232132132', NULL, '1', '', NULL, '2017-11-30 02:24:16', NULL, NULL),
(12, 'B', 'huynhjduc2484@gmail.com', '$2y$10$AMff9tbhsM5Kct3ZtimJ5ODCaj6PtmRHmc8k3HPBQnameh/PmRzDG', 0, 1, 'fdsdsfdsfdsff sdf dsf', '0978533952', '1996-12-12', NULL, 'ATL5QSEZoR4UGL6zMestRVznu5dZlElk4apoQqIbX0xLhU9Aiqo7WCLZ0fh8', '2017-11-26 13:51:16', '2017-12-10 19:44:24', NULL, NULL),
(13, 'anonymous', 'guest.hoasaigon@gmail.com', '$2y$10$5ycxw4N2EPG7OEkpSPAjSOfawE0tYRTmEVs3/oGINgOTGRRxLLBE2', 0, 0, '54hdfgh dftgh  dfgh', '46454444485', '1996-03-26', NULL, 'WrtArlbusULzPozve1dtzXpZHEMNy1XGgopdTarmGYGBFAYU7AiMXRBI3LxW', '2017-12-05 21:28:02', '2017-12-06 18:13:04', NULL, NULL),
(14, 'asdf345rt 4trg dfsg', 'tnghanit@gmail.com', '$2y$10$Snr0zmYDB96x76cL/glMCOxasHTf3BFWzhPBeQSl9HUe4GqRzt/qC', 0, 1, NULL, '01692039011', '1996-03-26', NULL, 'kLlf1YVI0XI6PTpUeA5XJ7ECMyzBYgfOKAnzAkCzRgvP4BwHLKToJcDj2FSB', '2017-12-08 17:38:26', '2018-03-31 11:11:32', 'google', '105947470681974462048'),
(15, 'Thai Duc', 'thaiduc24896@gmail.com', '$2y$10$cFvTiSPxt.tfAO8M9ZGi3e9FZY/DBN2l/rZ34KryWlxcnbVdx1ILW', 2, NULL, NULL, NULL, NULL, NULL, 'Btd5H173pkmuelS1118o04aNteAGJ4bCR3WZFDXUdAT7VcD5y6zEp3EFNcBn', NULL, NULL, NULL, NULL),
(16, 'Thai Huynh Duc', 'huynhjduc2486@gmail.com', '$2y$10$GBXEiScVdSOVHgRbWbdyluf8DvoB9O128DqZe0j7InM2Bi0C5MSYy', 0, NULL, NULL, NULL, NULL, NULL, 'YmKIxVPTSlVH46nEcLQQcV8Q9Qw1K4b01HRyG8lUjUzdaHI7vOB8ncuSjRl7', '2018-01-20 14:13:10', '2018-01-20 14:13:10', NULL, NULL),
(17, 'Thai Huynh Duc', 'huynhjduc24811@gmail.com', '$2y$10$juOqNBD4vqPpvpXI.9dRleVHm8jFa6egOZffkPw5hOzZDnXvi6yIO', 2, NULL, NULL, NULL, NULL, NULL, NULL, '2018-03-02 14:57:13', '2018-03-02 14:57:13', NULL, NULL),
(18, 'Huynh Duc Thai', 'huynhjduc24822@gmail.com', '$2y$10$Xnk.1G.KxMz1exKJOJ7PSuBiksU21n5Z.JiLOw6TGDvbSZv2Gyk7i', 2, NULL, NULL, NULL, NULL, NULL, NULL, '2018-03-22 23:55:25', '2018-03-22 23:55:25', NULL, NULL),
(23, 'Hoa Sài Gòn', 'dathang.hoasaigon@gmail.com', '', 0, NULL, NULL, NULL, NULL, NULL, 'ZwV9SEOVjpNioBsuhDPFF4aWehJikNJyMDKGP7opMOWRUm2GUNiupUzNJX3D', '2018-03-29 23:28:10', '2018-03-29 23:28:10', 'google', '108163111720922653157'),
(24, 'Thái Đức Vàng Bạc', 'vangbacthaiduc@gmail.com', '', 0, NULL, NULL, NULL, NULL, NULL, 'IIHL7pMKmyqu04ZnElSANl5UP7QUCUYO5FVfGUBASyf3pC3Wj0fu2SVO85Vt', '2018-03-29 23:35:21', '2018-03-29 23:35:21', 'google', '104612006755301330606'),
(25, 'Hoa Sài Gòn', 'lienhe.hoasaigon@gmail.com', '', 0, NULL, NULL, NULL, NULL, NULL, 'CmyV5N9honf2oeSChJhaDxrOJU5HWLitA38nwZQ9HJ9XOmm3bC4JXoYuOaxL', '2018-03-29 23:42:42', '2018-03-29 23:42:42', 'google', '112468542442237142115'),
(26, 'duc thai', 'huynhjduc2483@gmail.com', '', 0, NULL, NULL, NULL, NULL, NULL, 'VWZqzkRiSuVNjm1CLIfwCKtpqHRJcBQmyFa45b2H3CE60GuCbv3fKox0ChxO', '2018-03-30 23:38:18', '2018-03-30 23:38:18', 'google', '100025778054461763939'),
(27, 'Thai Duc', 'huynhjduc248@gmail.com', '', 0, NULL, NULL, NULL, NULL, NULL, 'WR3yZKT1EApqPvKQI2Pt29lElMYGW7bCKiJ8wQQoXC5oIUZcJCrE9Vf4BnhJ', '2018-03-30 23:41:06', '2018-04-14 16:04:55', 'google', '107465159125210239465'),
(28, 'sdfgdsfgsd g\"\"', 'duc.thai1@jogo.vn', '$2y$10$tsWYxyG1PRyG3kqVpsDUee0nrQZnBQCqhbDyfvAxcv5fxBNzd24aK', 0, NULL, NULL, NULL, NULL, NULL, '2H0CrFmPxilHpAPXCbb33g4gRyRAlRB4BhG8I1uWKhofaP8OgdegZZQLPy6b', '2018-03-30 23:50:39', '2018-03-30 23:50:39', NULL, NULL),
(29, 'Thái Đức', NULL, '', 0, NULL, NULL, NULL, NULL, NULL, 'jC2OfJTixBlzro9wi7klUPsXWY6m9tZWE8VEqj8MKjLHU68CQFRZqZcviNuY', '2018-04-13 15:43:24', '2018-04-13 15:43:24', 'facebook', '2068718346703301'),
(30, 'garak', 'info@mamaxim.ru', '$2y$10$x.O/.V.XqDbQcRbV.dpuEemCn9fKhSKj6UJtgs/4ih7mdYROa1qQG', 0, NULL, NULL, NULL, NULL, NULL, NULL, '2018-06-12 20:26:42', '2018-06-12 20:26:42', NULL, NULL);

--
-- Chỉ mục cho các bảng đã đổ
--

--
-- Chỉ mục cho bảng `bills`
--
ALTER TABLE `bills`
  ADD PRIMARY KEY (`id`) USING BTREE,
  ADD KEY `bills_id_user_foreign` (`id_user`) USING BTREE;

--
-- Chỉ mục cho bảng `bill_detail`
--
ALTER TABLE `bill_detail`
  ADD PRIMARY KEY (`id`) USING BTREE,
  ADD KEY `id_product` (`id_product`) USING BTREE,
  ADD KEY `id_bill` (`id_bill`) USING BTREE;

--
-- Chỉ mục cho bảng `contacts`
--
ALTER TABLE `contacts`
  ADD PRIMARY KEY (`id`) USING BTREE;

--
-- Chỉ mục cho bảng `contactus`
--
ALTER TABLE `contactus`
  ADD PRIMARY KEY (`id`) USING BTREE;

--
-- Chỉ mục cho bảng `footer`
--
ALTER TABLE `footer`
  ADD PRIMARY KEY (`id`) USING BTREE;

--
-- Chỉ mục cho bảng `introduce`
--
ALTER TABLE `introduce`
  ADD PRIMARY KEY (`id`) USING BTREE;

--
-- Chỉ mục cho bảng `migrations`
--
ALTER TABLE `migrations`
  ADD PRIMARY KEY (`id`) USING BTREE;

--
-- Chỉ mục cho bảng `news`
--
ALTER TABLE `news`
  ADD PRIMARY KEY (`id`) USING BTREE;

--
-- Chỉ mục cho bảng `news_images`
--
ALTER TABLE `news_images`
  ADD PRIMARY KEY (`id`) USING BTREE;

--
-- Chỉ mục cho bảng `password_resets`
--
ALTER TABLE `password_resets`
  ADD KEY `password_resets_email_index` (`email`) USING BTREE;

--
-- Chỉ mục cho bảng `products`
--
ALTER TABLE `products`
  ADD PRIMARY KEY (`id`) USING BTREE,
  ADD KEY `id_type` (`id_type`) USING BTREE,
  ADD KEY `unit` (`unit`) USING BTREE;

--
-- Chỉ mục cho bảng `product_images`
--
ALTER TABLE `product_images`
  ADD PRIMARY KEY (`id`) USING BTREE,
  ADD KEY `product_images_id_product_foreign` (`id_product`) USING BTREE;

--
-- Chỉ mục cho bảng `slide`
--
ALTER TABLE `slide`
  ADD PRIMARY KEY (`id`) USING BTREE;

--
-- Chỉ mục cho bảng `type_products`
--
ALTER TABLE `type_products`
  ADD PRIMARY KEY (`id`) USING BTREE;

--
-- Chỉ mục cho bảng `units`
--
ALTER TABLE `units`
  ADD PRIMARY KEY (`id`) USING BTREE;

--
-- Chỉ mục cho bảng `users`
--
ALTER TABLE `users`
  ADD PRIMARY KEY (`id`) USING BTREE,
  ADD UNIQUE KEY `users_email_unique` (`email`) USING BTREE;

--
-- AUTO_INCREMENT cho các bảng đã đổ
--

--
-- AUTO_INCREMENT cho bảng `bills`
--
ALTER TABLE `bills`
  MODIFY `id` int(10) UNSIGNED NOT NULL AUTO_INCREMENT, AUTO_INCREMENT=88;

--
-- AUTO_INCREMENT cho bảng `bill_detail`
--
ALTER TABLE `bill_detail`
  MODIFY `id` int(10) UNSIGNED NOT NULL AUTO_INCREMENT, AUTO_INCREMENT=209;

--
-- AUTO_INCREMENT cho bảng `contacts`
--
ALTER TABLE `contacts`
  MODIFY `id` int(10) UNSIGNED NOT NULL AUTO_INCREMENT, AUTO_INCREMENT=2;

--
-- AUTO_INCREMENT cho bảng `contactus`
--
ALTER TABLE `contactus`
  MODIFY `id` int(10) UNSIGNED NOT NULL AUTO_INCREMENT, AUTO_INCREMENT=121;

--
-- AUTO_INCREMENT cho bảng `footer`
--
ALTER TABLE `footer`
  MODIFY `id` int(10) UNSIGNED NOT NULL AUTO_INCREMENT, AUTO_INCREMENT=2;

--
-- AUTO_INCREMENT cho bảng `introduce`
--
ALTER TABLE `introduce`
  MODIFY `id` int(10) UNSIGNED NOT NULL AUTO_INCREMENT, AUTO_INCREMENT=14;

--
-- AUTO_INCREMENT cho bảng `migrations`
--
ALTER TABLE `migrations`
  MODIFY `id` int(10) UNSIGNED NOT NULL AUTO_INCREMENT, AUTO_INCREMENT=15;

--
-- AUTO_INCREMENT cho bảng `news`
--
ALTER TABLE `news`
  MODIFY `id` int(10) UNSIGNED NOT NULL AUTO_INCREMENT, AUTO_INCREMENT=5;

--
-- AUTO_INCREMENT cho bảng `news_images`
--
ALTER TABLE `news_images`
  MODIFY `id` int(10) UNSIGNED NOT NULL AUTO_INCREMENT;

--
-- AUTO_INCREMENT cho bảng `products`
--
ALTER TABLE `products`
  MODIFY `id` int(10) UNSIGNED NOT NULL AUTO_INCREMENT, AUTO_INCREMENT=119;

--
-- AUTO_INCREMENT cho bảng `product_images`
--
ALTER TABLE `product_images`
  MODIFY `id` int(10) UNSIGNED NOT NULL AUTO_INCREMENT, AUTO_INCREMENT=5;

--
-- AUTO_INCREMENT cho bảng `slide`
--
ALTER TABLE `slide`
  MODIFY `id` int(10) UNSIGNED NOT NULL AUTO_INCREMENT, AUTO_INCREMENT=30;

--
-- AUTO_INCREMENT cho bảng `type_products`
--
ALTER TABLE `type_products`
  MODIFY `id` int(10) UNSIGNED NOT NULL AUTO_INCREMENT, AUTO_INCREMENT=10;

--
-- AUTO_INCREMENT cho bảng `units`
--
ALTER TABLE `units`
  MODIFY `id` int(10) UNSIGNED NOT NULL AUTO_INCREMENT, AUTO_INCREMENT=5;

--
-- AUTO_INCREMENT cho bảng `users`
--
ALTER TABLE `users`
  MODIFY `id` int(10) UNSIGNED NOT NULL AUTO_INCREMENT, AUTO_INCREMENT=31;

--
-- Các ràng buộc cho các bảng đã đổ
--

--
-- Các ràng buộc cho bảng `products`
--
ALTER TABLE `products`
  ADD CONSTRAINT `products_ibfk_1` FOREIGN KEY (`unit`) REFERENCES `units` (`id`),
  ADD CONSTRAINT `products_ibfk_2` FOREIGN KEY (`id_type`) REFERENCES `type_products` (`id`);
COMMIT;

/*!40101 SET CHARACTER_SET_CLIENT=@OLD_CHARACTER_SET_CLIENT */;
/*!40101 SET CHARACTER_SET_RESULTS=@OLD_CHARACTER_SET_RESULTS */;
/*!40101 SET COLLATION_CONNECTION=@OLD_COLLATION_CONNECTION */;
