-- phpMyAdmin SQL Dump
-- version 4.5.4.1
-- http://www.phpmyadmin.net
--
-- Host: 127.0.0.1
-- Generation Time: Apr 20, 2018 at 03:46 AM
-- Server version: 5.7.20-log
-- PHP Version: 7.1.5

SET SQL_MODE = "NO_AUTO_VALUE_ON_ZERO";
SET time_zone = "+00:00";


/*!40101 SET @OLD_CHARACTER_SET_CLIENT=@@CHARACTER_SET_CLIENT */;
/*!40101 SET @OLD_CHARACTER_SET_RESULTS=@@CHARACTER_SET_RESULTS */;
/*!40101 SET @OLD_COLLATION_CONNECTION=@@COLLATION_CONNECTION */;
/*!40101 SET NAMES utf8mb4 */;

--
-- Database: `vitop_ssap_devdb`
--

-- --------------------------------------------------------

--
-- Table structure for table `api_active_log`
--

CREATE TABLE `api_active_log` (
  `id` int(10) UNSIGNED NOT NULL,
  `url` varchar(255) COLLATE utf8mb4_unicode_ci DEFAULT NULL,
  `method` varchar(255) COLLATE utf8mb4_unicode_ci DEFAULT NULL,
  `data_fetch` longtext COLLATE utf8mb4_unicode_ci,
  `user_id` int(11) DEFAULT NULL,
  `messenger` varchar(255) COLLATE utf8mb4_unicode_ci DEFAULT NULL,
  `code` varchar(255) COLLATE utf8mb4_unicode_ci DEFAULT NULL,
  `created_at` timestamp NULL DEFAULT NULL,
  `updated_at` timestamp NULL DEFAULT NULL
) ENGINE=InnoDB DEFAULT CHARSET=utf8mb4 COLLATE=utf8mb4_unicode_ci;

--
-- Dumping data for table `api_active_log`
--

INSERT INTO `api_active_log` (`id`, `url`, `method`, `data_fetch`, `user_id`, `messenger`, `code`, `created_at`, `updated_at`) VALUES
(1, '/api/users/11', 'GET', '[]', 11, '', '', '2018-04-19 06:45:30', '2018-04-19 06:45:30'),
(2, '/api/client-surveys?user_id=11&&', 'GET', '{"user_id":"11"}', 11, '', '', '2018-04-19 06:45:31', '2018-04-19 06:45:31'),
(3, '/api/users/2', 'GET', '[]', 2, '', '', '2018-04-19 06:45:41', '2018-04-19 06:45:41'),
(4, '/api/client-surveys?user_id=2&&', 'GET', '{"user_id":"2"}', 2, '', '', '2018-04-19 06:45:42', '2018-04-19 06:45:42'),
(5, '/api/departments', 'GET', '[]', 2, '', '', '2018-04-19 06:45:53', '2018-04-19 06:45:53'),
(6, '/api/divisions', 'GET', '[]', 2, '', '', '2018-04-19 06:45:53', '2018-04-19 06:45:53'),
(7, '/api/users', 'GET', '[]', 2, '', '', '2018-04-19 06:45:53', '2018-04-19 06:45:53'),
(8, '/api/positions', 'GET', '[]', 2, '', '', '2018-04-19 06:45:54', '2018-04-19 06:45:54'),
(9, '/api/branches', 'GET', '[]', 2, '', '', '2018-04-19 06:45:54', '2018-04-19 06:45:54'),
(10, '/api/divisions', 'GET', '[]', 2, '', '', '2018-04-19 06:46:04', '2018-04-19 06:46:04'),
(11, '/api/departments', 'GET', '[]', 2, '', '', '2018-04-19 06:46:04', '2018-04-19 06:46:04'),
(12, '/api/users', 'GET', '[]', 2, '', '', '2018-04-19 06:46:04', '2018-04-19 06:46:04'),
(13, '/api/branches', 'GET', '[]', 2, '', '', '2018-04-19 06:46:04', '2018-04-19 06:46:04'),
(14, '/api/positions', 'GET', '[]', 2, '', '', '2018-04-19 06:46:04', '2018-04-19 06:46:04'),
(15, '/api/branches', 'GET', '[]', 2, '', '', '2018-04-19 07:02:35', '2018-04-19 07:02:35'),
(16, '/api/divisions', 'GET', '[]', 2, '', '', '2018-04-19 07:02:35', '2018-04-19 07:02:35'),
(17, '/api/subkpis?main=1&&', 'GET', '{"main":"1"}', 2, '', '', '2018-04-19 07:02:36', '2018-04-19 07:02:36'),
(18, '/api/departments', 'GET', '[]', 2, '', '', '2018-04-19 07:02:36', '2018-04-19 07:02:36'),
(19, '/api/branches', 'GET', '[]', 2, '', '', '2018-04-19 07:02:54', '2018-04-19 07:02:54'),
(20, '/api/departments', 'GET', '[]', 2, '', '', '2018-04-19 07:02:54', '2018-04-19 07:02:54'),
(21, '/api/users', 'GET', '[]', 2, '', '', '2018-04-19 07:02:54', '2018-04-19 07:02:54'),
(22, '/api/divisions', 'GET', '[]', 2, '', '', '2018-04-19 07:02:54', '2018-04-19 07:02:54'),
(23, '/api/users', 'GET', '[]', 2, '', '', '2018-04-19 07:02:54', '2018-04-19 07:02:54'),
(24, '/api/subkpis/194', 'GET', '[]', 2, '', '', '2018-04-19 07:02:54', '2018-04-19 07:02:54'),
(25, '/api/subkpis?kpi_id=124&&', 'GET', '{"kpi_id":"124"}', 2, '', '', '2018-04-19 07:02:55', '2018-04-19 07:02:55'),
(26, '/api/get-list-sub-kpi-user-evaluate?user_id=2', 'GET', '{"user_id":"2"}', 2, '', '', '2018-04-19 07:13:28', '2018-04-19 07:13:28'),
(27, '/api/branches', 'GET', '[]', 2, '', '', '2018-04-19 07:13:28', '2018-04-19 07:13:28'),
(28, '/api/divisions', 'GET', '[]', 2, '', '', '2018-04-19 07:13:28', '2018-04-19 07:13:28'),
(29, '/api/departments', 'GET', '[]', 2, '', '', '2018-04-19 07:13:28', '2018-04-19 07:13:28'),
(30, '/api/departments', 'GET', '[]', 2, '', '', '2018-04-19 07:13:51', '2018-04-19 07:13:51'),
(31, '/api/branches', 'GET', '[]', 2, '', '', '2018-04-19 07:13:51', '2018-04-19 07:13:51'),
(32, '/api/get-list-sub-kpi-user-evaluate?user_id=2', 'GET', '{"user_id":"2"}', 2, '', '', '2018-04-19 07:13:52', '2018-04-19 07:13:52'),
(33, '/api/divisions', 'GET', '[]', 2, '', '', '2018-04-19 07:13:52', '2018-04-19 07:13:52'),
(34, '/api/users/2', 'GET', '[]', 2, '', '', '2018-04-19 07:15:14', '2018-04-19 07:15:14'),
(35, '/api/client-surveys?user_id=2&&', 'GET', '{"user_id":"2"}', 2, '', '', '2018-04-19 07:15:14', '2018-04-19 07:15:14'),
(36, '/api/get-list-sub-kpi-user-evaluate?user_id=2', 'GET', '{"user_id":"2"}', 2, '', '', '2018-04-19 07:15:16', '2018-04-19 07:15:16'),
(37, '/api/receivers', 'GET', '[]', 12, '', '', '2018-04-19 07:18:07', '2018-04-19 07:18:07'),
(38, '/api/get-list-sub-kpi-user-evaluate?user_id=12', 'GET', '{"user_id":"12"}', 12, '', '', '2018-04-19 07:18:16', '2018-04-19 07:18:16'),
(39, '/api/divisions', 'GET', '[]', 12, '', '', '2018-04-19 07:18:16', '2018-04-19 07:18:16'),
(40, '/api/branches', 'GET', '[]', 12, '', '', '2018-04-19 07:18:16', '2018-04-19 07:18:16'),
(41, '/api/departments', 'GET', '[]', 12, '', '', '2018-04-19 07:18:16', '2018-04-19 07:18:16'),
(42, '/api/branches', 'GET', '[]', 2, '', '', '2018-04-19 07:19:12', '2018-04-19 07:19:12'),
(43, '/api/get-list-sub-kpi-user-evaluate?user_id=2', 'GET', '{"user_id":"2"}', 2, '', '', '2018-04-19 07:19:12', '2018-04-19 07:19:12'),
(44, '/api/departments', 'GET', '[]', 2, '', '', '2018-04-19 07:19:12', '2018-04-19 07:19:12'),
(45, '/api/divisions', 'GET', '[]', 2, '', '', '2018-04-19 07:19:12', '2018-04-19 07:19:12'),
(46, '/api/receivers', 'GET', '[]', 12, '', '', '2018-04-19 07:20:53', '2018-04-19 07:20:53'),
(47, '/api/divisions', 'GET', '[]', 12, '', '', '2018-04-19 07:21:23', '2018-04-19 07:21:23'),
(48, '/api/users', 'GET', '[]', 12, '', '', '2018-04-19 07:21:23', '2018-04-19 07:21:23'),
(49, '/api/departments', 'GET', '[]', 12, '', '', '2018-04-19 07:21:23', '2018-04-19 07:21:23'),
(50, '/api/positions', 'GET', '[]', 12, '', '', '2018-04-19 07:21:23', '2018-04-19 07:21:23'),
(51, '/api/branches', 'GET', '[]', 12, '', '', '2018-04-19 07:21:23', '2018-04-19 07:21:23'),
(52, '/api/users', 'GET', '[]', 12, '', '', '2018-04-19 07:21:37', '2018-04-19 07:21:37'),
(53, '/api/get-list-sub-kpi-user-evaluate?user_id=2', 'GET', '{"user_id":"2"}', 2, '', '', '2018-04-19 07:21:04', '2018-04-19 07:21:04'),
(54, '/api/divisions', 'GET', '[]', 2, '', '', '2018-04-19 07:21:05', '2018-04-19 07:21:05'),
(55, '/api/branches', 'GET', '[]', 2, '', '', '2018-04-19 07:21:05', '2018-04-19 07:21:05'),
(56, '/api/departments', 'GET', '[]', 2, '', '', '2018-04-19 07:21:05', '2018-04-19 07:21:05'),
(57, '/api/departments', 'GET', '[]', 12, '', '', '2018-04-19 07:21:44', '2018-04-19 07:21:44'),
(58, '/api/divisions', 'GET', '[]', 12, '', '', '2018-04-19 07:21:44', '2018-04-19 07:21:44'),
(59, '/api/users', 'GET', '[]', 12, '', '', '2018-04-19 07:21:44', '2018-04-19 07:21:44'),
(60, '/api/branches', 'GET', '[]', 12, '', '', '2018-04-19 07:21:44', '2018-04-19 07:21:44'),
(61, '/api/positions', 'GET', '[]', 12, '', '', '2018-04-19 07:21:44', '2018-04-19 07:21:44'),
(62, '/api/kpiactionplans?sub_kpi_id=94&&', 'GET', '{"sub_kpi_id":"94"}', 2, '', '', '2018-04-19 07:21:09', '2018-04-19 07:21:09'),
(63, '/api/kpiactionplans?sub_kpi_id=98&&', 'GET', '{"sub_kpi_id":"98"}', 2, '', '', '2018-04-19 07:21:10', '2018-04-19 07:21:10'),
(64, '/api/kpiactionplans?sub_kpi_id=100&&', 'GET', '{"sub_kpi_id":"100"}', 2, '', '', '2018-04-19 07:21:10', '2018-04-19 07:21:10'),
(65, '/api/kpiactionplans?sub_kpi_id=92&&', 'GET', '{"sub_kpi_id":"92"}', 2, '', '', '2018-04-19 07:21:10', '2018-04-19 07:21:10'),
(66, '/api/kpiactionplans?sub_kpi_id=126&&', 'GET', '{"sub_kpi_id":"126"}', 2, '', '', '2018-04-19 07:21:10', '2018-04-19 07:21:10'),
(67, '/api/kpiactionplans?sub_kpi_id=103&&', 'GET', '{"sub_kpi_id":"103"}', 2, '', '', '2018-04-19 07:21:10', '2018-04-19 07:21:10'),
(68, '/api/kpiactionplans?sub_kpi_id=129&&', 'GET', '{"sub_kpi_id":"129"}', 2, '', '', '2018-04-19 07:21:10', '2018-04-19 07:21:10'),
(69, '/api/kpiactionplans?sub_kpi_id=128&&', 'GET', '{"sub_kpi_id":"128"}', 2, '', '', '2018-04-19 07:21:10', '2018-04-19 07:21:10'),
(70, '/api/kpiactionplans?sub_kpi_id=135&&', 'GET', '{"sub_kpi_id":"135"}', 2, '', '', '2018-04-19 07:21:10', '2018-04-19 07:21:10'),
(71, '/api/kpiactionplans?sub_kpi_id=136&&', 'GET', '{"sub_kpi_id":"136"}', 2, '', '', '2018-04-19 07:21:10', '2018-04-19 07:21:10'),
(72, '/api/kpiactionplans?sub_kpi_id=137&&', 'GET', '{"sub_kpi_id":"137"}', 2, '', '', '2018-04-19 07:21:11', '2018-04-19 07:21:11'),
(73, '/api/kpiactionplans?sub_kpi_id=139&&', 'GET', '{"sub_kpi_id":"139"}', 2, '', '', '2018-04-19 07:21:11', '2018-04-19 07:21:11'),
(74, '/api/kpiactionplans?sub_kpi_id=140&&', 'GET', '{"sub_kpi_id":"140"}', 2, '', '', '2018-04-19 07:21:11', '2018-04-19 07:21:11'),
(75, '/api/kpiactionplans?sub_kpi_id=141&&', 'GET', '{"sub_kpi_id":"141"}', 2, '', '', '2018-04-19 07:21:11', '2018-04-19 07:21:11'),
(76, '/api/kpiactionplans?sub_kpi_id=146&&', 'GET', '{"sub_kpi_id":"146"}', 2, '', '', '2018-04-19 07:21:11', '2018-04-19 07:21:11'),
(77, '/api/kpiactionplans?sub_kpi_id=138&&', 'GET', '{"sub_kpi_id":"138"}', 2, '', '', '2018-04-19 07:21:11', '2018-04-19 07:21:11'),
(78, '/api/kpiactionplans?sub_kpi_id=99&&', 'GET', '{"sub_kpi_id":"99"}', 2, '', '', '2018-04-19 07:21:11', '2018-04-19 07:21:11'),
(79, '/api/kpiactionplans?sub_kpi_id=124&&', 'GET', '{"sub_kpi_id":"124"}', 2, '', '', '2018-04-19 07:21:12', '2018-04-19 07:21:12'),
(80, '/api/kpiactionplans?sub_kpi_id=150&&', 'GET', '{"sub_kpi_id":"150"}', 2, '', '', '2018-04-19 07:21:12', '2018-04-19 07:21:12'),
(81, '/api/kpiactionplans?sub_kpi_id=149&&', 'GET', '{"sub_kpi_id":"149"}', 2, '', '', '2018-04-19 07:21:12', '2018-04-19 07:21:12'),
(82, '/api/kpiactionplans?sub_kpi_id=148&&', 'GET', '{"sub_kpi_id":"148"}', 2, '', '', '2018-04-19 07:21:12', '2018-04-19 07:21:12'),
(83, '/api/kpiactionplans?sub_kpi_id=151&&', 'GET', '{"sub_kpi_id":"151"}', 2, '', '', '2018-04-19 07:21:12', '2018-04-19 07:21:12'),
(84, '/api/kpiactionplans?sub_kpi_id=153&&', 'GET', '{"sub_kpi_id":"153"}', 2, '', '', '2018-04-19 07:21:12', '2018-04-19 07:21:12'),
(85, '/api/kpiactionplans?sub_kpi_id=147&&', 'GET', '{"sub_kpi_id":"147"}', 2, '', '', '2018-04-19 07:21:12', '2018-04-19 07:21:12'),
(86, '/api/kpiactionplans?sub_kpi_id=154&&', 'GET', '{"sub_kpi_id":"154"}', 2, '', '', '2018-04-19 07:21:13', '2018-04-19 07:21:13'),
(87, '/api/kpiactionplans?sub_kpi_id=155&&', 'GET', '{"sub_kpi_id":"155"}', 2, '', '', '2018-04-19 07:21:13', '2018-04-19 07:21:13'),
(88, '/api/kpiactionplans?sub_kpi_id=156&&', 'GET', '{"sub_kpi_id":"156"}', 2, '', '', '2018-04-19 07:21:13', '2018-04-19 07:21:13'),
(89, '/api/kpiactionplans?sub_kpi_id=152&&', 'GET', '{"sub_kpi_id":"152"}', 2, '', '', '2018-04-19 07:21:13', '2018-04-19 07:21:13'),
(90, '/api/kpiactionplans?sub_kpi_id=157&&', 'GET', '{"sub_kpi_id":"157"}', 2, '', '', '2018-04-19 07:21:13', '2018-04-19 07:21:13'),
(91, '/api/kpiactionplans?sub_kpi_id=164&&', 'GET', '{"sub_kpi_id":"164"}', 2, '', '', '2018-04-19 07:21:14', '2018-04-19 07:21:14'),
(92, '/api/kpiactionplans?sub_kpi_id=161&&', 'GET', '{"sub_kpi_id":"161"}', 2, '', '', '2018-04-19 07:21:14', '2018-04-19 07:21:14'),
(93, '/api/kpiactionplans?sub_kpi_id=163&&', 'GET', '{"sub_kpi_id":"163"}', 2, '', '', '2018-04-19 07:21:14', '2018-04-19 07:21:14'),
(94, '/api/kpiactionplans?sub_kpi_id=158&&', 'GET', '{"sub_kpi_id":"158"}', 2, '', '', '2018-04-19 07:21:14', '2018-04-19 07:21:14'),
(95, '/api/kpiactionplans?sub_kpi_id=162&&', 'GET', '{"sub_kpi_id":"162"}', 2, '', '', '2018-04-19 07:21:14', '2018-04-19 07:21:14'),
(96, '/api/kpiactionplans?sub_kpi_id=160&&', 'GET', '{"sub_kpi_id":"160"}', 2, '', '', '2018-04-19 07:21:14', '2018-04-19 07:21:14'),
(97, '/api/kpiactionplans?sub_kpi_id=167&&', 'GET', '{"sub_kpi_id":"167"}', 2, '', '', '2018-04-19 07:21:15', '2018-04-19 07:21:15'),
(98, '/api/kpiactionplans?sub_kpi_id=169&&', 'GET', '{"sub_kpi_id":"169"}', 2, '', '', '2018-04-19 07:21:15', '2018-04-19 07:21:15'),
(99, '/api/kpiactionplans?sub_kpi_id=166&&', 'GET', '{"sub_kpi_id":"166"}', 2, '', '', '2018-04-19 07:21:15', '2018-04-19 07:21:15'),
(100, '/api/kpiactionplans?sub_kpi_id=159&&', 'GET', '{"sub_kpi_id":"159"}', 2, '', '', '2018-04-19 07:21:15', '2018-04-19 07:21:15'),
(101, '/api/kpiactionplans?sub_kpi_id=168&&', 'GET', '{"sub_kpi_id":"168"}', 2, '', '', '2018-04-19 07:21:15', '2018-04-19 07:21:15'),
(102, '/api/kpiactionplans?sub_kpi_id=165&&', 'GET', '{"sub_kpi_id":"165"}', 2, '', '', '2018-04-19 07:21:15', '2018-04-19 07:21:15'),
(103, '/api/kpiactionplans?sub_kpi_id=171&&', 'GET', '{"sub_kpi_id":"171"}', 2, '', '', '2018-04-19 07:21:16', '2018-04-19 07:21:16'),
(104, '/api/kpiactionplans?sub_kpi_id=173&&', 'GET', '{"sub_kpi_id":"173"}', 2, '', '', '2018-04-19 07:21:16', '2018-04-19 07:21:16'),
(105, '/api/kpiactionplans?sub_kpi_id=174&&', 'GET', '{"sub_kpi_id":"174"}', 2, '', '', '2018-04-19 07:21:16', '2018-04-19 07:21:16'),
(106, '/api/kpiactionplans?sub_kpi_id=170&&', 'GET', '{"sub_kpi_id":"170"}', 2, '', '', '2018-04-19 07:21:16', '2018-04-19 07:21:16'),
(107, '/api/kpiactionplans?sub_kpi_id=172&&', 'GET', '{"sub_kpi_id":"172"}', 2, '', '', '2018-04-19 07:21:16', '2018-04-19 07:21:16'),
(108, '/api/kpiactionplans?sub_kpi_id=176&&', 'GET', '{"sub_kpi_id":"176"}', 2, '', '', '2018-04-19 07:21:16', '2018-04-19 07:21:16'),
(109, '/api/kpiactionplans?sub_kpi_id=178&&', 'GET', '{"sub_kpi_id":"178"}', 2, '', '', '2018-04-19 07:21:16', '2018-04-19 07:21:16'),
(110, '/api/kpiactionplans?sub_kpi_id=188&&', 'GET', '{"sub_kpi_id":"188"}', 2, '', '', '2018-04-19 07:21:16', '2018-04-19 07:21:16'),
(111, '/api/kpiactionplans?sub_kpi_id=195&&', 'GET', '{"sub_kpi_id":"195"}', 2, '', '', '2018-04-19 07:21:16', '2018-04-19 07:21:16'),
(112, '/api/kpiactionplans?sub_kpi_id=175&&', 'GET', '{"sub_kpi_id":"175"}', 2, '', '', '2018-04-19 07:21:16', '2018-04-19 07:21:16'),
(113, '/api/kpiactionplans?sub_kpi_id=196&&', 'GET', '{"sub_kpi_id":"196"}', 2, '', '', '2018-04-19 07:21:16', '2018-04-19 07:21:16'),
(114, '/api/kpiactionplans?sub_kpi_id=192&&', 'GET', '{"sub_kpi_id":"192"}', 2, '', '', '2018-04-19 07:21:16', '2018-04-19 07:21:16'),
(115, '/api/kpiactionplans?sub_kpi_id=194&&', 'GET', '{"sub_kpi_id":"194"}', 2, '', '', '2018-04-19 07:21:17', '2018-04-19 07:21:17'),
(116, '/api/kpiactionplans?sub_kpi_id=191&&', 'GET', '{"sub_kpi_id":"191"}', 2, '', '', '2018-04-19 07:21:17', '2018-04-19 07:21:17'),
(117, '/api/kpiactionplans?sub_kpi_id=189&&', 'GET', '{"sub_kpi_id":"189"}', 2, '', '', '2018-04-19 07:21:17', '2018-04-19 07:21:17'),
(118, '/api/kpiactionplans?sub_kpi_id=190&&', 'GET', '{"sub_kpi_id":"190"}', 2, '', '', '2018-04-19 07:21:17', '2018-04-19 07:21:17'),
(119, '/api/divisions', 'GET', '[]', 12, '', '', '2018-04-19 07:22:13', '2018-04-19 07:22:13'),
(120, '/api/departments', 'GET', '[]', 12, '', '', '2018-04-19 07:22:13', '2018-04-19 07:22:13'),
(121, '/api/branches', 'GET', '[]', 12, '', '', '2018-04-19 07:22:13', '2018-04-19 07:22:13'),
(122, '/api/users', 'GET', '[]', 12, '', '', '2018-04-19 07:22:13', '2018-04-19 07:22:13'),
(123, '/api/positions', 'GET', '[]', 12, '', '', '2018-04-19 07:22:13', '2018-04-19 07:22:13'),
(124, '/api/users/2', 'GET', '[]', 2, '', '', '2018-04-19 07:22:35', '2018-04-19 07:22:35'),
(125, '/api/users/2', 'GET', '[]', 2, '', '', '2018-04-19 07:22:45', '2018-04-19 07:22:45'),
(126, '/api/client-surveys?user_id=2&&', 'GET', '{"user_id":"2"}', 2, '', '', '2018-04-19 07:22:45', '2018-04-19 07:22:45'),
(127, '/api/users/2', 'GET', '[]', 2, '', '', '2018-04-19 07:22:49', '2018-04-19 07:22:49'),
(128, '/api/client-surveys/76?user_id=2&&', 'GET', '{"user_id":"2"}', 2, '', '', '2018-04-19 07:22:49', '2018-04-19 07:22:49'),
(129, '/api/users/2', 'GET', '[]', 2, '', '', '2018-04-19 07:22:50', '2018-04-19 07:22:50'),
(130, '/api/saveresultsubkpis', 'GET', '[]', 2, '', '', '2018-04-19 07:23:13', '2018-04-19 07:23:13'),
(131, '/api/users/2', 'GET', '[]', 2, '', '', '2018-04-19 07:25:22', '2018-04-19 07:25:22'),
(132, '/api/subkpis?responsibility_id=2&&', 'GET', '{"responsibility_id":"2"}', 2, '', '', '2018-04-19 07:25:23', '2018-04-19 07:25:23'),
(133, '/api/departments', 'GET', '[]', 12, '', '', '2018-04-19 07:25:59', '2018-04-19 07:25:59'),
(134, '/api/positions', 'GET', '[]', 12, '', '', '2018-04-19 07:25:59', '2018-04-19 07:25:59'),
(135, '/api/users', 'GET', '[]', 12, '', '', '2018-04-19 07:25:59', '2018-04-19 07:25:59'),
(136, '/api/branches', 'GET', '[]', 12, '', '', '2018-04-19 07:25:59', '2018-04-19 07:25:59'),
(137, '/api/divisions', 'GET', '[]', 12, '', '', '2018-04-19 07:25:59', '2018-04-19 07:25:59'),
(138, '/api/users', 'GET', '[]', 12, '', '', '2018-04-19 07:26:40', '2018-04-19 07:26:40'),
(139, '/api/divisions', 'GET', '[]', 12, '', '', '2018-04-19 07:26:40', '2018-04-19 07:26:40'),
(140, '/api/departments', 'GET', '[]', 12, '', '', '2018-04-19 07:26:40', '2018-04-19 07:26:40'),
(141, '/api/positions', 'GET', '[]', 12, '', '', '2018-04-19 07:26:40', '2018-04-19 07:26:40'),
(142, '/api/branches', 'GET', '[]', 12, '', '', '2018-04-19 07:26:40', '2018-04-19 07:26:40'),
(143, '/api/divisions', 'GET', '[]', 12, '', '', '2018-04-19 07:32:48', '2018-04-19 07:32:48'),
(144, '/api/positions', 'GET', '[]', 12, '', '', '2018-04-19 07:32:48', '2018-04-19 07:32:48'),
(145, '/api/users', 'GET', '[]', 12, '', '', '2018-04-19 07:32:48', '2018-04-19 07:32:48'),
(146, '/api/branches', 'GET', '[]', 12, '', '', '2018-04-19 07:32:48', '2018-04-19 07:32:48'),
(147, '/api/departments', 'GET', '[]', 12, '', '', '2018-04-19 07:32:48', '2018-04-19 07:32:48'),
(148, '/api/divisions', 'GET', '[]', 12, '', '', '2018-04-19 07:34:27', '2018-04-19 07:34:27'),
(149, '/api/positions', 'GET', '[]', 12, '', '', '2018-04-19 07:34:27', '2018-04-19 07:34:27'),
(150, '/api/users', 'GET', '[]', 12, '', '', '2018-04-19 07:34:27', '2018-04-19 07:34:27'),
(151, '/api/branches', 'GET', '[]', 12, '', '', '2018-04-19 07:34:27', '2018-04-19 07:34:27'),
(152, '/api/departments', 'GET', '[]', 12, '', '', '2018-04-19 07:34:27', '2018-04-19 07:34:27'),
(153, '/api/users', 'GET', '[]', 12, '', '', '2018-04-19 07:35:22', '2018-04-19 07:35:22'),
(154, '/api/branches', 'GET', '[]', 12, '', '', '2018-04-19 07:35:22', '2018-04-19 07:35:22'),
(155, '/api/positions', 'GET', '[]', 12, '', '', '2018-04-19 07:35:22', '2018-04-19 07:35:22'),
(156, '/api/departments', 'GET', '[]', 12, '', '', '2018-04-19 07:35:22', '2018-04-19 07:35:22'),
(157, '/api/divisions', 'GET', '[]', 12, '', '', '2018-04-19 07:35:22', '2018-04-19 07:35:22'),
(158, '/api/departments', 'GET', '[]', 12, '', '', '2018-04-19 07:37:29', '2018-04-19 07:37:29'),
(159, '/api/divisions', 'GET', '[]', 12, '', '', '2018-04-19 07:37:29', '2018-04-19 07:37:29'),
(160, '/api/positions', 'GET', '[]', 12, '', '', '2018-04-19 07:37:29', '2018-04-19 07:37:29'),
(161, '/api/branches', 'GET', '[]', 12, '', '', '2018-04-19 07:37:29', '2018-04-19 07:37:29'),
(162, '/api/users', 'GET', '[]', 12, '', '', '2018-04-19 07:37:29', '2018-04-19 07:37:29'),
(163, '/api/positions', 'GET', '[]', 12, '', '', '2018-04-19 07:37:58', '2018-04-19 07:37:58'),
(164, '/api/users', 'GET', '[]', 12, '', '', '2018-04-19 07:37:58', '2018-04-19 07:37:58'),
(165, '/api/divisions', 'GET', '[]', 12, '', '', '2018-04-19 07:37:58', '2018-04-19 07:37:58'),
(166, '/api/departments', 'GET', '[]', 12, '', '', '2018-04-19 07:37:58', '2018-04-19 07:37:58'),
(167, '/api/branches', 'GET', '[]', 12, '', '', '2018-04-19 07:37:58', '2018-04-19 07:37:58'),
(168, '/api/client-surveys?user_id=2&&', 'GET', '{"user_id":"2"}', 2, '', '', '2018-04-19 07:40:18', '2018-04-19 07:40:18'),
(169, '/api/users/2', 'GET', '[]', 2, '', '', '2018-04-19 07:40:18', '2018-04-19 07:40:18'),
(170, '/api/get-list-sub-kpi-user-evaluate?user_id=2', 'GET', '{"user_id":"2"}', 2, '', '', '2018-04-19 07:40:46', '2018-04-19 07:40:46'),
(171, '/api/branches', 'GET', '[]', 12, '', '', '2018-04-19 07:41:16', '2018-04-19 07:41:16'),
(172, '/api/divisions', 'GET', '[]', 12, '', '', '2018-04-19 07:41:16', '2018-04-19 07:41:16'),
(173, '/api/departments', 'GET', '[]', 12, '', '', '2018-04-19 07:41:16', '2018-04-19 07:41:16'),
(174, '/api/users', 'GET', '[]', 12, '', '', '2018-04-19 07:41:16', '2018-04-19 07:41:16'),
(175, '/api/positions', 'GET', '[]', 12, '', '', '2018-04-19 07:41:16', '2018-04-19 07:41:16'),
(176, '/api/departments', 'GET', '[]', 12, '', '', '2018-04-19 07:42:58', '2018-04-19 07:42:58'),
(177, '/api/users', 'GET', '[]', 12, '', '', '2018-04-19 07:42:58', '2018-04-19 07:42:58'),
(178, '/api/divisions', 'GET', '[]', 12, '', '', '2018-04-19 07:42:58', '2018-04-19 07:42:58'),
(179, '/api/positions', 'GET', '[]', 12, '', '', '2018-04-19 07:42:58', '2018-04-19 07:42:58'),
(180, '/api/branches', 'GET', '[]', 12, '', '', '2018-04-19 07:42:58', '2018-04-19 07:42:58'),
(181, '/api/users', 'GET', '[]', 12, '', '', '2018-04-19 07:44:01', '2018-04-19 07:44:01'),
(182, '/api/branches', 'GET', '[]', 12, '', '', '2018-04-19 07:44:01', '2018-04-19 07:44:01'),
(183, '/api/positions', 'GET', '[]', 12, '', '', '2018-04-19 07:44:01', '2018-04-19 07:44:01'),
(184, '/api/divisions', 'GET', '[]', 12, '', '', '2018-04-19 07:44:01', '2018-04-19 07:44:01'),
(185, '/api/departments', 'GET', '[]', 12, '', '', '2018-04-19 07:44:01', '2018-04-19 07:44:01'),
(186, '/api/users', 'GET', '[]', 12, '', '', '2018-04-19 07:44:32', '2018-04-19 07:44:32'),
(187, '/api/departments', 'GET', '[]', 12, '', '', '2018-04-19 07:44:32', '2018-04-19 07:44:32'),
(188, '/api/branches', 'GET', '[]', 12, '', '', '2018-04-19 07:44:32', '2018-04-19 07:44:32'),
(189, '/api/divisions', 'GET', '[]', 12, '', '', '2018-04-19 07:44:32', '2018-04-19 07:44:32'),
(190, '/api/positions', 'GET', '[]', 12, '', '', '2018-04-19 07:44:32', '2018-04-19 07:44:32'),
(191, '/api/departments', 'GET', '[]', 12, '', '', '2018-04-19 07:44:44', '2018-04-19 07:44:44'),
(192, '/api/positions', 'GET', '[]', 12, '', '', '2018-04-19 07:44:44', '2018-04-19 07:44:44'),
(193, '/api/users', 'GET', '[]', 12, '', '', '2018-04-19 07:44:45', '2018-04-19 07:44:45'),
(194, '/api/branches', 'GET', '[]', 12, '', '', '2018-04-19 07:44:45', '2018-04-19 07:44:45'),
(195, '/api/divisions', 'GET', '[]', 12, '', '', '2018-04-19 07:44:45', '2018-04-19 07:44:45'),
(196, '/api/get-list-sub-kpi-user-evaluate?user_id=2', 'GET', '{"user_id":"2"}', 2, '', '', '2018-04-19 07:46:23', '2018-04-19 07:46:23'),
(197, '/api/users/2', 'GET', '[]', 2, '', '', '2018-04-19 07:46:24', '2018-04-19 07:46:24'),
(198, '/api/get-list-sub-kpi-user-evaluate?user_id=2', 'GET', '{"user_id":"2"}', 2, '', '', '2018-04-19 07:48:36', '2018-04-19 07:48:36'),
(199, '/api/users/2', 'GET', '[]', 2, '', '', '2018-04-19 07:48:36', '2018-04-19 07:48:36'),
(200, '/api/branches', 'GET', '[]', 2, '', '', '2018-04-19 07:48:47', '2018-04-19 07:48:47'),
(201, '/api/users/2', 'GET', '[]', 2, '', '', '2018-04-19 07:48:47', '2018-04-19 07:48:47'),
(202, '/api/get-list-sub-kpi-user-evaluate?user_id=2', 'GET', '{"user_id":"2"}', 2, '', '', '2018-04-19 07:48:47', '2018-04-19 07:48:47'),
(203, '/api/departments', 'GET', '[]', 2, '', '', '2018-04-19 07:48:47', '2018-04-19 07:48:47'),
(204, '/api/divisions', 'GET', '[]', 2, '', '', '2018-04-19 07:48:47', '2018-04-19 07:48:47'),
(205, '/api/get-list-sub-kpi-user-evaluate?user_id=2', 'GET', '{"user_id":"2"}', 2, '', '', '2018-04-19 07:49:49', '2018-04-19 07:49:49'),
(206, '/api/divisions', 'GET', '[]', 2, '', '', '2018-04-19 07:49:49', '2018-04-19 07:49:49'),
(207, '/api/departments', 'GET', '[]', 2, '', '', '2018-04-19 07:49:49', '2018-04-19 07:49:49'),
(208, '/api/users/2', 'GET', '[]', 2, '', '', '2018-04-19 07:49:49', '2018-04-19 07:49:49'),
(209, '/api/branches', 'GET', '[]', 2, '', '', '2018-04-19 07:49:49', '2018-04-19 07:49:49'),
(210, '/api/branches', 'GET', '[]', 2, '', '', '2018-04-19 07:54:10', '2018-04-19 07:54:10'),
(211, '/api/departments', 'GET', '[]', 2, '', '', '2018-04-19 07:54:10', '2018-04-19 07:54:10'),
(212, '/api/get-list-sub-kpi-user-evaluate?user_id=2', 'GET', '{"user_id":"2"}', 2, '', '', '2018-04-19 07:54:10', '2018-04-19 07:54:10'),
(213, '/api/users/2', 'GET', '[]', 2, '', '', '2018-04-19 07:54:10', '2018-04-19 07:54:10'),
(214, '/api/divisions', 'GET', '[]', 2, '', '', '2018-04-19 07:54:11', '2018-04-19 07:54:11'),
(215, '/api/branches', 'GET', '[]', 2, '', '', '2018-04-19 07:54:43', '2018-04-19 07:54:43'),
(216, '/api/users/2', 'GET', '[]', 2, '', '', '2018-04-19 07:54:43', '2018-04-19 07:54:43'),
(217, '/api/departments', 'GET', '[]', 2, '', '', '2018-04-19 07:54:43', '2018-04-19 07:54:43'),
(218, '/api/divisions', 'GET', '[]', 2, '', '', '2018-04-19 07:54:43', '2018-04-19 07:54:43'),
(219, '/api/get-list-sub-kpi-user-evaluate?user_id=2', 'GET', '{"user_id":"2"}', 2, '', '', '2018-04-19 07:54:44', '2018-04-19 07:54:44'),
(220, '/api/users', 'GET', '[]', 12, '', '', '2018-04-19 07:56:49', '2018-04-19 07:56:49'),
(221, '/api/positions', 'GET', '[]', 12, '', '', '2018-04-19 07:56:49', '2018-04-19 07:56:49'),
(222, '/api/departments', 'GET', '[]', 12, '', '', '2018-04-19 07:56:49', '2018-04-19 07:56:49'),
(223, '/api/divisions', 'GET', '[]', 12, '', '', '2018-04-19 07:56:49', '2018-04-19 07:56:49'),
(224, '/api/branches', 'GET', '[]', 12, '', '', '2018-04-19 07:56:49', '2018-04-19 07:56:49'),
(225, '/api/users/2', 'GET', '[]', 2, '', '', '2018-04-19 07:56:26', '2018-04-19 07:56:26'),
(226, '/api/departments', 'GET', '[]', 2, '', '', '2018-04-19 07:57:43', '2018-04-19 07:57:43'),
(227, '/api/divisions', 'GET', '[]', 2, '', '', '2018-04-19 07:57:43', '2018-04-19 07:57:43'),
(228, '/api/branches', 'GET', '[]', 2, '', '', '2018-04-19 07:57:43', '2018-04-19 07:57:43'),
(229, '/api/divisions', 'GET', '[]', 2, '', '', '2018-04-19 07:58:08', '2018-04-19 07:58:08'),
(230, '/api/departments', 'GET', '[]', 2, '', '', '2018-04-19 07:58:08', '2018-04-19 07:58:08'),
(231, '/api/branches', 'GET', '[]', 2, '', '', '2018-04-19 07:58:08', '2018-04-19 07:58:08'),
(232, '/api/get-list-sub-kpi-user-evaluate?user_id=2', 'GET', '{"user_id":"2"}', 2, '', '', '2018-04-19 07:58:27', '2018-04-19 07:58:27'),
(233, '/api/positions', 'GET', '[]', 12, '', '', '2018-04-19 07:59:30', '2018-04-19 07:59:30'),
(234, '/api/users', 'GET', '[]', 12, '', '', '2018-04-19 07:59:30', '2018-04-19 07:59:30'),
(235, '/api/divisions', 'GET', '[]', 12, '', '', '2018-04-19 07:59:30', '2018-04-19 07:59:30'),
(236, '/api/branches', 'GET', '[]', 12, '', '', '2018-04-19 07:59:30', '2018-04-19 07:59:30'),
(237, '/api/departments', 'GET', '[]', 12, '', '', '2018-04-19 07:59:30', '2018-04-19 07:59:30'),
(238, '/api/get-list-sub-kpi-user-evaluate?user_id=2', 'GET', '{"user_id":"2"}', 2, '', '', '2018-04-19 08:00:19', '2018-04-19 08:00:19'),
(239, '/api/departments', 'GET', '[]', 2, '', '', '2018-04-19 08:00:19', '2018-04-19 08:00:19'),
(240, '/api/branches', 'GET', '[]', 2, '', '', '2018-04-19 08:00:19', '2018-04-19 08:00:19'),
(241, '/api/kpiactionplans?sub_kpi_id=92&&', 'GET', '{"sub_kpi_id":"92"}', 2, '', '', '2018-04-19 08:00:25', '2018-04-19 08:00:25'),
(242, '/api/divisions', 'GET', '[]', 2, '', '', '2018-04-19 08:00:25', '2018-04-19 08:00:25'),
(243, '/api/kpiactionplans?sub_kpi_id=100&&', 'GET', '{"sub_kpi_id":"100"}', 2, '', '', '2018-04-19 08:00:25', '2018-04-19 08:00:25'),
(244, '/api/kpiactionplans?sub_kpi_id=94&&', 'GET', '{"sub_kpi_id":"94"}', 2, '', '', '2018-04-19 08:00:25', '2018-04-19 08:00:25'),
(245, '/api/kpiactionplans?sub_kpi_id=98&&', 'GET', '{"sub_kpi_id":"98"}', 2, '', '', '2018-04-19 08:00:25', '2018-04-19 08:00:25'),
(246, '/api/kpiactionplans?sub_kpi_id=103&&', 'GET', '{"sub_kpi_id":"103"}', 2, '', '', '2018-04-19 08:00:25', '2018-04-19 08:00:25'),
(247, '/api/kpiactionplans?sub_kpi_id=124&&', 'GET', '{"sub_kpi_id":"124"}', 2, '', '', '2018-04-19 08:00:25', '2018-04-19 08:00:25'),
(248, '/api/kpiactionplans?sub_kpi_id=128&&', 'GET', '{"sub_kpi_id":"128"}', 2, '', '', '2018-04-19 08:00:25', '2018-04-19 08:00:25'),
(249, '/api/kpiactionplans?sub_kpi_id=129&&', 'GET', '{"sub_kpi_id":"129"}', 2, '', '', '2018-04-19 08:00:25', '2018-04-19 08:00:25'),
(250, '/api/kpiactionplans?sub_kpi_id=126&&', 'GET', '{"sub_kpi_id":"126"}', 2, '', '', '2018-04-19 08:00:25', '2018-04-19 08:00:25'),
(251, '/api/kpiactionplans?sub_kpi_id=136&&', 'GET', '{"sub_kpi_id":"136"}', 2, '', '', '2018-04-19 08:00:25', '2018-04-19 08:00:25'),
(252, '/api/kpiactionplans?sub_kpi_id=135&&', 'GET', '{"sub_kpi_id":"135"}', 2, '', '', '2018-04-19 08:00:26', '2018-04-19 08:00:26'),
(253, '/api/kpiactionplans?sub_kpi_id=137&&', 'GET', '{"sub_kpi_id":"137"}', 2, '', '', '2018-04-19 08:00:26', '2018-04-19 08:00:26'),
(254, '/api/kpiactionplans?sub_kpi_id=99&&', 'GET', '{"sub_kpi_id":"99"}', 2, '', '', '2018-04-19 08:00:26', '2018-04-19 08:00:26'),
(255, '/api/kpiactionplans?sub_kpi_id=139&&', 'GET', '{"sub_kpi_id":"139"}', 2, '', '', '2018-04-19 08:00:26', '2018-04-19 08:00:26'),
(256, '/api/kpiactionplans?sub_kpi_id=140&&', 'GET', '{"sub_kpi_id":"140"}', 2, '', '', '2018-04-19 08:00:26', '2018-04-19 08:00:26'),
(257, '/api/kpiactionplans?sub_kpi_id=141&&', 'GET', '{"sub_kpi_id":"141"}', 2, '', '', '2018-04-19 08:00:27', '2018-04-19 08:00:27'),
(258, '/api/kpiactionplans?sub_kpi_id=146&&', 'GET', '{"sub_kpi_id":"146"}', 2, '', '', '2018-04-19 08:00:27', '2018-04-19 08:00:27'),
(259, '/api/kpiactionplans?sub_kpi_id=147&&', 'GET', '{"sub_kpi_id":"147"}', 2, '', '', '2018-04-19 08:00:27', '2018-04-19 08:00:27'),
(260, '/api/kpiactionplans?sub_kpi_id=148&&', 'GET', '{"sub_kpi_id":"148"}', 2, '', '', '2018-04-19 08:00:27', '2018-04-19 08:00:27'),
(261, '/api/kpiactionplans?sub_kpi_id=149&&', 'GET', '{"sub_kpi_id":"149"}', 2, '', '', '2018-04-19 08:00:27', '2018-04-19 08:00:27'),
(262, '/api/kpiactionplans?sub_kpi_id=152&&', 'GET', '{"sub_kpi_id":"152"}', 2, '', '', '2018-04-19 08:00:27', '2018-04-19 08:00:27'),
(263, '/api/kpiactionplans?sub_kpi_id=155&&', 'GET', '{"sub_kpi_id":"155"}', 2, '', '', '2018-04-19 08:00:28', '2018-04-19 08:00:28'),
(264, '/api/kpiactionplans?sub_kpi_id=150&&', 'GET', '{"sub_kpi_id":"150"}', 2, '', '', '2018-04-19 08:00:28', '2018-04-19 08:00:28'),
(265, '/api/kpiactionplans?sub_kpi_id=153&&', 'GET', '{"sub_kpi_id":"153"}', 2, '', '', '2018-04-19 08:00:28', '2018-04-19 08:00:28'),
(266, '/api/kpiactionplans?sub_kpi_id=154&&', 'GET', '{"sub_kpi_id":"154"}', 2, '', '', '2018-04-19 08:00:28', '2018-04-19 08:00:28'),
(267, '/api/kpiactionplans?sub_kpi_id=151&&', 'GET', '{"sub_kpi_id":"151"}', 2, '', '', '2018-04-19 08:00:28', '2018-04-19 08:00:28'),
(268, '/api/kpiactionplans?sub_kpi_id=157&&', 'GET', '{"sub_kpi_id":"157"}', 2, '', '', '2018-04-19 08:00:29', '2018-04-19 08:00:29'),
(269, '/api/kpiactionplans?sub_kpi_id=156&&', 'GET', '{"sub_kpi_id":"156"}', 2, '', '', '2018-04-19 08:00:29', '2018-04-19 08:00:29'),
(270, '/api/kpiactionplans?sub_kpi_id=162&&', 'GET', '{"sub_kpi_id":"162"}', 2, '', '', '2018-04-19 08:00:29', '2018-04-19 08:00:29'),
(271, '/api/kpiactionplans?sub_kpi_id=158&&', 'GET', '{"sub_kpi_id":"158"}', 2, '', '', '2018-04-19 08:00:29', '2018-04-19 08:00:29'),
(272, '/api/kpiactionplans?sub_kpi_id=159&&', 'GET', '{"sub_kpi_id":"159"}', 2, '', '', '2018-04-19 08:00:29', '2018-04-19 08:00:29'),
(273, '/api/kpiactionplans?sub_kpi_id=165&&', 'GET', '{"sub_kpi_id":"165"}', 2, '', '', '2018-04-19 08:00:30', '2018-04-19 08:00:30'),
(274, '/api/kpiactionplans?sub_kpi_id=168&&', 'GET', '{"sub_kpi_id":"168"}', 2, '', '', '2018-04-19 08:00:30', '2018-04-19 08:00:30'),
(275, '/api/kpiactionplans?sub_kpi_id=163&&', 'GET', '{"sub_kpi_id":"163"}', 2, '', '', '2018-04-19 08:00:30', '2018-04-19 08:00:30'),
(276, '/api/kpiactionplans?sub_kpi_id=164&&', 'GET', '{"sub_kpi_id":"164"}', 2, '', '', '2018-04-19 08:00:30', '2018-04-19 08:00:30'),
(277, '/api/kpiactionplans?sub_kpi_id=167&&', 'GET', '{"sub_kpi_id":"167"}', 2, '', '', '2018-04-19 08:00:30', '2018-04-19 08:00:30'),
(278, '/api/kpiactionplans?sub_kpi_id=172&&', 'GET', '{"sub_kpi_id":"172"}', 2, '', '', '2018-04-19 08:00:31', '2018-04-19 08:00:31'),
(279, '/api/kpiactionplans?sub_kpi_id=175&&', 'GET', '{"sub_kpi_id":"175"}', 2, '', '', '2018-04-19 08:00:31', '2018-04-19 08:00:31'),
(280, '/api/kpiactionplans?sub_kpi_id=171&&', 'GET', '{"sub_kpi_id":"171"}', 2, '', '', '2018-04-19 08:00:31', '2018-04-19 08:00:31'),
(281, '/api/kpiactionplans?sub_kpi_id=174&&', 'GET', '{"sub_kpi_id":"174"}', 2, '', '', '2018-04-19 08:00:31', '2018-04-19 08:00:31'),
(282, '/api/kpiactionplans?sub_kpi_id=173&&', 'GET', '{"sub_kpi_id":"173"}', 2, '', '', '2018-04-19 08:00:31', '2018-04-19 08:00:31'),
(283, '/api/kpiactionplans?sub_kpi_id=178&&', 'GET', '{"sub_kpi_id":"178"}', 2, '', '', '2018-04-19 08:00:32', '2018-04-19 08:00:32'),
(284, '/api/kpiactionplans?sub_kpi_id=176&&', 'GET', '{"sub_kpi_id":"176"}', 2, '', '', '2018-04-19 08:00:32', '2018-04-19 08:00:32'),
(285, '/api/kpiactionplans?sub_kpi_id=190&&', 'GET', '{"sub_kpi_id":"190"}', 2, '', '', '2018-04-19 08:00:32', '2018-04-19 08:00:32'),
(286, '/api/kpiactionplans?sub_kpi_id=188&&', 'GET', '{"sub_kpi_id":"188"}', 2, '', '', '2018-04-19 08:00:32', '2018-04-19 08:00:32'),
(287, '/api/kpiactionplans?sub_kpi_id=189&&', 'GET', '{"sub_kpi_id":"189"}', 2, '', '', '2018-04-19 08:00:32', '2018-04-19 08:00:32'),
(288, '/api/kpiactionplans?sub_kpi_id=194&&', 'GET', '{"sub_kpi_id":"194"}', 2, '', '', '2018-04-19 08:00:33', '2018-04-19 08:00:33'),
(289, '/api/kpiactionplans?sub_kpi_id=196&&', 'GET', '{"sub_kpi_id":"196"}', 2, '', '', '2018-04-19 08:00:33', '2018-04-19 08:00:33'),
(290, '/api/kpiactionplans?sub_kpi_id=191&&', 'GET', '{"sub_kpi_id":"191"}', 2, '', '', '2018-04-19 08:00:33', '2018-04-19 08:00:33'),
(291, '/api/kpiactionplans?sub_kpi_id=192&&', 'GET', '{"sub_kpi_id":"192"}', 2, '', '', '2018-04-19 08:00:33', '2018-04-19 08:00:33'),
(292, '/api/kpiactionplans?sub_kpi_id=160&&', 'GET', '{"sub_kpi_id":"160"}', 2, '', '', '2018-04-19 08:00:34', '2018-04-19 08:00:34'),
(293, '/api/kpiactionplans?sub_kpi_id=161&&', 'GET', '{"sub_kpi_id":"161"}', 2, '', '', '2018-04-19 08:00:34', '2018-04-19 08:00:34'),
(294, '/api/kpiactionplans?sub_kpi_id=169&&', 'GET', '{"sub_kpi_id":"169"}', 2, '', '', '2018-04-19 08:00:34', '2018-04-19 08:00:34'),
(295, '/api/kpiactionplans?sub_kpi_id=166&&', 'GET', '{"sub_kpi_id":"166"}', 2, '', '', '2018-04-19 08:00:34', '2018-04-19 08:00:34'),
(296, '/api/kpiactionplans?sub_kpi_id=170&&', 'GET', '{"sub_kpi_id":"170"}', 2, '', '', '2018-04-19 08:00:34', '2018-04-19 08:00:34'),
(297, '/api/kpiactionplans?sub_kpi_id=195&&', 'GET', '{"sub_kpi_id":"195"}', 2, '', '', '2018-04-19 08:00:35', '2018-04-19 08:00:35'),
(298, '/api/positions', 'GET', '[]', 12, '', '', '2018-04-19 08:02:04', '2018-04-19 08:02:04'),
(299, '/api/branches', 'GET', '[]', 12, '', '', '2018-04-19 08:02:04', '2018-04-19 08:02:04'),
(300, '/api/departments', 'GET', '[]', 12, '', '', '2018-04-19 08:02:04', '2018-04-19 08:02:04'),
(301, '/api/users', 'GET', '[]', 12, '', '', '2018-04-19 08:02:04', '2018-04-19 08:02:04'),
(302, '/api/divisions', 'GET', '[]', 12, '', '', '2018-04-19 08:02:04', '2018-04-19 08:02:04'),
(303, '/api/get-list-sub-kpi-user-evaluate?user_id=2', 'GET', '{"user_id":"2"}', 2, '', '', '2018-04-19 08:02:04', '2018-04-19 08:02:04'),
(304, '/api/positions', 'GET', '[]', 12, '', '', '2018-04-19 08:02:57', '2018-04-19 08:02:57'),
(305, '/api/departments', 'GET', '[]', 12, '', '', '2018-04-19 08:02:57', '2018-04-19 08:02:57'),
(306, '/api/users', 'GET', '[]', 12, '', '', '2018-04-19 08:02:57', '2018-04-19 08:02:57'),
(307, '/api/branches', 'GET', '[]', 12, '', '', '2018-04-19 08:02:57', '2018-04-19 08:02:57'),
(308, '/api/divisions', 'GET', '[]', 12, '', '', '2018-04-19 08:02:57', '2018-04-19 08:02:57'),
(309, '/api/client-surveys?user_id=2&&', 'GET', '{"user_id":"2"}', 2, '', '', '2018-04-19 08:03:18', '2018-04-19 08:03:18'),
(310, '/api/client-surveys?user_id=2&&', 'GET', '{"user_id":"2"}', 2, '', '', '2018-04-19 08:04:13', '2018-04-19 08:04:13'),
(311, '/api/users/2', 'GET', '[]', 2, '', '', '2018-04-19 08:04:13', '2018-04-19 08:04:13'),
(312, '/api/users', 'GET', '[]', 12, '', '', '2018-04-19 08:04:22', '2018-04-19 08:04:22'),
(313, '/api/divisions', 'GET', '[]', 12, '', '', '2018-04-19 08:04:22', '2018-04-19 08:04:22'),
(314, '/api/departments', 'GET', '[]', 12, '', '', '2018-04-19 08:04:22', '2018-04-19 08:04:22'),
(315, '/api/positions', 'GET', '[]', 12, '', '', '2018-04-19 08:04:22', '2018-04-19 08:04:22'),
(316, '/api/branches', 'GET', '[]', 12, '', '', '2018-04-19 08:04:22', '2018-04-19 08:04:22'),
(317, '/api/users/2', 'GET', '[]', 2, '', '', '2018-04-19 08:04:53', '2018-04-19 08:04:53'),
(318, '/api/client-surveys?user_id=2&&', 'GET', '{"user_id":"2"}', 2, '', '', '2018-04-19 08:04:53', '2018-04-19 08:04:53'),
(319, '/api/get-list-sub-kpi-user-evaluate?user_id=2', 'GET', '{"user_id":"2"}', 2, '', '', '2018-04-19 08:05:22', '2018-04-19 08:05:22'),
(320, '/api/divisions', 'GET', '[]', 2, '', '', '2018-04-19 08:05:22', '2018-04-19 08:05:22'),
(321, '/api/branches', 'GET', '[]', 2, '', '', '2018-04-19 08:05:22', '2018-04-19 08:05:22'),
(322, '/api/departments', 'GET', '[]', 2, '', '', '2018-04-19 08:05:22', '2018-04-19 08:05:22'),
(323, '/api/users', 'GET', '[]', 12, '', '', '2018-04-19 08:05:24', '2018-04-19 08:05:24'),
(324, '/api/departments', 'GET', '[]', 12, '', '', '2018-04-19 08:05:24', '2018-04-19 08:05:24'),
(325, '/api/branches', 'GET', '[]', 12, '', '', '2018-04-19 08:05:24', '2018-04-19 08:05:24'),
(326, '/api/positions', 'GET', '[]', 12, '', '', '2018-04-19 08:05:24', '2018-04-19 08:05:24'),
(327, '/api/divisions', 'GET', '[]', 12, '', '', '2018-04-19 08:05:24', '2018-04-19 08:05:24'),
(328, '/api/branches', 'GET', '[]', 2, '', '', '2018-04-19 08:05:37', '2018-04-19 08:05:37'),
(329, '/api/divisions', 'GET', '[]', 2, '', '', '2018-04-19 08:05:37', '2018-04-19 08:05:37'),
(330, '/api/departments', 'GET', '[]', 2, '', '', '2018-04-19 08:05:37', '2018-04-19 08:05:37'),
(331, '/api/get-list-sub-kpi-user-evaluate?user_id=2', 'GET', '{"user_id":"2"}', 2, '', '', '2018-04-19 08:05:57', '2018-04-19 08:05:57'),
(332, '/api/client-surveys?user_id=2&&', 'GET', '{"user_id":"2"}', 2, '', '', '2018-04-19 08:07:20', '2018-04-19 08:07:20'),
(333, '/api/subkpis/196', 'GET', '[]', 2, '', '', '2018-04-19 08:07:57', '2018-04-19 08:07:57'),
(334, '/api/get-list-sub-kpi-user-evaluate?user_id=2', 'GET', '{"user_id":"2"}', 2, '', '', '2018-04-19 08:08:00', '2018-04-19 08:08:00'),
(335, '/api/branches', 'GET', '[]', 2, '', '', '2018-04-19 08:08:00', '2018-04-19 08:08:00'),
(336, '/api/departments', 'GET', '[]', 2, '', '', '2018-04-19 08:08:00', '2018-04-19 08:08:00'),
(337, '/api/divisions', 'GET', '[]', 2, '', '', '2018-04-19 08:08:00', '2018-04-19 08:08:00'),
(338, '/api/users', 'GET', '[]', 12, '', '', '2018-04-19 08:10:40', '2018-04-19 08:10:40'),
(339, '/api/positions', 'GET', '[]', 12, '', '', '2018-04-19 08:10:40', '2018-04-19 08:10:40'),
(340, '/api/departments', 'GET', '[]', 12, '', '', '2018-04-19 08:10:40', '2018-04-19 08:10:40'),
(341, '/api/branches', 'GET', '[]', 12, '', '', '2018-04-19 08:10:40', '2018-04-19 08:10:40'),
(342, '/api/divisions', 'GET', '[]', 12, '', '', '2018-04-19 08:10:40', '2018-04-19 08:10:40'),
(343, '/api/users', 'GET', '[]', 12, '', '', '2018-04-19 08:11:15', '2018-04-19 08:11:15'),
(344, '/api/positions', 'GET', '[]', 12, '', '', '2018-04-19 08:11:16', '2018-04-19 08:11:16'),
(345, '/api/departments', 'GET', '[]', 12, '', '', '2018-04-19 08:11:16', '2018-04-19 08:11:16'),
(346, '/api/divisions', 'GET', '[]', 12, '', '', '2018-04-19 08:11:16', '2018-04-19 08:11:16'),
(347, '/api/branches', 'GET', '[]', 12, '', '', '2018-04-19 08:11:16', '2018-04-19 08:11:16'),
(348, '/api/kpiactionplans?sub_kpi_id=196&&', 'GET', '{"sub_kpi_id":"196"}', 2, '', '', '2018-04-19 08:14:36', '2018-04-19 08:14:36'),
(349, '/api/kpiactionplans/206', 'GET', '[]', 2, '', '', '2018-04-19 08:14:44', '2018-04-19 08:14:44'),
(350, '/api/kpiactionplanscomment?action_plan_id=206&&', 'GET', '{"action_plan_id":"206"}', 2, '', '', '2018-04-19 08:14:44', '2018-04-19 08:14:44'),
(351, '/api/surveys', 'GET', '[]', 2, '', '', '2018-04-19 08:14:51', '2018-04-19 08:14:51'),
(352, '/api/users', 'GET', '[]', 12, '', '', '2018-04-19 08:14:59', '2018-04-19 08:14:59'),
(353, '/api/departments', 'GET', '[]', 12, '', '', '2018-04-19 08:14:59', '2018-04-19 08:14:59'),
(354, '/api/divisions', 'GET', '[]', 12, '', '', '2018-04-19 08:14:59', '2018-04-19 08:14:59'),
(355, '/api/positions', 'GET', '[]', 12, '', '', '2018-04-19 08:14:59', '2018-04-19 08:14:59'),
(356, '/api/branches', 'GET', '[]', 12, '', '', '2018-04-19 08:14:59', '2018-04-19 08:14:59'),
(357, '/api/positions', 'GET', '[]', 12, '', '', '2018-04-19 08:15:57', '2018-04-19 08:15:57'),
(358, '/api/users', 'GET', '[]', 12, '', '', '2018-04-19 08:15:58', '2018-04-19 08:15:58'),
(359, '/api/branches', 'GET', '[]', 12, '', '', '2018-04-19 08:15:58', '2018-04-19 08:15:58'),
(360, '/api/departments', 'GET', '[]', 12, '', '', '2018-04-19 08:15:58', '2018-04-19 08:15:58'),
(361, '/api/divisions', 'GET', '[]', 12, '', '', '2018-04-19 08:15:58', '2018-04-19 08:15:58'),
(362, '/api/positions', 'GET', '[]', 12, '', '', '2018-04-19 08:28:48', '2018-04-19 08:28:48'),
(363, '/api/users', 'GET', '[]', 12, '', '', '2018-04-19 08:28:48', '2018-04-19 08:28:48'),
(364, '/api/departments', 'GET', '[]', 12, '', '', '2018-04-19 08:28:48', '2018-04-19 08:28:48'),
(365, '/api/branches', 'GET', '[]', 12, '', '', '2018-04-19 08:28:48', '2018-04-19 08:28:48'),
(366, '/api/divisions', 'GET', '[]', 12, '', '', '2018-04-19 08:28:48', '2018-04-19 08:28:48'),
(367, '/api/users', 'GET', '[]', 12, '', '', '2018-04-19 08:29:28', '2018-04-19 08:29:28'),
(368, '/api/positions', 'GET', '[]', 12, '', '', '2018-04-19 08:29:28', '2018-04-19 08:29:28'),
(369, '/api/departments', 'GET', '[]', 12, '', '', '2018-04-19 08:29:28', '2018-04-19 08:29:28'),
(370, '/api/branches', 'GET', '[]', 12, '', '', '2018-04-19 08:29:28', '2018-04-19 08:29:28'),
(371, '/api/divisions', 'GET', '[]', 12, '', '', '2018-04-19 08:29:28', '2018-04-19 08:29:28'),
(372, '/api/users', 'GET', '[]', 12, '', '', '2018-04-19 08:29:54', '2018-04-19 08:29:54'),
(373, '/api/branches', 'GET', '[]', 12, '', '', '2018-04-19 08:29:54', '2018-04-19 08:29:54'),
(374, '/api/positions', 'GET', '[]', 12, '', '', '2018-04-19 08:29:54', '2018-04-19 08:29:54'),
(375, '/api/divisions', 'GET', '[]', 12, '', '', '2018-04-19 08:29:54', '2018-04-19 08:29:54'),
(376, '/api/departments', 'GET', '[]', 12, '', '', '2018-04-19 08:29:54', '2018-04-19 08:29:54'),
(377, '/api/campaigns', 'GET', '[]', 2, '', '', '2018-04-19 08:30:05', '2018-04-19 08:30:05'),
(378, '/api/surveys', 'GET', '[]', 2, '', '', '2018-04-19 08:30:14', '2018-04-19 08:30:14'),
(379, '/api/users', 'GET', '[]', 12, '', '', '2018-04-19 08:31:23', '2018-04-19 08:31:23'),
(380, '/api/departments', 'GET', '[]', 12, '', '', '2018-04-19 08:31:23', '2018-04-19 08:31:23'),
(381, '/api/positions', 'GET', '[]', 12, '', '', '2018-04-19 08:31:24', '2018-04-19 08:31:24'),
(382, '/api/branches', 'GET', '[]', 12, '', '', '2018-04-19 08:31:24', '2018-04-19 08:31:24'),
(383, '/api/divisions', 'GET', '[]', 12, '', '', '2018-04-19 08:31:24', '2018-04-19 08:31:24'),
(384, '/api/departments', 'GET', '[]', 12, '', '', '2018-04-19 08:32:17', '2018-04-19 08:32:17'),
(385, '/api/divisions', 'GET', '[]', 12, '', '', '2018-04-19 08:32:17', '2018-04-19 08:32:17'),
(386, '/api/users', 'GET', '[]', 12, '', '', '2018-04-19 08:32:17', '2018-04-19 08:32:17'),
(387, '/api/positions', 'GET', '[]', 12, '', '', '2018-04-19 08:32:17', '2018-04-19 08:32:17'),
(388, '/api/branches', 'GET', '[]', 12, '', '', '2018-04-19 08:32:17', '2018-04-19 08:32:17'),
(389, '/api/divisions', 'GET', '[]', 12, '', '', '2018-04-19 08:33:00', '2018-04-19 08:33:00'),
(390, '/api/positions', 'GET', '[]', 12, '', '', '2018-04-19 08:33:00', '2018-04-19 08:33:00'),
(391, '/api/users', 'GET', '[]', 12, '', '', '2018-04-19 08:33:00', '2018-04-19 08:33:00'),
(392, '/api/departments', 'GET', '[]', 12, '', '', '2018-04-19 08:33:00', '2018-04-19 08:33:00'),
(393, '/api/branches', 'GET', '[]', 12, '', '', '2018-04-19 08:33:00', '2018-04-19 08:33:00'),
(394, '/api/positions', 'GET', '[]', 12, '', '', '2018-04-19 08:35:09', '2018-04-19 08:35:09'),
(395, '/api/departments', 'GET', '[]', 12, '', '', '2018-04-19 08:35:09', '2018-04-19 08:35:09'),
(396, '/api/branches', 'GET', '[]', 12, '', '', '2018-04-19 08:35:09', '2018-04-19 08:35:09'),
(397, '/api/users', 'GET', '[]', 12, '', '', '2018-04-19 08:35:09', '2018-04-19 08:35:09'),
(398, '/api/divisions', 'GET', '[]', 12, '', '', '2018-04-19 08:35:09', '2018-04-19 08:35:09'),
(399, '/api/users', 'GET', '[]', 12, '', '', '2018-04-19 08:36:27', '2018-04-19 08:36:27'),
(400, '/api/departments', 'GET', '[]', 12, '', '', '2018-04-19 08:36:27', '2018-04-19 08:36:27'),
(401, '/api/positions', 'GET', '[]', 12, '', '', '2018-04-19 08:36:27', '2018-04-19 08:36:27'),
(402, '/api/divisions', 'GET', '[]', 12, '', '', '2018-04-19 08:36:27', '2018-04-19 08:36:27'),
(403, '/api/branches', 'GET', '[]', 12, '', '', '2018-04-19 08:36:27', '2018-04-19 08:36:27'),
(404, '/api/positions', 'GET', '[]', 12, '', '', '2018-04-19 08:37:25', '2018-04-19 08:37:25'),
(405, '/api/divisions', 'GET', '[]', 12, '', '', '2018-04-19 08:37:25', '2018-04-19 08:37:25'),
(406, '/api/users', 'GET', '[]', 12, '', '', '2018-04-19 08:37:25', '2018-04-19 08:37:25'),
(407, '/api/departments', 'GET', '[]', 12, '', '', '2018-04-19 08:37:25', '2018-04-19 08:37:25'),
(408, '/api/branches', 'GET', '[]', 12, '', '', '2018-04-19 08:37:25', '2018-04-19 08:37:25'),
(409, '/api/users', 'GET', '[]', 12, '', '', '2018-04-19 08:38:28', '2018-04-19 08:38:28'),
(410, '/api/positions', 'GET', '[]', 12, '', '', '2018-04-19 08:38:28', '2018-04-19 08:38:28'),
(411, '/api/branches', 'GET', '[]', 12, '', '', '2018-04-19 08:38:28', '2018-04-19 08:38:28'),
(412, '/api/divisions', 'GET', '[]', 12, '', '', '2018-04-19 08:38:28', '2018-04-19 08:38:28'),
(413, '/api/departments', 'GET', '[]', 12, '', '', '2018-04-19 08:38:28', '2018-04-19 08:38:28'),
(414, '/api/users', 'GET', '[]', 12, '', '', '2018-04-19 08:39:10', '2018-04-19 08:39:10'),
(415, '/api/divisions', 'GET', '[]', 12, '', '', '2018-04-19 08:39:10', '2018-04-19 08:39:10'),
(416, '/api/branches', 'GET', '[]', 12, '', '', '2018-04-19 08:39:10', '2018-04-19 08:39:10'),
(417, '/api/departments', 'GET', '[]', 12, '', '', '2018-04-19 08:39:10', '2018-04-19 08:39:10'),
(418, '/api/positions', 'GET', '[]', 12, '', '', '2018-04-19 08:39:10', '2018-04-19 08:39:10'),
(419, '/api/campaigns', 'GET', '[]', 2, '', '', '2018-04-19 08:42:11', '2018-04-19 08:42:11'),
(420, '/api/users', 'GET', '[]', 12, '', '', '2018-04-19 08:42:56', '2018-04-19 08:42:56'),
(421, '/api/positions', 'GET', '[]', 12, '', '', '2018-04-19 08:42:56', '2018-04-19 08:42:56'),
(422, '/api/branches', 'GET', '[]', 12, '', '', '2018-04-19 08:42:56', '2018-04-19 08:42:56'),
(423, '/api/departments', 'GET', '[]', 12, '', '', '2018-04-19 08:42:56', '2018-04-19 08:42:56'),
(424, '/api/divisions', 'GET', '[]', 12, '', '', '2018-04-19 08:42:56', '2018-04-19 08:42:56'),
(425, '/api/campaigns/38', 'GET', '[]', 2, '', '', '2018-04-19 08:43:19', '2018-04-19 08:43:19'),
(426, '/api/campaigns/38', 'PUT', '{"id":"38","title":"Campaign QC","target":"N\\/A","date_end":"2018-05-31","date_start":"2018-03-27"}', 2, '', '', '2018-04-19 08:43:31', '2018-04-19 08:43:31'),
(427, '/api/campaigns', 'GET', '[]', 2, '', '', '2018-04-19 08:43:33', '2018-04-19 08:43:33'),
(428, '/api/surveys', 'GET', '[]', 2, '', '', '2018-04-19 08:43:47', '2018-04-19 08:43:47'),
(429, '/api/campaigns', 'GET', '[]', 2, '', '', '2018-04-19 08:44:10', '2018-04-19 08:44:10'),
(430, '/api/surveys', 'GET', '[]', 2, '', '', '2018-04-19 08:44:15', '2018-04-19 08:44:15'),
(431, '/api/end-status-survey', 'POST', '{"id":"82"}', 2, '', '', '2018-04-19 08:44:26', '2018-04-19 08:44:26'),
(432, '/api/users', 'GET', '[]', 12, '', '', '2018-04-19 08:45:10', '2018-04-19 08:45:10'),
(433, '/api/departments', 'GET', '[]', 12, '', '', '2018-04-19 08:45:11', '2018-04-19 08:45:11'),
(434, '/api/positions', 'GET', '[]', 12, '', '', '2018-04-19 08:45:11', '2018-04-19 08:45:11'),
(435, '/api/divisions', 'GET', '[]', 12, '', '', '2018-04-19 08:45:11', '2018-04-19 08:45:11'),
(436, '/api/branches', 'GET', '[]', 12, '', '', '2018-04-19 08:45:11', '2018-04-19 08:45:11'),
(437, '/api/branches', 'GET', '[]', 12, '', '', '2018-04-19 08:45:53', '2018-04-19 08:45:53'),
(438, '/api/positions', 'GET', '[]', 12, '', '', '2018-04-19 08:45:53', '2018-04-19 08:45:53'),
(439, '/api/divisions', 'GET', '[]', 12, '', '', '2018-04-19 08:45:53', '2018-04-19 08:45:53'),
(440, '/api/users', 'GET', '[]', 12, '', '', '2018-04-19 08:45:53', '2018-04-19 08:45:53'),
(441, '/api/departments', 'GET', '[]', 12, '', '', '2018-04-19 08:45:53', '2018-04-19 08:45:53'),
(442, '/api/surveys', 'GET', '[]', 2, '', '', '2018-04-19 08:46:20', '2018-04-19 08:46:20'),
(443, '/api/users', 'GET', '[]', 2, '', '', '2018-04-19 08:47:40', '2018-04-19 08:47:40'),
(444, '/api/divisions', 'GET', '[]', 2, '', '', '2018-04-19 08:47:40', '2018-04-19 08:47:40'),
(445, '/api/branches', 'GET', '[]', 2, '', '', '2018-04-19 08:47:40', '2018-04-19 08:47:40'),
(446, '/api/campaigns', 'GET', '[]', 2, '', '', '2018-04-19 08:47:40', '2018-04-19 08:47:40'),
(447, '/api/positions', 'GET', '[]', 2, '', '', '2018-04-19 08:47:40', '2018-04-19 08:47:40'),
(448, '/api/departments', 'GET', '[]', 2, '', '', '2018-04-19 08:47:40', '2018-04-19 08:47:40'),
(449, '/api/branches', 'GET', '[]', 12, '', '', '2018-04-19 08:49:33', '2018-04-19 08:49:33'),
(450, '/api/departments', 'GET', '[]', 12, '', '', '2018-04-19 08:49:33', '2018-04-19 08:49:33'),
(451, '/api/divisions', 'GET', '[]', 12, '', '', '2018-04-19 08:49:33', '2018-04-19 08:49:33'),
(452, '/api/positions', 'GET', '[]', 12, '', '', '2018-04-19 08:49:33', '2018-04-19 08:49:33'),
(453, '/api/users', 'GET', '[]', 12, '', '', '2018-04-19 08:49:33', '2018-04-19 08:49:33'),
(454, '/api/divisions', 'GET', '[]', 2, '', '', '2018-04-19 08:49:44', '2018-04-19 08:49:44'),
(455, '/api/branches', 'GET', '[]', 2, '', '', '2018-04-19 08:49:44', '2018-04-19 08:49:44'),
(456, '/api/subkpis?main=1&&', 'GET', '{"main":"1"}', 2, '', '', '2018-04-19 08:49:44', '2018-04-19 08:49:44'),
(457, '/api/departments', 'GET', '[]', 2, '', '', '2018-04-19 08:49:44', '2018-04-19 08:49:44'),
(458, '/api/departments', 'GET', '[]', 2, '', '', '2018-04-19 08:49:53', '2018-04-19 08:49:53'),
(459, '/api/branches', 'GET', '[]', 2, '', '', '2018-04-19 08:49:53', '2018-04-19 08:49:53'),
(460, '/api/users', 'GET', '[]', 2, '', '', '2018-04-19 08:49:53', '2018-04-19 08:49:53'),
(461, '/api/divisions', 'GET', '[]', 2, '', '', '2018-04-19 08:49:53', '2018-04-19 08:49:53'),
(462, '/api/users', 'GET', '[]', 2, '', '', '2018-04-19 08:49:53', '2018-04-19 08:49:53'),
(463, '/api/subkpis/194', 'GET', '[]', 2, '', '', '2018-04-19 08:49:53', '2018-04-19 08:49:53'),
(464, '/api/subkpis?kpi_id=124&&', 'GET', '{"kpi_id":"124"}', 2, '', '', '2018-04-19 08:49:54', '2018-04-19 08:49:54'),
(465, '/api/subkpis?responsibility_id=2&&', 'GET', '{"responsibility_id":"2"}', 2, '', '', '2018-04-19 08:50:27', '2018-04-19 08:50:27'),
(466, '/api/users', 'GET', '[]', 12, '', '', '2018-04-19 08:51:19', '2018-04-19 08:51:19'),
(467, '/api/positions', 'GET', '[]', 12, '', '', '2018-04-19 08:51:19', '2018-04-19 08:51:19'),
(468, '/api/departments', 'GET', '[]', 12, '', '', '2018-04-19 08:51:19', '2018-04-19 08:51:19'),
(469, '/api/branches', 'GET', '[]', 12, '', '', '2018-04-19 08:51:19', '2018-04-19 08:51:19'),
(470, '/api/divisions', 'GET', '[]', 12, '', '', '2018-04-19 08:51:19', '2018-04-19 08:51:19'),
(471, '/api/departments', 'GET', '[]', 12, '', '', '2018-04-19 08:51:39', '2018-04-19 08:51:39');
INSERT INTO `api_active_log` (`id`, `url`, `method`, `data_fetch`, `user_id`, `messenger`, `code`, `created_at`, `updated_at`) VALUES
(472, '/api/positions', 'GET', '[]', 12, '', '', '2018-04-19 08:51:39', '2018-04-19 08:51:39'),
(473, '/api/users', 'GET', '[]', 12, '', '', '2018-04-19 08:51:39', '2018-04-19 08:51:39'),
(474, '/api/branches', 'GET', '[]', 12, '', '', '2018-04-19 08:51:39', '2018-04-19 08:51:39'),
(475, '/api/divisions', 'GET', '[]', 12, '', '', '2018-04-19 08:51:39', '2018-04-19 08:51:39'),
(476, '/api/branches', 'GET', '[]', 2, '', '', '2018-04-19 08:51:28', '2018-04-19 08:51:28'),
(477, '/api/get-list-sub-kpi-user-evaluate?user_id=2', 'GET', '{"user_id":"2"}', 2, '', '', '2018-04-19 08:51:28', '2018-04-19 08:51:28'),
(478, '/api/departments', 'GET', '[]', 2, '', '', '2018-04-19 08:51:28', '2018-04-19 08:51:28'),
(479, '/api/divisions', 'GET', '[]', 2, '', '', '2018-04-19 08:51:28', '2018-04-19 08:51:28'),
(480, '/api/campaigns/48', 'GET', '[]', 2, '', '', '2018-04-19 08:51:48', '2018-04-19 08:51:48'),
(481, '/api/campaigns/38', 'GET', '[]', 2, '', '', '2018-04-19 08:51:58', '2018-04-19 08:51:58'),
(482, '/api/surveys', 'POST', '{"start_date":"2018-04-20","end_date":"2018-04-27","deadline":"2018-04-19","start_datecampaign":"2018-04-19","end_datecampaign":"2018-04-19","creator_id":"2","campaign_id":"38","date_end":"2018-05-31","date_start":"2018-03-27","department_id":"1","remind_date":"2018-04-20","list_creators":["2"],"list_approvers":["2"],"campaignid":"38","campaignname":"Campaign QC","content":[{"title":"Survey 123","id_language":"1"},{"title":"Survey 123","id_language":"2"}]}', 2, '', '', '2018-04-19 08:52:01', '2018-04-19 08:52:01'),
(483, '/api/surveys', 'GET', '[]', 2, '', '', '2018-04-19 08:52:05', '2018-04-19 08:52:05'),
(484, '/api/positions', 'GET', '[]', 12, '', '', '2018-04-19 08:52:43', '2018-04-19 08:52:43'),
(485, '/api/users', 'GET', '[]', 12, '', '', '2018-04-19 08:52:43', '2018-04-19 08:52:43'),
(486, '/api/divisions', 'GET', '[]', 12, '', '', '2018-04-19 08:52:43', '2018-04-19 08:52:43'),
(487, '/api/departments', 'GET', '[]', 12, '', '', '2018-04-19 08:52:43', '2018-04-19 08:52:43'),
(488, '/api/branches', 'GET', '[]', 12, '', '', '2018-04-19 08:52:43', '2018-04-19 08:52:43'),
(489, '/api/positions', 'GET', '[]', 12, '', '', '2018-04-19 08:53:13', '2018-04-19 08:53:13'),
(490, '/api/users', 'GET', '[]', 12, '', '', '2018-04-19 08:53:13', '2018-04-19 08:53:13'),
(491, '/api/branches', 'GET', '[]', 12, '', '', '2018-04-19 08:53:13', '2018-04-19 08:53:13'),
(492, '/api/divisions', 'GET', '[]', 12, '', '', '2018-04-19 08:53:13', '2018-04-19 08:53:13'),
(493, '/api/departments', 'GET', '[]', 12, '', '', '2018-04-19 08:53:13', '2018-04-19 08:53:13'),
(494, '/api/surveys/83', 'GET', '[]', 2, '', '', '2018-04-19 08:53:02', '2018-04-19 08:53:02'),
(495, '/api/receivers', 'GET', '[]', 2, '', '', '2018-04-19 08:53:02', '2018-04-19 08:53:02'),
(496, '/api/positions', 'GET', '[]', 12, '', '', '2018-04-19 08:54:38', '2018-04-19 08:54:38'),
(497, '/api/users', 'GET', '[]', 12, '', '', '2018-04-19 08:54:38', '2018-04-19 08:54:38'),
(498, '/api/departments', 'GET', '[]', 12, '', '', '2018-04-19 08:54:38', '2018-04-19 08:54:38'),
(499, '/api/divisions', 'GET', '[]', 12, '', '', '2018-04-19 08:54:38', '2018-04-19 08:54:38'),
(500, '/api/branches', 'GET', '[]', 12, '', '', '2018-04-19 08:54:38', '2018-04-19 08:54:38'),
(501, '/api/surveys/83', 'PUT', '{"id":"83","start_date":"2018-04-20","end_date":"2018-04-27","deadline":"2018-04-19","remind_date":"2018-04-20","content":[{"id":"114","title":"Survey 123","id_survey":"83","id_language":"2","footer_text":"What is Cron Job ?","thanks_message":"What is Cron Job ?","intro":"How to test Cron Job(Cron job testing)"},{"id":"113","title":"Survey 123","id_survey":"83","id_language":"1","footer_text":"What is Cron Job ?","thanks_message":"What is Cron Job ?","intro":"How to test Cron Job(Cron job testing)"}],"campaign_id":"38","creator_id":"2","creator":{"id":"2","name":"admin","email":"admin@gmail.com","role_id":"1","status":"1","password":"$2y$10$LHZME0HjPoDvYPHLborhquNHxZ92DwlgiQOB5oNmRmqfhyzt23ewu","employee":{"id":"21","dept_code":"ADMIN","current_code":"ADMIN","full_name":"Admin","branch":{"id":"1","name":"Ngh\\u1ec7 An (Vinh)","code":"A","short_name":"NAN"},"departments":[{"id":"25","name":"Humman Resources","code":"9H"}],"gender":"1","join_date":"2018-03-28","birthday":"1994-04-16","id_card":"25652326"},"change_password":"0"},"department_id":"1","department_name":"Route Sales","list_items_approvers":[{"id":"2","name":"admin","email":"admin@gmail.com","employee":{"id":"21","dept_code":"ADMIN","current_code":"ADMIN","full_name":"Admin","branch":{"id":"1","name":"Ngh\\u1ec7 An (Vinh)","code":"A","short_name":"NAN"},"departments":[{"id":"25","name":"Humman Resources","code":"9H"}],"gender":"1","join_date":"2018-03-28","birthday":"1994-04-16","id_card":"25652326"}}],"list_items_creators":[{"id":"2","name":"admin","email":"admin@gmail.com","employee":{"id":"21","dept_code":"ADMIN","current_code":"ADMIN","full_name":"Admin","branch":{"id":"1","name":"Ngh\\u1ec7 An (Vinh)","code":"A","short_name":"NAN"},"departments":[{"id":"25","name":"Humman Resources","code":"9H"}],"gender":"1","join_date":"2018-03-28","birthday":"1994-04-16","id_card":"25652326"}}],"receiver_list_id":"37","status":"1","publish_status":"2"}', 2, '', '', '2018-04-19 08:54:30', '2018-04-19 08:54:30'),
(502, '/api/questions', 'POST', '{"id_survey":"83","questions":[{"type":"1","typeAnswer":"1","order":"1","required":"1","content":[{"question":"How to test Cron Job(Cron job testing)","id_language":"1","description":"How to test Cron Job(Cron job testing)"},{"question":"How to test Cron Job(Cron job testing)","id_language":"2","description":"How to test Cron Job(Cron job testing)"}],"answers":[{"answer":[{"text":"1","id_language":"1"},{"text":"1","id_language":"2"}],"required_note":"1"},{"answer":[{"text":"2","id_language":"1"},{"text":"2","id_language":"2"}],"required_note":"0"},{"answer":[{"text":"3","id_language":"1"},{"text":"3","id_language":"2"}],"required_note":"0"},{"answer":[{"text":"4","id_language":"1"},{"text":"4","id_language":"2"}],"required_note":"0"},{"answer":[{"text":"5","id_language":"1"},{"text":"5","id_language":"2"}],"required_note":"0"}],"id":"0","name":"Question 1"},{"type":"1","typeAnswer":"0","order":"1","required":"1","content":[{"question":"How to test Cron Job(Cron job testing)","id_language":"1","description":"How to test Cron Job(Cron job testing)"},{"question":"How to test Cron Job(Cron job testing)","id_language":"2","description":"How to test Cron Job(Cron job testing)"}],"answers":[{"answer":[{"text":"Yes","id_language":"1"},{"text":"Yes","id_language":"2"}],"required_note":"0"},{"answer":[{"text":"No","id_language":"1"},{"text":"No","id_language":"2"}],"required_note":"0"}],"id":"0","name":"Question 2"}]}', 2, '', '', '2018-04-19 08:54:31', '2018-04-19 08:54:31'),
(503, '/api/departments', 'GET', '[]', 12, '', '', '2018-04-19 08:55:09', '2018-04-19 08:55:09'),
(504, '/api/positions', 'GET', '[]', 12, '', '', '2018-04-19 08:55:09', '2018-04-19 08:55:09'),
(505, '/api/users', 'GET', '[]', 12, '', '', '2018-04-19 08:55:09', '2018-04-19 08:55:09'),
(506, '/api/branches', 'GET', '[]', 12, '', '', '2018-04-19 08:55:09', '2018-04-19 08:55:09'),
(507, '/api/divisions', 'GET', '[]', 12, '', '', '2018-04-19 08:55:09', '2018-04-19 08:55:09'),
(508, '/api/surveys', 'GET', '[]', 2, '', '', '2018-04-19 08:55:34', '2018-04-19 08:55:34'),
(509, '/api/surveys', 'GET', '[]', 2, '', '', '2018-04-19 08:55:12', '2018-04-19 08:55:12'),
(510, '/api/subkpis?responsibility_id=2&&', 'GET', '{"responsibility_id":"2"}', 2, '', '', '2018-04-19 08:59:45', '2018-04-19 08:59:45'),
(511, '/api/users', 'GET', '[]', 12, '', '', '2018-04-19 09:00:42', '2018-04-19 09:00:42'),
(512, '/api/positions', 'GET', '[]', 12, '', '', '2018-04-19 09:00:42', '2018-04-19 09:00:42'),
(513, '/api/departments', 'GET', '[]', 12, '', '', '2018-04-19 09:00:42', '2018-04-19 09:00:42'),
(514, '/api/divisions', 'GET', '[]', 12, '', '', '2018-04-19 09:00:42', '2018-04-19 09:00:42'),
(515, '/api/branches', 'GET', '[]', 12, '', '', '2018-04-19 09:00:42', '2018-04-19 09:00:42'),
(516, '/api/users/2', 'GET', '[]', 2, '', '', '2018-04-19 09:08:53', '2018-04-19 09:08:53'),
(517, '/api/client-surveys?user_id=2&&', 'GET', '{"user_id":"2"}', 2, '', '', '2018-04-19 09:08:53', '2018-04-19 09:08:53'),
(518, '/api/subkpis?responsibility_id=2&&', 'GET', '{"responsibility_id":"2"}', 2, '', '', '2018-04-19 09:08:56', '2018-04-19 09:08:56'),
(519, '/api/divisions', 'GET', '[]', 2, '', '', '2018-04-19 09:09:17', '2018-04-19 09:09:17'),
(520, '/api/branches', 'GET', '[]', 2, '', '', '2018-04-19 09:09:17', '2018-04-19 09:09:17'),
(521, '/api/users', 'GET', '[]', 2, '', '', '2018-04-19 09:09:17', '2018-04-19 09:09:17'),
(522, '/api/campaigns', 'GET', '[]', 2, '', '', '2018-04-19 09:09:17', '2018-04-19 09:09:17'),
(523, '/api/departments', 'GET', '[]', 2, '', '', '2018-04-19 09:09:17', '2018-04-19 09:09:17'),
(524, '/api/positions', 'GET', '[]', 2, '', '', '2018-04-19 09:09:17', '2018-04-19 09:09:17'),
(525, '/api/get-list-sub-kpi-user-evaluate?user_id=2', 'GET', '{"user_id":"2"}', 2, '', '', '2018-04-19 09:09:58', '2018-04-19 09:09:58'),
(526, '/api/campaigns/38', 'GET', '[]', 2, '', '', '2018-04-19 09:10:19', '2018-04-19 09:10:19'),
(527, '/api/surveys', 'POST', '{"start_date":"2018-04-15","end_date":"2018-04-19","deadline":"2018-04-12","start_datecampaign":"2018-04-19","end_datecampaign":"2018-04-19","creator_id":"2","campaign_id":"38","date_end":"2018-05-31","date_start":"2018-03-27","department_id":"1","remind_date":"2018-04-19","list_creators":["2"],"list_approvers":["2"],"campaignid":"38","campaignname":"Campaign QC","content":[{"title":"Survey 121","id_language":"1"},{"title":"Survey 121","id_language":"2"}]}', 2, '', '', '2018-04-19 09:10:31', '2018-04-19 09:10:31'),
(528, '/api/surveys', 'POST', '{"start_date":"2018-04-15","end_date":"2018-04-19","deadline":"2018-04-12","start_datecampaign":"2018-04-19","end_datecampaign":"2018-04-19","creator_id":"2","campaign_id":"38","date_end":"2018-05-31","date_start":"2018-03-27","department_id":"1","remind_date":"2018-04-19","list_creators":["2"],"list_approvers":["2"],"campaignid":"38","campaignname":"Campaign QC","content":[{"title":"Survey 121","id_language":"1"},{"title":"Survey 121","id_language":"2"}]}', 2, '', '', '2018-04-19 09:10:31', '2018-04-19 09:10:31'),
(529, '/api/surveys', 'GET', '[]', 2, '', '', '2018-04-19 09:10:34', '2018-04-19 09:10:34'),
(530, '/api/surveys', 'GET', '[]', 2, '', '', '2018-04-19 09:10:47', '2018-04-19 09:10:47'),
(531, '/api/surveys/85', 'DELETE', '[]', 2, '', '', '2018-04-19 09:10:59', '2018-04-19 09:10:59'),
(532, '/api/surveys', 'GET', '[]', 2, '', '', '2018-04-19 09:10:59', '2018-04-19 09:10:59'),
(533, '/api/branches', 'GET', '[]', 12, '', '', '2018-04-19 09:11:36', '2018-04-19 09:11:36'),
(534, '/api/positions', 'GET', '[]', 12, '', '', '2018-04-19 09:11:36', '2018-04-19 09:11:36'),
(535, '/api/users', 'GET', '[]', 12, '', '', '2018-04-19 09:11:36', '2018-04-19 09:11:36'),
(536, '/api/divisions', 'GET', '[]', 12, '', '', '2018-04-19 09:11:36', '2018-04-19 09:11:36'),
(537, '/api/departments', 'GET', '[]', 12, '', '', '2018-04-19 09:11:36', '2018-04-19 09:11:36'),
(538, '/api/saveresultsubkpis', 'GET', '[]', 2, '', '', '2018-04-19 09:11:15', '2018-04-19 09:11:15'),
(539, '/api/users', 'GET', '[]', 12, '', '', '2018-04-19 09:14:16', '2018-04-19 09:14:16'),
(540, '/api/divisions', 'GET', '[]', 12, '', '', '2018-04-19 09:14:16', '2018-04-19 09:14:16'),
(541, '/api/departments', 'GET', '[]', 12, '', '', '2018-04-19 09:14:16', '2018-04-19 09:14:16'),
(542, '/api/branches', 'GET', '[]', 12, '', '', '2018-04-19 09:14:16', '2018-04-19 09:14:16'),
(543, '/api/positions', 'GET', '[]', 12, '', '', '2018-04-19 09:14:16', '2018-04-19 09:14:16'),
(544, '/api/positions', 'GET', '[]', 12, '', '', '2018-04-19 09:14:46', '2018-04-19 09:14:46'),
(545, '/api/divisions', 'GET', '[]', 12, '', '', '2018-04-19 09:14:46', '2018-04-19 09:14:46'),
(546, '/api/departments', 'GET', '[]', 12, '', '', '2018-04-19 09:14:46', '2018-04-19 09:14:46'),
(547, '/api/branches', 'GET', '[]', 12, '', '', '2018-04-19 09:14:46', '2018-04-19 09:14:46'),
(548, '/api/users', 'GET', '[]', 12, '', '', '2018-04-19 09:14:46', '2018-04-19 09:14:46'),
(549, '/api/divisions', 'GET', '[]', 12, '', '', '2018-04-19 09:14:58', '2018-04-19 09:14:58'),
(550, '/api/users', 'GET', '[]', 12, '', '', '2018-04-19 09:14:58', '2018-04-19 09:14:58'),
(551, '/api/branches', 'GET', '[]', 12, '', '', '2018-04-19 09:14:58', '2018-04-19 09:14:58'),
(552, '/api/departments', 'GET', '[]', 12, '', '', '2018-04-19 09:14:58', '2018-04-19 09:14:58'),
(553, '/api/positions', 'GET', '[]', 12, '', '', '2018-04-19 09:14:58', '2018-04-19 09:14:58'),
(554, '/api/users', 'GET', '[]', 12, '', '', '2018-04-19 09:15:36', '2018-04-19 09:15:36'),
(555, '/api/divisions', 'GET', '[]', 12, '', '', '2018-04-19 09:15:36', '2018-04-19 09:15:36'),
(556, '/api/branches', 'GET', '[]', 12, '', '', '2018-04-19 09:15:36', '2018-04-19 09:15:36'),
(557, '/api/positions', 'GET', '[]', 12, '', '', '2018-04-19 09:15:36', '2018-04-19 09:15:36'),
(558, '/api/departments', 'GET', '[]', 12, '', '', '2018-04-19 09:15:36', '2018-04-19 09:15:36'),
(559, '/api/subkpis?responsibility_id=2&&', 'GET', '{"responsibility_id":"2"}', 2, '', '', '2018-04-19 09:15:02', '2018-04-19 09:15:02'),
(560, '/api/departments', 'GET', '[]', 12, '', '', '2018-04-19 09:16:41', '2018-04-19 09:16:41'),
(561, '/api/positions', 'GET', '[]', 12, '', '', '2018-04-19 09:16:41', '2018-04-19 09:16:41'),
(562, '/api/divisions', 'GET', '[]', 12, '', '', '2018-04-19 09:16:41', '2018-04-19 09:16:41'),
(563, '/api/users', 'GET', '[]', 12, '', '', '2018-04-19 09:16:41', '2018-04-19 09:16:41'),
(564, '/api/branches', 'GET', '[]', 12, '', '', '2018-04-19 09:16:41', '2018-04-19 09:16:41'),
(565, '/api/users', 'GET', '[]', 12, '', '', '2018-04-19 09:17:46', '2018-04-19 09:17:46'),
(566, '/api/positions', 'GET', '[]', 12, '', '', '2018-04-19 09:17:46', '2018-04-19 09:17:46'),
(567, '/api/divisions', 'GET', '[]', 12, '', '', '2018-04-19 09:17:46', '2018-04-19 09:17:46'),
(568, '/api/departments', 'GET', '[]', 12, '', '', '2018-04-19 09:17:46', '2018-04-19 09:17:46'),
(569, '/api/branches', 'GET', '[]', 12, '', '', '2018-04-19 09:17:46', '2018-04-19 09:17:46'),
(570, '/api/surveys/83', 'GET', '[]', 2, '', '', '2018-04-19 09:17:22', '2018-04-19 09:17:22'),
(571, '/api/survey-comments?survey_id=83&&', 'GET', '{"survey_id":"83"}', 2, '', '', '2018-04-19 09:17:22', '2018-04-19 09:17:22'),
(572, '/api/receivers/37', 'GET', '[]', 2, '', '', '2018-04-19 09:17:23', '2018-04-19 09:17:23'),
(573, '/api/users/2', 'GET', '[]', 2, '', '', '2018-04-19 09:17:23', '2018-04-19 09:17:23'),
(574, '/api/question-comments?id_question=206&&', 'GET', '{"id_question":"206"}', 2, '', '', '2018-04-19 09:17:23', '2018-04-19 09:17:23'),
(575, '/api/question-comments?id_question=207&&', 'GET', '{"id_question":"207"}', 2, '', '', '2018-04-19 09:17:23', '2018-04-19 09:17:23'),
(576, '/api/change-status-survey', 'POST', '{"id":"83","status":"4","user_id":"2"}', 2, '', '', '2018-04-19 09:17:45', '2018-04-19 09:17:45'),
(577, '/api/surveys', 'GET', '[]', 2, '', '', '2018-04-19 09:17:50', '2018-04-19 09:17:50'),
(578, '/api/branches', 'GET', '[]', 12, '', '', '2018-04-19 09:19:53', '2018-04-19 09:19:53'),
(579, '/api/departments', 'GET', '[]', 12, '', '', '2018-04-19 09:19:53', '2018-04-19 09:19:53'),
(580, '/api/divisions', 'GET', '[]', 12, '', '', '2018-04-19 09:19:53', '2018-04-19 09:19:53'),
(581, '/api/positions', 'GET', '[]', 12, '', '', '2018-04-19 09:19:53', '2018-04-19 09:19:53'),
(582, '/api/users', 'GET', '[]', 12, '', '', '2018-04-19 09:19:53', '2018-04-19 09:19:53'),
(583, '/api/receivers', 'GET', '[]', 2, '', '', '2018-04-19 09:20:26', '2018-04-19 09:20:26'),
(584, '/api/surveys/84', 'GET', '[]', 2, '', '', '2018-04-19 09:20:26', '2018-04-19 09:20:26'),
(585, '/api/surveys/84', 'PUT', '{"id":"84","start_date":"2018-04-15","end_date":"2018-04-19","deadline":"2018-04-12","remind_date":"2018-04-19","content":[{"id":"116","title":"Survey 121","id_survey":"84","id_language":"2","footer_text":"Verify that when we select the forgot password link it is directing to forgot password link page.","thanks_message":"Verify that when we select the forgot password link it is directing to forgot password link page.","intro":"Verify that when we select the forgot password link it is directing to forgot password link page."},{"id":"115","title":"Survey 121","id_survey":"84","id_language":"1","footer_text":"Verify that when we select the forgot password link it is directing to forgot password link page.","thanks_message":"Verify that when we select the forgot password link it is directing to forgot password link page.","intro":"Verify that when we select the forgot password link it is directing to forgot password link page."}],"campaign_id":"38","creator_id":"2","creator":{"id":"2","name":"admin","email":"admin@gmail.com","role_id":"1","status":"1","password":"$2y$10$LHZME0HjPoDvYPHLborhquNHxZ92DwlgiQOB5oNmRmqfhyzt23ewu","employee":{"id":"21","dept_code":"ADMIN","current_code":"ADMIN","full_name":"Admin","branch":{"id":"1","name":"Ngh\\u1ec7 An (Vinh)","code":"A","short_name":"NAN"},"departments":[{"id":"25","name":"Humman Resources","code":"9H"}],"gender":"1","join_date":"2018-03-28","birthday":"1994-04-16","id_card":"25652326"},"change_password":"0"},"department_id":"1","department_name":"Route Sales","list_items_approvers":[{"id":"2","name":"admin","email":"admin@gmail.com","employee":{"id":"21","dept_code":"ADMIN","current_code":"ADMIN","full_name":"Admin","branch":{"id":"1","name":"Ngh\\u1ec7 An (Vinh)","code":"A","short_name":"NAN"},"departments":[{"id":"25","name":"Humman Resources","code":"9H"}],"gender":"1","join_date":"2018-03-28","birthday":"1994-04-16","id_card":"25652326"}}],"list_items_creators":[{"id":"2","name":"admin","email":"admin@gmail.com","employee":{"id":"21","dept_code":"ADMIN","current_code":"ADMIN","full_name":"Admin","branch":{"id":"1","name":"Ngh\\u1ec7 An (Vinh)","code":"A","short_name":"NAN"},"departments":[{"id":"25","name":"Humman Resources","code":"9H"}],"gender":"1","join_date":"2018-03-28","birthday":"1994-04-16","id_card":"25652326"}}],"receiver_list_id":"37","status":"1","publish_status":"2"}', 2, '', '', '2018-04-19 09:21:11', '2018-04-19 09:21:11'),
(586, '/api/surveys/84', 'PUT', '{"id":"84","start_date":"2018-04-15","end_date":"2018-04-19","deadline":"2018-04-12","remind_date":"2018-04-19","content":[{"id":"116","title":"Survey 121","id_survey":"84","id_language":"2","footer_text":"Verify that when we select the forgot password link it is directing to forgot password link page.","thanks_message":"Verify that when we select the forgot password link it is directing to forgot password link page.","intro":"Verify that when we select the forgot password link it is directing to forgot password link page."},{"id":"115","title":"Survey 121","id_survey":"84","id_language":"1","footer_text":"Verify that when we select the forgot password link it is directing to forgot password link page.","thanks_message":"Verify that when we select the forgot password link it is directing to forgot password link page.","intro":"Verify that when we select the forgot password link it is directing to forgot password link page."}],"campaign_id":"38","creator_id":"2","creator":{"id":"2","name":"admin","email":"admin@gmail.com","role_id":"1","status":"1","password":"$2y$10$LHZME0HjPoDvYPHLborhquNHxZ92DwlgiQOB5oNmRmqfhyzt23ewu","employee":{"id":"21","dept_code":"ADMIN","current_code":"ADMIN","full_name":"Admin","branch":{"id":"1","name":"Ngh\\u1ec7 An (Vinh)","code":"A","short_name":"NAN"},"departments":[{"id":"25","name":"Humman Resources","code":"9H"}],"gender":"1","join_date":"2018-03-28","birthday":"1994-04-16","id_card":"25652326"},"change_password":"0"},"department_id":"1","department_name":"Route Sales","list_items_approvers":[{"id":"2","name":"admin","email":"admin@gmail.com","employee":{"id":"21","dept_code":"ADMIN","current_code":"ADMIN","full_name":"Admin","branch":{"id":"1","name":"Ngh\\u1ec7 An (Vinh)","code":"A","short_name":"NAN"},"departments":[{"id":"25","name":"Humman Resources","code":"9H"}],"gender":"1","join_date":"2018-03-28","birthday":"1994-04-16","id_card":"25652326"}}],"list_items_creators":[{"id":"2","name":"admin","email":"admin@gmail.com","employee":{"id":"21","dept_code":"ADMIN","current_code":"ADMIN","full_name":"Admin","branch":{"id":"1","name":"Ngh\\u1ec7 An (Vinh)","code":"A","short_name":"NAN"},"departments":[{"id":"25","name":"Humman Resources","code":"9H"}],"gender":"1","join_date":"2018-03-28","birthday":"1994-04-16","id_card":"25652326"}}],"receiver_list_id":"37","status":"2","publish_status":"2"}', 2, '', '', '2018-04-19 09:21:12', '2018-04-19 09:21:12'),
(587, '/api/questions', 'POST', '{"id_survey":"84","questions":[{"type":"1","typeAnswer":"1","order":"1","required":"1","content":[{"question":"Verify that when we select the forgot password link it is directing to forgot password link page.","id_language":"1","description":"Verify that when we select the forgot password link it is directing to forgot password link page."},{"question":"Verify that when we select the forgot password link it is directing to forgot password link page.","id_language":"2","description":"Verify that when we select the forgot password link it is directing to forgot password link page."}],"answers":[{"answer":[{"text":"1","id_language":"1"},{"text":"1","id_language":"2"}],"required_note":"1"},{"answer":[{"text":"2","id_language":"1"},{"text":"2","id_language":"2"}],"required_note":"1"},{"answer":[{"text":"3","id_language":"1"},{"text":"3","id_language":"2"}],"required_note":"0"},{"answer":[{"text":"4","id_language":"1"},{"text":"4","id_language":"2"}],"required_note":"0"},{"answer":[{"text":"5","id_language":"1"},{"text":"5","id_language":"2"}],"required_note":"0"}],"id":"0","name":"Question 1"},{"type":"1","typeAnswer":"0","order":"1","required":"1","content":[{"question":"Verify that when we select the forgot password link it is directing to forgot password link page.","id_language":"1","description":"Verify that when we select the forgot password link it is directing to forgot password link page."},{"question":"Verify that when we select the forgot password link it is directing to forgot password link page.","id_language":"2","description":"Verify that when we select the forgot password link it is directing to forgot password link page."}],"answers":[{"answer":[{"text":"Yes","id_language":"1"},{"text":"Yes","id_language":"2"}],"required_note":"0"},{"answer":[{"text":"No","id_language":"1"},{"text":"No","id_language":"2"}],"required_note":"0"}],"id":"0","name":"Question 2"}]}', 2, '', '', '2018-04-19 09:21:12', '2018-04-19 09:21:12'),
(588, '/api/receivers', 'GET', '[]', 2, '', '', '2018-04-19 09:21:24', '2018-04-19 09:21:24'),
(589, '/api/surveys/84', 'GET', '[]', 2, '', '', '2018-04-19 09:21:24', '2018-04-19 09:21:24'),
(590, '/api/surveys/84', 'PUT', '{"id":"84","start_date":"2018-04-15","end_date":"2018-04-19","deadline":"2018-04-12","remind_date":"2018-04-19","content":[{"id":"115","title":"Survey 121","id_survey":"84","id_language":"2","footer_text":"Verify that when we select the forgot password link it is directing to forgot password link page.","thanks_message":"Verify that when we select the forgot password link it is directing to forgot password link page.","intro":"Verify that when we select the forgot password link it is directing to forgot password link page."},{"id":"116","title":"Survey 121","id_survey":"84","id_language":"1","footer_text":"Verify that when we select the forgot password link it is directing to forgot password link page.","thanks_message":"Verify that when we select the forgot password link it is directing to forgot password link page.","intro":"Verify that when we select the forgot password link it is directing to forgot password link page."}],"campaign_id":"38","creator_id":"2","creator":{"id":"2","name":"admin","email":"admin@gmail.com","role_id":"1","status":"1","password":"$2y$10$LHZME0HjPoDvYPHLborhquNHxZ92DwlgiQOB5oNmRmqfhyzt23ewu","employee":{"id":"21","dept_code":"ADMIN","current_code":"ADMIN","full_name":"Admin","branch":{"id":"1","name":"Ngh\\u1ec7 An (Vinh)","code":"A","short_name":"NAN"},"departments":[{"id":"25","name":"Humman Resources","code":"9H"}],"gender":"1","join_date":"2018-03-28","birthday":"1994-04-16","id_card":"25652326"},"change_password":"0"},"department_id":"1","department_name":"Route Sales","list_items_approvers":[{"id":"2","name":"admin","email":"admin@gmail.com","employee":{"id":"21","dept_code":"ADMIN","current_code":"ADMIN","full_name":"Admin","branch":{"id":"1","name":"Ngh\\u1ec7 An (Vinh)","code":"A","short_name":"NAN"},"departments":[{"id":"25","name":"Humman Resources","code":"9H"}],"gender":"1","join_date":"2018-03-28","birthday":"1994-04-16","id_card":"25652326"}}],"list_items_creators":[{"id":"2","name":"admin","email":"admin@gmail.com","employee":{"id":"21","dept_code":"ADMIN","current_code":"ADMIN","full_name":"Admin","branch":{"id":"1","name":"Ngh\\u1ec7 An (Vinh)","code":"A","short_name":"NAN"},"departments":[{"id":"25","name":"Humman Resources","code":"9H"}],"gender":"1","join_date":"2018-03-28","birthday":"1994-04-16","id_card":"25652326"}}],"receiver_list_id":"37","receiver_list_name":"Ch\\u1ea5t l\\u01b0\\u1ee3ng cu\\u1ed9c s\\u1ed1ng","questions":{"items":[{"id":"208","type":"1","order":"1","required":"1","question_language":{"items":[{"id":"395","question":"Verify that when we select the forgot password link it is directing to forgot password link page.","description":"Verify that when we select the forgot password link it is directing to forgot password link page."},{"id":"396","question":"Verify that when we select the forgot password link it is directing to forgot password link page.","description":"Verify that when we select the forgot password link it is directing to forgot password link page."}]},"answers":[{"id_answer":"222","answer":{"items":[{"id":"443","id_answer":"222","text":"1","id_language":"1"},{"id":"444","id_answer":"222","text":"1","id_language":"2"}]},"required_note":"1"},{"id_answer":"223","answer":{"items":[{"id":"445","id_answer":"223","text":"2","id_language":"1"},{"id":"446","id_answer":"223","text":"2","id_language":"2"}]},"required_note":"1"},{"id_answer":"224","answer":{"items":[{"id":"447","id_answer":"224","text":"3","id_language":"1"},{"id":"448","id_answer":"224","text":"3","id_language":"2"}]},"required_note":"0"},{"id_answer":"225","answer":{"items":[{"id":"449","id_answer":"225","text":"4","id_language":"1"},{"id":"450","id_answer":"225","text":"4","id_language":"2"}]},"required_note":"0"},{"id_answer":"226","answer":{"items":[{"id":"451","id_answer":"226","text":"5","id_language":"1"},{"id":"452","id_answer":"226","text":"5","id_language":"2"}]},"required_note":"0"}]},{"id":"209","type":"1","order":"1","required":"1","question_language":{"items":[{"id":"397","question":"Verify that when we select the forgot password link it is directing to forgot password link page.","description":"Verify that when we select the forgot password link it is directing to forgot password link page."},{"id":"398","question":"Verify that when we select the forgot password link it is directing to forgot password link page.","description":"Verify that when we select the forgot password link it is directing to forgot password link page."}]},"answers":[{"id_answer":"227","answer":{"items":[{"id":"453","id_answer":"227","text":"Yes","id_language":"1"},{"id":"454","id_answer":"227","text":"Yes","id_language":"2"}]},"required_note":"0"},{"id_answer":"228","answer":{"items":[{"id":"455","id_answer":"228","text":"No","id_language":"1"},{"id":"456","id_answer":"228","text":"No","id_language":"2"}]},"required_note":"0"}]}]},"status":"2","publish_status":"2"}', 2, '', '', '2018-04-19 09:21:30', '2018-04-19 09:21:30'),
(591, '/api/surveys/84', 'PUT', '{"id":"84","start_date":"2018-04-15","end_date":"2018-04-19","deadline":"2018-04-12","remind_date":"2018-04-19","content":[{"id":"115","title":"Survey 121","id_survey":"84","id_language":"2","footer_text":"Verify that when we select the forgot password link it is directing to forgot password link page.","thanks_message":"Verify that when we select the forgot password link it is directing to forgot password link page.","intro":"Verify that when we select the forgot password link it is directing to forgot password link page."},{"id":"116","title":"Survey 121","id_survey":"84","id_language":"1","footer_text":"Verify that when we select the forgot password link it is directing to forgot password link page.","thanks_message":"Verify that when we select the forgot password link it is directing to forgot password link page.","intro":"Verify that when we select the forgot password link it is directing to forgot password link page."}],"campaign_id":"38","creator_id":"2","creator":{"id":"2","name":"admin","email":"admin@gmail.com","role_id":"1","status":"1","password":"$2y$10$LHZME0HjPoDvYPHLborhquNHxZ92DwlgiQOB5oNmRmqfhyzt23ewu","employee":{"id":"21","dept_code":"ADMIN","current_code":"ADMIN","full_name":"Admin","branch":{"id":"1","name":"Ngh\\u1ec7 An (Vinh)","code":"A","short_name":"NAN"},"departments":[{"id":"25","name":"Humman Resources","code":"9H"}],"gender":"1","join_date":"2018-03-28","birthday":"1994-04-16","id_card":"25652326"},"change_password":"0"},"department_id":"1","department_name":"Route Sales","list_items_approvers":[{"id":"2","name":"admin","email":"admin@gmail.com","employee":{"id":"21","dept_code":"ADMIN","current_code":"ADMIN","full_name":"Admin","branch":{"id":"1","name":"Ngh\\u1ec7 An (Vinh)","code":"A","short_name":"NAN"},"departments":[{"id":"25","name":"Humman Resources","code":"9H"}],"gender":"1","join_date":"2018-03-28","birthday":"1994-04-16","id_card":"25652326"}}],"list_items_creators":[{"id":"2","name":"admin","email":"admin@gmail.com","employee":{"id":"21","dept_code":"ADMIN","current_code":"ADMIN","full_name":"Admin","branch":{"id":"1","name":"Ngh\\u1ec7 An (Vinh)","code":"A","short_name":"NAN"},"departments":[{"id":"25","name":"Humman Resources","code":"9H"}],"gender":"1","join_date":"2018-03-28","birthday":"1994-04-16","id_card":"25652326"}}],"receiver_list_id":"37","receiver_list_name":"Ch\\u1ea5t l\\u01b0\\u1ee3ng cu\\u1ed9c s\\u1ed1ng","questions":{"items":[{"id":"208","type":"1","order":"1","required":"1","question_language":{"items":[{"id":"395","question":"Verify that when we select the forgot password link it is directing to forgot password link page.","description":"Verify that when we select the forgot password link it is directing to forgot password link page."},{"id":"396","question":"Verify that when we select the forgot password link it is directing to forgot password link page.","description":"Verify that when we select the forgot password link it is directing to forgot password link page."}]},"answers":[{"id_answer":"222","answer":{"items":[{"id":"443","id_answer":"222","text":"1","id_language":"1"},{"id":"444","id_answer":"222","text":"1","id_language":"2"}]},"required_note":"1"},{"id_answer":"223","answer":{"items":[{"id":"445","id_answer":"223","text":"2","id_language":"1"},{"id":"446","id_answer":"223","text":"2","id_language":"2"}]},"required_note":"1"},{"id_answer":"224","answer":{"items":[{"id":"447","id_answer":"224","text":"3","id_language":"1"},{"id":"448","id_answer":"224","text":"3","id_language":"2"}]},"required_note":"0"},{"id_answer":"225","answer":{"items":[{"id":"449","id_answer":"225","text":"4","id_language":"1"},{"id":"450","id_answer":"225","text":"4","id_language":"2"}]},"required_note":"0"},{"id_answer":"226","answer":{"items":[{"id":"451","id_answer":"226","text":"5","id_language":"1"},{"id":"452","id_answer":"226","text":"5","id_language":"2"}]},"required_note":"0"}]},{"id":"209","type":"1","order":"1","required":"1","question_language":{"items":[{"id":"397","question":"Verify that when we select the forgot password link it is directing to forgot password link page.","description":"Verify that when we select the forgot password link it is directing to forgot password link page."},{"id":"398","question":"Verify that when we select the forgot password link it is directing to forgot password link page.","description":"Verify that when we select the forgot password link it is directing to forgot password link page."}]},"answers":[{"id_answer":"227","answer":{"items":[{"id":"453","id_answer":"227","text":"Yes","id_language":"1"},{"id":"454","id_answer":"227","text":"Yes","id_language":"2"}]},"required_note":"0"},{"id_answer":"228","answer":{"items":[{"id":"455","id_answer":"228","text":"No","id_language":"1"},{"id":"456","id_answer":"228","text":"No","id_language":"2"}]},"required_note":"0"}]}]},"status":"2","publish_status":"2"}', 2, '', '', '2018-04-19 09:21:31', '2018-04-19 09:21:31'),
(592, '/api/questions', 'POST', '{"id_survey":"84","questions":[{"type":"1","typeAnswer":"1","order":"1","required":"1","content":[{"id":"395","question":"Verify that when we select the forgot password link it is directing to forgot password link page.","id_language":"1","description":"Verify that when we select the forgot password link it is directing to forgot password link page."},{"id":"396","question":"Verify that when we select the forgot password link it is directing to forgot password link page.","id_language":"2","description":"Verify that when we select the forgot password link it is directing to forgot password link page."}],"answers":[{"id":"222","answer":[{"text":"1","id_language":"1"},{"text":"1","id_language":"2"}],"required_note":"1"},{"id":"223","answer":[{"text":"2","id_language":"1"},{"text":"2","id_language":"2"}],"required_note":"1"},{"id":"224","answer":[{"text":"3","id_language":"1"},{"text":"3","id_language":"2"}],"required_note":"0"},{"id":"225","answer":[{"text":"4","id_language":"1"},{"text":"4","id_language":"2"}],"required_note":"0"},{"id":"226","answer":[{"text":"5","id_language":"1"},{"text":"5","id_language":"2"}],"required_note":"0"}],"id":"208","name":"Question 1"},{"type":"1","typeAnswer":"0","order":"1","required":"1","content":[{"id":"397","question":"Verify that when we select the forgot password link it is directing to forgot password link page.","id_language":"1","description":"Verify that when we select the forgot password link it is directing to forgot password link page."},{"id":"398","question":"Verify that when we select the forgot password link it is directing to forgot password link page.","id_language":"2","description":"Verify that when we select the forgot password link it is directing to forgot password link page."}],"answers":[{"id":"227","answer":[{"text":"Yes","id_language":"1"},{"text":"Yes","id_language":"2"}],"required_note":"0"},{"id":"228","answer":[{"text":"No","id_language":"1"},{"text":"No","id_language":"2"}],"required_note":"0"}],"id":"209","name":"Question 2"}]}', 2, '', '', '2018-04-19 09:21:31', '2018-04-19 09:21:31'),
(593, '/api/receivers', 'GET', '[]', 2, '', '', '2018-04-19 09:21:39', '2018-04-19 09:21:39'),
(594, '/api/surveys/84', 'GET', '[]', 2, '', '', '2018-04-19 09:21:40', '2018-04-19 09:21:40'),
(595, '/api/surveys/84', 'PUT', '{"id":"84","start_date":"2018-04-15","end_date":"2018-04-19","deadline":"2018-04-12","remind_date":"2018-04-19","content":[{"id":"115","title":"Survey 121","id_survey":"84","id_language":"2","footer_text":"Verify that when we select the forgot password link it is directing to forgot password link page.","thanks_message":"Verify that when we select the forgot password link it is directing to forgot password link page.","intro":"Verify that when we select the forgot password link it is directing to forgot password link page."},{"id":"116","title":"Survey 121","id_survey":"84","id_language":"1","footer_text":"Verify that when we select the forgot password link it is directing to forgot password link page.","thanks_message":"Verify that when we select the forgot password link it is directing to forgot password link page.","intro":"Verify that when we select the forgot password link it is directing to forgot password link page."}],"campaign_id":"38","creator_id":"2","creator":{"id":"2","name":"admin","email":"admin@gmail.com","role_id":"1","status":"1","password":"$2y$10$LHZME0HjPoDvYPHLborhquNHxZ92DwlgiQOB5oNmRmqfhyzt23ewu","employee":{"id":"21","dept_code":"ADMIN","current_code":"ADMIN","full_name":"Admin","branch":{"id":"1","name":"Ngh\\u1ec7 An (Vinh)","code":"A","short_name":"NAN"},"departments":[{"id":"25","name":"Humman Resources","code":"9H"}],"gender":"1","join_date":"2018-03-28","birthday":"1994-04-16","id_card":"25652326"},"change_password":"0"},"department_id":"1","department_name":"Route Sales","list_items_approvers":[{"id":"2","name":"admin","email":"admin@gmail.com","employee":{"id":"21","dept_code":"ADMIN","current_code":"ADMIN","full_name":"Admin","branch":{"id":"1","name":"Ngh\\u1ec7 An (Vinh)","code":"A","short_name":"NAN"},"departments":[{"id":"25","name":"Humman Resources","code":"9H"}],"gender":"1","join_date":"2018-03-28","birthday":"1994-04-16","id_card":"25652326"}}],"list_items_creators":[{"id":"2","name":"admin","email":"admin@gmail.com","employee":{"id":"21","dept_code":"ADMIN","current_code":"ADMIN","full_name":"Admin","branch":{"id":"1","name":"Ngh\\u1ec7 An (Vinh)","code":"A","short_name":"NAN"},"departments":[{"id":"25","name":"Humman Resources","code":"9H"}],"gender":"1","join_date":"2018-03-28","birthday":"1994-04-16","id_card":"25652326"}}],"receiver_list_id":"37","receiver_list_name":"Ch\\u1ea5t l\\u01b0\\u1ee3ng cu\\u1ed9c s\\u1ed1ng","questions":{"items":[{"id":"208","type":"1","order":"1","required":"1","question_language":{"items":[{"id":"395","question":"Verify that when we select the forgot password link it is directing to forgot password link page.","description":"Verify that when we select the forgot password link it is directing to forgot password link page."},{"id":"396","question":"Verify that when we select the forgot password link it is directing to forgot password link page.","description":"Verify that when we select the forgot password link it is directing to forgot password link page."}]},"answers":[{"id_answer":"222","answer":{"items":[{"id":"443","id_answer":"222","text":"1","id_language":"1"},{"id":"444","id_answer":"222","text":"1","id_language":"2"}]},"required_note":"1"},{"id_answer":"223","answer":{"items":[{"id":"445","id_answer":"223","text":"2","id_language":"1"},{"id":"446","id_answer":"223","text":"2","id_language":"2"}]},"required_note":"1"},{"id_answer":"224","answer":{"items":[{"id":"447","id_answer":"224","text":"3","id_language":"1"},{"id":"448","id_answer":"224","text":"3","id_language":"2"}]},"required_note":"0"},{"id_answer":"225","answer":{"items":[{"id":"449","id_answer":"225","text":"4","id_language":"1"},{"id":"450","id_answer":"225","text":"4","id_language":"2"}]},"required_note":"0"},{"id_answer":"226","answer":{"items":[{"id":"451","id_answer":"226","text":"5","id_language":"1"},{"id":"452","id_answer":"226","text":"5","id_language":"2"}]},"required_note":"0"}]},{"id":"209","type":"1","order":"1","required":"1","question_language":{"items":[{"id":"397","question":"Verify that when we select the forgot password link it is directing to forgot password link page.","description":"Verify that when we select the forgot password link it is directing to forgot password link page."},{"id":"398","question":"Verify that when we select the forgot password link it is directing to forgot password link page.","description":"Verify that when we select the forgot password link it is directing to forgot password link page."}]},"answers":[{"id_answer":"227","answer":{"items":[{"id":"453","id_answer":"227","text":"Yes","id_language":"1"},{"id":"454","id_answer":"227","text":"Yes","id_language":"2"}]},"required_note":"0"},{"id_answer":"228","answer":{"items":[{"id":"455","id_answer":"228","text":"No","id_language":"1"},{"id":"456","id_answer":"228","text":"No","id_language":"2"}]},"required_note":"0"}]}]},"status":"2","publish_status":"2"}', 2, '', '', '2018-04-19 09:21:43', '2018-04-19 09:21:43'),
(596, '/api/questions', 'POST', '{"id_survey":"84","questions":[{"type":"1","typeAnswer":"1","order":"1","required":"1","content":[{"id":"395","question":"Verify that when we select the forgot password link it is directing to forgot password link page.","id_language":"1","description":"Verify that when we select the forgot password link it is directing to forgot password link page."},{"id":"396","question":"Verify that when we select the forgot password link it is directing to forgot password link page.","id_language":"2","description":"Verify that when we select the forgot password link it is directing to forgot password link page."}],"answers":[{"id":"222","answer":[{"text":"1","id_language":"1"},{"text":"1","id_language":"2"}],"required_note":"1"},{"id":"223","answer":[{"text":"2","id_language":"1"},{"text":"2","id_language":"2"}],"required_note":"1"},{"id":"224","answer":[{"text":"3","id_language":"1"},{"text":"3","id_language":"2"}],"required_note":"0"},{"id":"225","answer":[{"text":"4","id_language":"1"},{"text":"4","id_language":"2"}],"required_note":"0"},{"id":"226","answer":[{"text":"5","id_language":"1"},{"text":"5","id_language":"2"}],"required_note":"0"}],"id":"208","name":"Question 1"},{"type":"1","typeAnswer":"0","order":"1","required":"1","content":[{"id":"397","question":"Verify that when we select the forgot password link it is directing to forgot password link page.","id_language":"1","description":"Verify that when we select the forgot password link it is directing to forgot password link page."},{"id":"398","question":"Verify that when we select the forgot password link it is directing to forgot password link page.","id_language":"2","description":"Verify that when we select the forgot password link it is directing to forgot password link page."}],"answers":[{"id":"227","answer":[{"text":"Yes","id_language":"1"},{"text":"Yes","id_language":"2"}],"required_note":"0"},{"id":"228","answer":[{"text":"No","id_language":"1"},{"text":"No","id_language":"2"}],"required_note":"0"}],"id":"209","name":"Question 2"}]}', 2, '', '', '2018-04-19 09:21:44', '2018-04-19 09:21:44'),
(597, '/api/surveys', 'GET', '[]', 2, '', '', '2018-04-19 09:21:46', '2018-04-19 09:21:46'),
(598, '/api/users/2', 'GET', '[]', 2, '', '', '2018-04-19 09:22:29', '2018-04-19 09:22:29'),
(599, '/api/subkpis?responsibility_id=2&&', 'GET', '{"responsibility_id":"2"}', 2, '', '', '2018-04-19 09:22:35', '2018-04-19 09:22:35'),
(600, '/api/survey-comments?survey_id=84&&', 'GET', '{"survey_id":"84"}', 2, '', '', '2018-04-19 09:22:00', '2018-04-19 09:22:00'),
(601, '/api/surveys/84', 'GET', '[]', 2, '', '', '2018-04-19 09:22:00', '2018-04-19 09:22:00'),
(602, '/api/receivers/37', 'GET', '[]', 2, '', '', '2018-04-19 09:22:01', '2018-04-19 09:22:01'),
(603, '/api/question-comments?id_question=208&&', 'GET', '{"id_question":"208"}', 2, '', '', '2018-04-19 09:22:01', '2018-04-19 09:22:01'),
(604, '/api/question-comments?id_question=209&&', 'GET', '{"id_question":"209"}', 2, '', '', '2018-04-19 09:22:01', '2018-04-19 09:22:01'),
(605, '/api/users/2', 'GET', '[]', 2, '', '', '2018-04-19 09:22:01', '2018-04-19 09:22:01'),
(606, '/api/change-status-survey', 'POST', '{"id":"84","status":"4","user_id":"2"}', 2, '', '', '2018-04-19 09:22:04', '2018-04-19 09:22:04'),
(607, '/api/surveys', 'GET', '[]', 2, '', '', '2018-04-19 09:22:08', '2018-04-19 09:22:08'),
(608, '/api/publish-status-survey', 'POST', '{"id":"84"}', 2, '', '', '2018-04-19 09:22:32', '2018-04-19 09:22:32'),
(609, '/api/users', 'GET', '[]', 12, '', '', '2018-04-19 09:23:12', '2018-04-19 09:23:12'),
(610, '/api/departments', 'GET', '[]', 12, '', '', '2018-04-19 09:23:12', '2018-04-19 09:23:12'),
(611, '/api/positions', 'GET', '[]', 12, '', '', '2018-04-19 09:23:12', '2018-04-19 09:23:12'),
(612, '/api/branches', 'GET', '[]', 12, '', '', '2018-04-19 09:23:12', '2018-04-19 09:23:12'),
(613, '/api/divisions', 'GET', '[]', 12, '', '', '2018-04-19 09:23:12', '2018-04-19 09:23:12'),
(614, '/api/users/53', 'GET', '[]', 53, '', '', '2018-04-19 09:24:31', '2018-04-19 09:24:31'),
(615, '/api/users/53', 'GET', '[]', 53, '', '', '2018-04-19 09:24:49', '2018-04-19 09:24:49'),
(616, '/api/client-surveys?user_id=53&&', 'GET', '{"user_id":"53"}', 53, '', '', '2018-04-19 09:24:49', '2018-04-19 09:24:49'),
(617, '/api/users/53', 'GET', '[]', 53, '', '', '2018-04-19 09:25:09', '2018-04-19 09:25:09'),
(618, '/api/users/2', 'GET', '[]', 2, '', '', '2018-04-19 09:26:09', '2018-04-19 09:26:09'),
(619, '/api/subkpis?responsibility_id=2&&', 'GET', '{"responsibility_id":"2"}', 2, '', '', '2018-04-19 09:26:10', '2018-04-19 09:26:10'),
(620, '/api/divisions', 'GET', '[]', 2, '', '', '2018-04-19 09:29:16', '2018-04-19 09:29:16'),
(621, '/api/users', 'GET', '[]', 2, '', '', '2018-04-19 09:29:16', '2018-04-19 09:29:16'),
(622, '/api/departments', 'GET', '[]', 2, '', '', '2018-04-19 09:29:16', '2018-04-19 09:29:16'),
(623, '/api/surveys/83', 'GET', '[]', 2, '', '', '2018-04-19 09:29:16', '2018-04-19 09:29:16'),
(624, '/api/positions', 'GET', '[]', 2, '', '', '2018-04-19 09:29:16', '2018-04-19 09:29:16'),
(625, '/api/campaigns', 'GET', '[]', 2, '', '', '2018-04-19 09:29:17', '2018-04-19 09:29:17'),
(626, '/api/branches', 'GET', '[]', 2, '', '', '2018-04-19 09:29:17', '2018-04-19 09:29:17'),
(627, '/api/surveys/83', 'PUT', '{"start_date":"2018-04-20","end_date":"2018-04-21","deadline":"2018-04-19","campaign_id":"38","department_id":"1","remind_date":"2018-04-20","content":[{"title":"Survey 123","id_language":"1"},{"title":"Survey 123","id_language":"2"}],"list_approvers":["2"],"list_creators":["2"],"modified_id":"2"}', 2, '', '', '2018-04-19 09:29:34', '2018-04-19 09:29:34'),
(628, '/api/surveys', 'GET', '[]', 2, '', '', '2018-04-19 09:29:38', '2018-04-19 09:29:38'),
(629, '/api/change-password', 'POST', '{"email":"ntanhdao176@gmail.com","password":"123456","old_password":"123456","re_password":"123456","change_password":"1"}', 53, '', '', '2018-04-19 09:33:24', '2018-04-19 09:33:24'),
(630, '/api/client-surveys?user_id=53&&', 'GET', '{"user_id":"53"}', 53, '', '', '2018-04-19 09:33:32', '2018-04-19 09:33:32'),
(631, '/api/users/53', 'GET', '[]', 53, '', '', '2018-04-19 09:33:32', '2018-04-19 09:33:32'),
(632, '/api/campaigns', 'GET', '[]', 2, '', '', '2018-04-19 09:35:31', '2018-04-19 09:35:31'),
(633, '/api/positions', 'GET', '[]', 2, '', '', '2018-04-19 09:35:31', '2018-04-19 09:35:31'),
(634, '/api/users', 'GET', '[]', 2, '', '', '2018-04-19 09:35:31', '2018-04-19 09:35:31'),
(635, '/api/surveys/83', 'GET', '[]', 2, '', '', '2018-04-19 09:35:31', '2018-04-19 09:35:31'),
(636, '/api/departments', 'GET', '[]', 2, '', '', '2018-04-19 09:35:33', '2018-04-19 09:35:33'),
(637, '/api/branches', 'GET', '[]', 2, '', '', '2018-04-19 09:35:34', '2018-04-19 09:35:34'),
(638, '/api/divisions', 'GET', '[]', 2, '', '', '2018-04-19 09:35:35', '2018-04-19 09:35:35'),
(639, '/api/surveys/83', 'PUT', '{"start_date":"2018-04-20","end_date":"2018-04-21","deadline":"2018-04-19","campaign_id":"38","department_id":"1","remind_date":"2018-04-20","content":[{"title":"Survey 123","id_language":"1"},{"title":"Survey 123","id_language":"2"}],"list_approvers":["2"],"list_creators":["2"],"modified_id":"2"}', 2, '', '', '2018-04-19 09:35:35', '2018-04-19 09:35:35'),
(640, '/api/surveys', 'GET', '[]', 2, '', '', '2018-04-19 09:35:38', '2018-04-19 09:35:38'),
(641, '/api/users/2', 'GET', '[]', 2, '', '', '2018-04-19 09:38:28', '2018-04-19 09:38:28'),
(642, '/api/client-surveys?user_id=2&&', 'GET', '{"user_id":"2"}', 2, '', '', '2018-04-19 09:38:28', '2018-04-19 09:38:28'),
(643, '/api/users/2', 'GET', '[]', 2, '', '', '2018-04-19 09:42:16', '2018-04-19 09:42:16'),
(644, '/api/subkpis?responsibility_id=2&&', 'GET', '{"responsibility_id":"2"}', 2, '', '', '2018-04-19 09:42:16', '2018-04-19 09:42:16'),
(645, '/api/users/2', 'GET', '[]', 2, '', '', '2018-04-19 09:43:04', '2018-04-19 09:43:04'),
(646, '/api/client-surveys?user_id=2&&', 'GET', '{"user_id":"2"}', 2, '', '', '2018-04-19 09:43:04', '2018-04-19 09:43:04'),
(647, '/api/end-status-survey', 'POST', '{"id":"84"}', 2, '', '', '2018-04-19 09:45:57', '2018-04-19 09:45:57'),
(648, '/api/users/53', 'GET', '[]', 53, '', '', '2018-04-19 09:46:06', '2018-04-19 09:46:06'),
(649, '/api/client-surveys?user_id=53&&', 'GET', '{"user_id":"53"}', 53, '', '', '2018-04-19 09:46:06', '2018-04-19 09:46:06'),
(650, '/api/subkpis?responsibility_id=2&&', 'GET', '{"responsibility_id":"2"}', 2, '', '', '2018-04-19 09:50:07', '2018-04-19 09:50:07'),
(651, '/api/users/2', 'GET', '[]', 2, '', '', '2018-04-19 10:00:11', '2018-04-19 10:00:11'),
(652, '/api/subkpis?responsibility_id=2&&', 'GET', '{"responsibility_id":"2"}', 2, '', '', '2018-04-19 10:00:14', '2018-04-19 10:00:14'),
(653, '/api/subkpis?responsibility_id=2&&', 'GET', '{"responsibility_id":"2"}', 2, '', '', '2018-04-19 10:08:08', '2018-04-19 10:08:08'),
(654, '/api/users/2', 'GET', '[]', 2, '', '', '2018-04-19 10:08:08', '2018-04-19 10:08:08'),
(655, '/api/get-list-sub-kpi-user-evaluate?user_id=2', 'GET', '{"user_id":"2"}', 2, '', '', '2018-04-19 10:07:40', '2018-04-19 10:07:40'),
(656, '/api/divisions', 'GET', '[]', 2, '', '', '2018-04-19 10:07:40', '2018-04-19 10:07:40'),
(657, '/api/branches', 'GET', '[]', 2, '', '', '2018-04-19 10:07:40', '2018-04-19 10:07:40'),
(658, '/api/departments', 'GET', '[]', 2, '', '', '2018-04-19 10:07:45', '2018-04-19 10:07:45'),
(659, '/api/branches', 'GET', '[]', 2, '', '', '2018-04-19 10:07:45', '2018-04-19 10:07:45'),
(660, '/api/departments', 'GET', '[]', 2, '', '', '2018-04-19 10:07:45', '2018-04-19 10:07:45'),
(661, '/api/subkpis?main=1&&', 'GET', '{"main":"1"}', 2, '', '', '2018-04-19 10:07:45', '2018-04-19 10:07:45'),
(662, '/api/divisions', 'GET', '[]', 2, '', '', '2018-04-19 10:07:45', '2018-04-19 10:07:45'),
(663, '/api/users', 'GET', '[]', 2, '', '', '2018-04-19 10:07:58', '2018-04-19 10:07:58');
INSERT INTO `api_active_log` (`id`, `url`, `method`, `data_fetch`, `user_id`, `messenger`, `code`, `created_at`, `updated_at`) VALUES
(664, '/api/subkpis/194', 'GET', '[]', 2, '', '', '2018-04-19 10:07:58', '2018-04-19 10:07:58'),
(665, '/api/branches', 'GET', '[]', 2, '', '', '2018-04-19 10:07:58', '2018-04-19 10:07:58'),
(666, '/api/users', 'GET', '[]', 2, '', '', '2018-04-19 10:07:58', '2018-04-19 10:07:58'),
(667, '/api/divisions', 'GET', '[]', 2, '', '', '2018-04-19 10:07:58', '2018-04-19 10:07:58'),
(668, '/api/departments', 'GET', '[]', 2, '', '', '2018-04-19 10:07:58', '2018-04-19 10:07:58'),
(669, '/api/subkpis?kpi_id=124&&', 'GET', '{"kpi_id":"124"}', 2, '', '', '2018-04-19 10:07:59', '2018-04-19 10:07:59'),
(670, '/api/users/53', 'GET', '[]', 53, '', '', '2018-04-19 10:08:37', '2018-04-19 10:08:37'),
(671, '/api/client-surveys?user_id=53&&', 'GET', '{"user_id":"53"}', 53, '', '', '2018-04-19 10:08:37', '2018-04-19 10:08:37'),
(672, '/api/positions', 'GET', '[]', 2, '', '', '2018-04-19 10:10:26', '2018-04-19 10:10:26'),
(673, '/api/departments', 'GET', '[]', 2, '', '', '2018-04-19 10:10:27', '2018-04-19 10:10:27'),
(674, '/api/campaigns', 'GET', '[]', 2, '', '', '2018-04-19 10:10:27', '2018-04-19 10:10:27'),
(675, '/api/users', 'GET', '[]', 2, '', '', '2018-04-19 10:10:27', '2018-04-19 10:10:27'),
(676, '/api/branches', 'GET', '[]', 2, '', '', '2018-04-19 10:10:27', '2018-04-19 10:10:27'),
(677, '/api/divisions', 'GET', '[]', 2, '', '', '2018-04-19 10:10:27', '2018-04-19 10:10:27'),
(678, '/api/campaigns/38', 'GET', '[]', 2, '', '', '2018-04-19 10:11:02', '2018-04-19 10:11:02'),
(679, '/api/surveys', 'POST', '{"start_date":"2018-04-19","end_date":"2018-04-20","deadline":"2018-04-19","start_datecampaign":"2018-04-19","end_datecampaign":"2018-04-19","creator_id":"2","campaign_id":"38","date_end":"2018-05-31","date_start":"2018-03-27","department_id":"1","remind_date":"2018-04-13","list_creators":["2"],"list_approvers":["2"],"campaignid":"38","campaignname":"Campaign QC","content":[{"title":"Survey 111","id_language":"1"},{"title":"Survey 111","id_language":"2"}]}', 2, '', '', '2018-04-19 10:11:08', '2018-04-19 10:11:08'),
(680, '/api/surveys', 'GET', '[]', 2, '', '', '2018-04-19 10:11:12', '2018-04-19 10:11:12'),
(681, '/api/receivers', 'GET', '[]', 2, '', '', '2018-04-19 10:12:03', '2018-04-19 10:12:03'),
(682, '/api/surveys/86', 'GET', '[]', 2, '', '', '2018-04-19 10:12:03', '2018-04-19 10:12:03'),
(683, '/api/surveys/86', 'PUT', '{"id":"86","start_date":"2018-04-19","end_date":"2018-04-20","deadline":"2018-04-19","remind_date":"2018-04-13","content":[{"id":"120","title":"Survey 111","id_survey":"86","id_language":"2","footer_text":"The software utility Cron is a time-based job scheduler in Unix-like computer operating systems.","thanks_message":"The software utility Cron is a time-based job scheduler in Unix-like computer operating systems.","intro":"The software utility Cron is a time-based job scheduler in Unix-like computer operating systems."},{"id":"119","title":"Survey 111","id_survey":"86","id_language":"1","footer_text":"The software utility Cron is a time-based job scheduler in Unix-like computer operating systems.","thanks_message":"The software utility Cron is a time-based job scheduler in Unix-like computer operating systems.","intro":"The software utility Cron is a time-based job scheduler in Unix-like computer operating systems."}],"campaign_id":"38","creator_id":"2","creator":{"id":"2","name":"admin","email":"admin@gmail.com","role_id":"1","status":"1","password":"$2y$10$LHZME0HjPoDvYPHLborhquNHxZ92DwlgiQOB5oNmRmqfhyzt23ewu","employee":{"id":"21","dept_code":"ADMIN","current_code":"ADMIN","full_name":"Admin","branch":{"id":"1","name":"Ngh\\u1ec7 An (Vinh)","code":"A","short_name":"NAN"},"departments":[{"id":"25","name":"Humman Resources","code":"9H"}],"gender":"1","join_date":"2018-03-28","birthday":"1994-04-16","id_card":"25652326"},"change_password":"0"},"department_id":"1","department_name":"Route Sales","list_items_approvers":[{"id":"2","name":"admin","email":"admin@gmail.com","employee":{"id":"21","dept_code":"ADMIN","current_code":"ADMIN","full_name":"Admin","branch":{"id":"1","name":"Ngh\\u1ec7 An (Vinh)","code":"A","short_name":"NAN"},"departments":[{"id":"25","name":"Humman Resources","code":"9H"}],"gender":"1","join_date":"2018-03-28","birthday":"1994-04-16","id_card":"25652326"}}],"list_items_creators":[{"id":"2","name":"admin","email":"admin@gmail.com","employee":{"id":"21","dept_code":"ADMIN","current_code":"ADMIN","full_name":"Admin","branch":{"id":"1","name":"Ngh\\u1ec7 An (Vinh)","code":"A","short_name":"NAN"},"departments":[{"id":"25","name":"Humman Resources","code":"9H"}],"gender":"1","join_date":"2018-03-28","birthday":"1994-04-16","id_card":"25652326"}}],"receiver_list_id":"37","status":"1","publish_status":"2"}', 2, '', '', '2018-04-19 10:12:30', '2018-04-19 10:12:30'),
(684, '/api/questions', 'POST', '{"id_survey":"86","questions":[{"type":"1","typeAnswer":"1","order":"1","required":"1","content":[{"question":"The software utility Cron is a time-based job scheduler in Unix-like computer operating systems.","id_language":"1","description":"The software utility Cron is a time-based job scheduler in Unix-like computer operating systems."},{"question":"The software utility Cron is a time-based job scheduler in Unix-like computer operating systems.","id_language":"2","description":"The software utility Cron is a time-based job scheduler in Unix-like computer operating systems."}],"answers":[{"answer":[{"text":"1","id_language":"1"},{"text":"1","id_language":"2"}],"required_note":"1"},{"answer":[{"text":"2","id_language":"1"},{"text":"2","id_language":"2"}],"required_note":"1"},{"answer":[{"text":"3","id_language":"1"},{"text":"3","id_language":"2"}],"required_note":"0"},{"answer":[{"text":"4","id_language":"1"},{"text":"4","id_language":"2"}],"required_note":"0"},{"answer":[{"text":"5","id_language":"1"},{"text":"5","id_language":"2"}],"required_note":"0"}],"id":"0","name":"Question 1"},{"type":"1","typeAnswer":"1","order":"1","required":"1","content":[{"question":"The software utility Cron is a time-based job scheduler in Unix-like computer operating systems.","id_language":"1","description":"The software utility Cron is a time-based job scheduler in Unix-like computer operating systems."},{"question":"The software utility Cron is a time-based job scheduler in Unix-like computer operating systems.","id_language":"2","description":"The software utility Cron is a time-based job scheduler in Unix-like computer operating systems."}],"answers":[{"answer":[{"text":"1","id_language":"1"},{"text":"1","id_language":"2"}],"required_note":"1"},{"answer":[{"text":"2","id_language":"1"},{"text":"2","id_language":"2"}],"required_note":"1"},{"answer":[{"text":"3","id_language":"1"},{"text":"3","id_language":"2"}],"required_note":"0"},{"answer":[{"text":"4","id_language":"1"},{"text":"4","id_language":"2"}],"required_note":"0"},{"answer":[{"text":"5","id_language":"1"},{"text":"5","id_language":"2"}],"required_note":"0"}],"id":"0","name":"Question 2"}]}', 2, '', '', '2018-04-19 10:12:31', '2018-04-19 10:12:31'),
(685, '/api/surveys', 'GET', '[]', 2, '', '', '2018-04-19 10:12:36', '2018-04-19 10:12:36'),
(686, '/api/receivers', 'GET', '[]', 2, '', '', '2018-04-19 10:12:47', '2018-04-19 10:12:47'),
(687, '/api/surveys/86', 'GET', '[]', 2, '', '', '2018-04-19 10:12:47', '2018-04-19 10:12:47'),
(688, '/api/surveys', 'GET', '[]', 2, '', '', '2018-04-19 10:14:46', '2018-04-19 10:14:46'),
(689, '/api/receivers', 'GET', '[]', 12, '', '', '2018-04-19 10:21:23', '2018-04-19 10:21:23'),
(690, '/api/users/12', 'GET', '[]', 12, '', '', '2018-04-19 10:21:23', '2018-04-19 10:21:23'),
(691, '/api/surveys/86', 'GET', '[]', 12, '', '', '2018-04-19 10:21:23', '2018-04-19 10:21:23'),
(692, '/api/surveys/86', 'GET', '[]', 12, '', '', '2018-04-19 10:21:38', '2018-04-19 10:21:38'),
(693, '/api/receivers', 'GET', '[]', 12, '', '', '2018-04-19 10:21:38', '2018-04-19 10:21:38'),
(694, '/api/surveys/86', 'PUT', '{"id":"86","start_date":"2018-04-19","end_date":"2018-04-20","deadline":"2018-04-19","remind_date":"2018-04-13","content":[{"id":"119","title":"Survey 111","id_survey":"86","id_language":"2","footer_text":"The software utility Cron is a time-based job scheduler in Unix-like computer operating systems.","thanks_message":"The software utility Cron is a time-based job scheduler in Unix-like computer operating systems.","intro":"The software utility Cron is a time-based job scheduler in Unix-like computer operating systems."},{"id":"120","title":"Survey 111","id_survey":"86","id_language":"1","footer_text":"The software utility Cron is a time-based job scheduler in Unix-like computer operating systems.","thanks_message":"The software utility Cron is a time-based job scheduler in Unix-like computer operating systems.","intro":"The software utility Cron is a time-based job scheduler in Unix-like computer operating systems."}],"campaign_id":"38","creator_id":"2","creator":{"id":"2","name":"admin","email":"admin@gmail.com","role_id":"1","status":"1","password":"$2y$10$LHZME0HjPoDvYPHLborhquNHxZ92DwlgiQOB5oNmRmqfhyzt23ewu","employee":{"id":"21","dept_code":"ADMIN","current_code":"ADMIN","full_name":"Admin","branch":{"id":"1","name":"Ngh\\u1ec7 An (Vinh)","code":"A","short_name":"NAN"},"departments":[{"id":"25","name":"Humman Resources","code":"9H"}],"gender":"1","join_date":"2018-03-28","birthday":"1994-04-16","id_card":"25652326"},"change_password":"0"},"department_id":"1","department_name":"Route Sales","list_items_approvers":[{"id":"2","name":"admin","email":"admin@gmail.com","employee":{"id":"21","dept_code":"ADMIN","current_code":"ADMIN","full_name":"Admin","branch":{"id":"1","name":"Ngh\\u1ec7 An (Vinh)","code":"A","short_name":"NAN"},"departments":[{"id":"25","name":"Humman Resources","code":"9H"}],"gender":"1","join_date":"2018-03-28","birthday":"1994-04-16","id_card":"25652326"}}],"list_items_creators":[{"id":"2","name":"admin","email":"admin@gmail.com","employee":{"id":"21","dept_code":"ADMIN","current_code":"ADMIN","full_name":"Admin","branch":{"id":"1","name":"Ngh\\u1ec7 An (Vinh)","code":"A","short_name":"NAN"},"departments":[{"id":"25","name":"Humman Resources","code":"9H"}],"gender":"1","join_date":"2018-03-28","birthday":"1994-04-16","id_card":"25652326"}}],"receiver_list_id":"37","receiver_list_name":"Ch\\u1ea5t l\\u01b0\\u1ee3ng cu\\u1ed9c s\\u1ed1ng","questions":{"items":[{"id":"210","type":"1","order":"1","required":"1","question_language":{"items":[{"id":"399","question":"The software utility Cron is a time-based job scheduler in Unix-like computer operating systems.","description":"The software utility Cron is a time-based job scheduler in Unix-like computer operating systems."},{"id":"400","question":"The software utility Cron is a time-based job scheduler in Unix-like computer operating systems.","description":"The software utility Cron is a time-based job scheduler in Unix-like computer operating systems."}]},"answers":[{"id_answer":"229","answer":{"items":[{"id":"457","id_answer":"229","text":"1","id_language":"1"},{"id":"458","id_answer":"229","text":"1","id_language":"2"}]},"required_note":"1"},{"id_answer":"230","answer":{"items":[{"id":"459","id_answer":"230","text":"2","id_language":"1"},{"id":"460","id_answer":"230","text":"2","id_language":"2"}]},"required_note":"1"},{"id_answer":"231","answer":{"items":[{"id":"461","id_answer":"231","text":"3","id_language":"1"},{"id":"462","id_answer":"231","text":"3","id_language":"2"}]},"required_note":"0"},{"id_answer":"232","answer":{"items":[{"id":"463","id_answer":"232","text":"4","id_language":"1"},{"id":"464","id_answer":"232","text":"4","id_language":"2"}]},"required_note":"0"},{"id_answer":"233","answer":{"items":[{"id":"465","id_answer":"233","text":"5","id_language":"1"},{"id":"466","id_answer":"233","text":"5","id_language":"2"}]},"required_note":"0"}]},{"id":"211","type":"1","order":"1","required":"1","question_language":{"items":[{"id":"401","question":"The software utility Cron is a time-based job scheduler in Unix-like computer operating systems.","description":"The software utility Cron is a time-based job scheduler in Unix-like computer operating systems."},{"id":"402","question":"The software utility Cron is a time-based job scheduler in Unix-like computer operating systems.","description":"The software utility Cron is a time-based job scheduler in Unix-like computer operating systems."}]},"answers":[{"id_answer":"234","answer":{"items":[{"id":"467","id_answer":"234","text":"1","id_language":"1"},{"id":"468","id_answer":"234","text":"1","id_language":"2"}]},"required_note":"1"},{"id_answer":"235","answer":{"items":[{"id":"469","id_answer":"235","text":"2","id_language":"1"},{"id":"470","id_answer":"235","text":"2","id_language":"2"}]},"required_note":"1"},{"id_answer":"236","answer":{"items":[{"id":"471","id_answer":"236","text":"3","id_language":"1"},{"id":"472","id_answer":"236","text":"3","id_language":"2"}]},"required_note":"0"},{"id_answer":"237","answer":{"items":[{"id":"473","id_answer":"237","text":"4","id_language":"1"},{"id":"474","id_answer":"237","text":"4","id_language":"2"}]},"required_note":"0"},{"id_answer":"238","answer":{"items":[{"id":"475","id_answer":"238","text":"5","id_language":"1"},{"id":"476","id_answer":"238","text":"5","id_language":"2"}]},"required_note":"0"}]}]},"status":"1","publish_status":"2"}', 12, '', '', '2018-04-19 10:21:47', '2018-04-19 10:21:47'),
(695, '/api/surveys/86', 'PUT', '{"id":"86","start_date":"2018-04-19","end_date":"2018-04-20","deadline":"2018-04-19","remind_date":"2018-04-13","content":[{"id":"119","title":"Survey 111","id_survey":"86","id_language":"2","footer_text":"The software utility Cron is a time-based job scheduler in Unix-like computer operating systems.","thanks_message":"The software utility Cron is a time-based job scheduler in Unix-like computer operating systems.","intro":"The software utility Cron is a time-based job scheduler in Unix-like computer operating systems."},{"id":"120","title":"Survey 111","id_survey":"86","id_language":"1","footer_text":"The software utility Cron is a time-based job scheduler in Unix-like computer operating systems.","thanks_message":"The software utility Cron is a time-based job scheduler in Unix-like computer operating systems.","intro":"The software utility Cron is a time-based job scheduler in Unix-like computer operating systems."}],"campaign_id":"38","creator_id":"2","creator":{"id":"2","name":"admin","email":"admin@gmail.com","role_id":"1","status":"1","password":"$2y$10$LHZME0HjPoDvYPHLborhquNHxZ92DwlgiQOB5oNmRmqfhyzt23ewu","employee":{"id":"21","dept_code":"ADMIN","current_code":"ADMIN","full_name":"Admin","branch":{"id":"1","name":"Ngh\\u1ec7 An (Vinh)","code":"A","short_name":"NAN"},"departments":[{"id":"25","name":"Humman Resources","code":"9H"}],"gender":"1","join_date":"2018-03-28","birthday":"1994-04-16","id_card":"25652326"},"change_password":"0"},"department_id":"1","department_name":"Route Sales","list_items_approvers":[{"id":"2","name":"admin","email":"admin@gmail.com","employee":{"id":"21","dept_code":"ADMIN","current_code":"ADMIN","full_name":"Admin","branch":{"id":"1","name":"Ngh\\u1ec7 An (Vinh)","code":"A","short_name":"NAN"},"departments":[{"id":"25","name":"Humman Resources","code":"9H"}],"gender":"1","join_date":"2018-03-28","birthday":"1994-04-16","id_card":"25652326"}}],"list_items_creators":[{"id":"2","name":"admin","email":"admin@gmail.com","employee":{"id":"21","dept_code":"ADMIN","current_code":"ADMIN","full_name":"Admin","branch":{"id":"1","name":"Ngh\\u1ec7 An (Vinh)","code":"A","short_name":"NAN"},"departments":[{"id":"25","name":"Humman Resources","code":"9H"}],"gender":"1","join_date":"2018-03-28","birthday":"1994-04-16","id_card":"25652326"}}],"receiver_list_id":"37","receiver_list_name":"Ch\\u1ea5t l\\u01b0\\u1ee3ng cu\\u1ed9c s\\u1ed1ng","questions":{"items":[{"id":"210","type":"1","order":"1","required":"1","question_language":{"items":[{"id":"399","question":"The software utility Cron is a time-based job scheduler in Unix-like computer operating systems.","description":"The software utility Cron is a time-based job scheduler in Unix-like computer operating systems."},{"id":"400","question":"The software utility Cron is a time-based job scheduler in Unix-like computer operating systems.","description":"The software utility Cron is a time-based job scheduler in Unix-like computer operating systems."}]},"answers":[{"id_answer":"229","answer":{"items":[{"id":"457","id_answer":"229","text":"1","id_language":"1"},{"id":"458","id_answer":"229","text":"1","id_language":"2"}]},"required_note":"1"},{"id_answer":"230","answer":{"items":[{"id":"459","id_answer":"230","text":"2","id_language":"1"},{"id":"460","id_answer":"230","text":"2","id_language":"2"}]},"required_note":"1"},{"id_answer":"231","answer":{"items":[{"id":"461","id_answer":"231","text":"3","id_language":"1"},{"id":"462","id_answer":"231","text":"3","id_language":"2"}]},"required_note":"0"},{"id_answer":"232","answer":{"items":[{"id":"463","id_answer":"232","text":"4","id_language":"1"},{"id":"464","id_answer":"232","text":"4","id_language":"2"}]},"required_note":"0"},{"id_answer":"233","answer":{"items":[{"id":"465","id_answer":"233","text":"5","id_language":"1"},{"id":"466","id_answer":"233","text":"5","id_language":"2"}]},"required_note":"0"}]},{"id":"211","type":"1","order":"1","required":"1","question_language":{"items":[{"id":"401","question":"The software utility Cron is a time-based job scheduler in Unix-like computer operating systems.","description":"The software utility Cron is a time-based job scheduler in Unix-like computer operating systems."},{"id":"402","question":"The software utility Cron is a time-based job scheduler in Unix-like computer operating systems.","description":"The software utility Cron is a time-based job scheduler in Unix-like computer operating systems."}]},"answers":[{"id_answer":"234","answer":{"items":[{"id":"467","id_answer":"234","text":"1","id_language":"1"},{"id":"468","id_answer":"234","text":"1","id_language":"2"}]},"required_note":"1"},{"id_answer":"235","answer":{"items":[{"id":"469","id_answer":"235","text":"2","id_language":"1"},{"id":"470","id_answer":"235","text":"2","id_language":"2"}]},"required_note":"1"},{"id_answer":"236","answer":{"items":[{"id":"471","id_answer":"236","text":"3","id_language":"1"},{"id":"472","id_answer":"236","text":"3","id_language":"2"}]},"required_note":"0"},{"id_answer":"237","answer":{"items":[{"id":"473","id_answer":"237","text":"4","id_language":"1"},{"id":"474","id_answer":"237","text":"4","id_language":"2"}]},"required_note":"0"},{"id_answer":"238","answer":{"items":[{"id":"475","id_answer":"238","text":"5","id_language":"1"},{"id":"476","id_answer":"238","text":"5","id_language":"2"}]},"required_note":"0"}]}]},"status":"2","publish_status":"2"}', 12, '', '', '2018-04-19 10:21:47', '2018-04-19 10:21:47'),
(696, '/api/questions', 'POST', '{"id_survey":"86","questions":[{"type":"1","typeAnswer":"1","order":"1","required":"1","content":[{"id":"399","question":"The software utility Cron is a time-based job scheduler in Unix-like computer operating systems.","id_language":"1","description":"The software utility Cron is a time-based job scheduler in Unix-like computer operating systems."},{"id":"400","question":"The software utility Cron is a time-based job scheduler in Unix-like computer operating systems.","id_language":"2","description":"The software utility Cron is a time-based job scheduler in Unix-like computer operating systems."}],"answers":[{"id":"229","answer":[{"text":"1","id_language":"1"},{"text":"1","id_language":"2"}],"required_note":"1"},{"id":"230","answer":[{"text":"2","id_language":"1"},{"text":"2","id_language":"2"}],"required_note":"1"},{"id":"231","answer":[{"text":"3","id_language":"1"},{"text":"3","id_language":"2"}],"required_note":"0"},{"id":"232","answer":[{"text":"4","id_language":"1"},{"text":"4","id_language":"2"}],"required_note":"0"},{"id":"233","answer":[{"text":"5","id_language":"1"},{"text":"5","id_language":"2"}],"required_note":"0"}],"id":"210","name":"Question 1"},{"type":"1","typeAnswer":"1","order":"1","required":"1","content":[{"id":"401","question":"The software utility Cron is a time-based job scheduler in Unix-like computer operating systems.","id_language":"1","description":"The software utility Cron is a time-based job scheduler in Unix-like computer operating systems."},{"id":"402","question":"The software utility Cron is a time-based job scheduler in Unix-like computer operating systems.","id_language":"2","description":"The software utility Cron is a time-based job scheduler in Unix-like computer operating systems."}],"answers":[{"id":"234","answer":[{"text":"1","id_language":"1"},{"text":"1","id_language":"2"}],"required_note":"1"},{"id":"235","answer":[{"text":"2","id_language":"1"},{"text":"2","id_language":"2"}],"required_note":"1"},{"id":"236","answer":[{"text":"3","id_language":"1"},{"text":"3","id_language":"2"}],"required_note":"0"},{"id":"237","answer":[{"text":"4","id_language":"1"},{"text":"4","id_language":"2"}],"required_note":"0"},{"id":"238","answer":[{"text":"5","id_language":"1"},{"text":"5","id_language":"2"}],"required_note":"0"}],"id":"211","name":"Question 2"}]}', 12, '', '', '2018-04-19 10:21:48', '2018-04-19 10:21:48'),
(697, '/api/surveys', 'GET', '[]', 12, '', '', '2018-04-19 10:21:54', '2018-04-19 10:21:54'),
(698, '/api/subkpis?responsibility_id=2&&', 'GET', '{"responsibility_id":"2"}', 2, '', '', '2018-04-19 10:22:40', '2018-04-19 10:22:40'),
(699, '/api/subkpis/194', 'GET', '[]', 2, '', '', '2018-04-19 10:23:05', '2018-04-19 10:23:05'),
(700, '/api/users', 'GET', '[]', 2, '', '', '2018-04-19 10:23:05', '2018-04-19 10:23:05'),
(701, '/api/departments', 'GET', '[]', 2, '', '', '2018-04-19 10:23:05', '2018-04-19 10:23:05'),
(702, '/api/divisions', 'GET', '[]', 2, '', '', '2018-04-19 10:23:05', '2018-04-19 10:23:05'),
(703, '/api/branches', 'GET', '[]', 2, '', '', '2018-04-19 10:23:06', '2018-04-19 10:23:06'),
(704, '/api/users', 'GET', '[]', 2, '', '', '2018-04-19 10:23:07', '2018-04-19 10:23:07'),
(705, '/api/subkpis?kpi_id=124&&', 'GET', '{"kpi_id":"124"}', 2, '', '', '2018-04-19 10:23:08', '2018-04-19 10:23:08'),
(706, '/api/positions', 'GET', '[]', 12, '', '', '2018-04-19 10:23:30', '2018-04-19 10:23:30'),
(707, '/api/divisions', 'GET', '[]', 12, '', '', '2018-04-19 10:23:30', '2018-04-19 10:23:30'),
(708, '/api/departments', 'GET', '[]', 12, '', '', '2018-04-19 10:23:30', '2018-04-19 10:23:30'),
(709, '/api/branches', 'GET', '[]', 12, '', '', '2018-04-19 10:23:30', '2018-04-19 10:23:30'),
(710, '/api/users', 'GET', '[]', 12, '', '', '2018-04-19 10:23:30', '2018-04-19 10:23:30'),
(711, '/api/surveys', 'GET', '[]', 2, '', '', '2018-04-19 10:24:14', '2018-04-19 10:24:14'),
(712, '/api/departments', 'GET', '[]', 2, '', '', '2018-04-19 10:24:54', '2018-04-19 10:24:54'),
(713, '/api/branches', 'GET', '[]', 2, '', '', '2018-04-19 10:24:54', '2018-04-19 10:24:54'),
(714, '/api/subkpis/194', 'GET', '[]', 2, '', '', '2018-04-19 10:24:54', '2018-04-19 10:24:54'),
(715, '/api/users', 'GET', '[]', 2, '', '', '2018-04-19 10:24:54', '2018-04-19 10:24:54'),
(716, '/api/divisions', 'GET', '[]', 2, '', '', '2018-04-19 10:24:54', '2018-04-19 10:24:54'),
(717, '/api/users', 'GET', '[]', 2, '', '', '2018-04-19 10:24:55', '2018-04-19 10:24:55'),
(718, '/api/subkpis?kpi_id=124&&', 'GET', '{"kpi_id":"124"}', 2, '', '', '2018-04-19 10:24:56', '2018-04-19 10:24:56'),
(719, '/api/surveys/86', 'GET', '[]', 2, '', '', '2018-04-19 10:24:25', '2018-04-19 10:24:25'),
(720, '/api/survey-comments?survey_id=86&&', 'GET', '{"survey_id":"86"}', 2, '', '', '2018-04-19 10:24:25', '2018-04-19 10:24:25'),
(721, '/api/question-comments?id_question=210&&', 'GET', '{"id_question":"210"}', 2, '', '', '2018-04-19 10:24:26', '2018-04-19 10:24:26'),
(722, '/api/question-comments?id_question=211&&', 'GET', '{"id_question":"211"}', 2, '', '', '2018-04-19 10:24:26', '2018-04-19 10:24:26'),
(723, '/api/users/2', 'GET', '[]', 2, '', '', '2018-04-19 10:24:26', '2018-04-19 10:24:26'),
(724, '/api/receivers/37', 'GET', '[]', 2, '', '', '2018-04-19 10:24:26', '2018-04-19 10:24:26'),
(725, '/api/change-status-survey', 'POST', '{"id":"86","status":"4","user_id":"2"}', 2, '', '', '2018-04-19 10:24:30', '2018-04-19 10:24:30'),
(726, '/api/surveys', 'GET', '[]', 2, '', '', '2018-04-19 10:24:33', '2018-04-19 10:24:33'),
(727, '/api/positions', 'GET', '[]', 12, '', '', '2018-04-19 10:25:26', '2018-04-19 10:25:26'),
(728, '/api/departments', 'GET', '[]', 12, '', '', '2018-04-19 10:25:26', '2018-04-19 10:25:26'),
(729, '/api/divisions', 'GET', '[]', 12, '', '', '2018-04-19 10:25:26', '2018-04-19 10:25:26'),
(730, '/api/branches', 'GET', '[]', 12, '', '', '2018-04-19 10:25:26', '2018-04-19 10:25:26'),
(731, '/api/users', 'GET', '[]', 12, '', '', '2018-04-19 10:25:26', '2018-04-19 10:25:26'),
(732, '/api/divisions', 'GET', '[]', 12, '', '', '2018-04-19 10:26:44', '2018-04-19 10:26:44'),
(733, '/api/users', 'GET', '[]', 12, '', '', '2018-04-19 10:26:44', '2018-04-19 10:26:44'),
(734, '/api/departments', 'GET', '[]', 12, '', '', '2018-04-19 10:26:44', '2018-04-19 10:26:44'),
(735, '/api/positions', 'GET', '[]', 12, '', '', '2018-04-19 10:26:44', '2018-04-19 10:26:44'),
(736, '/api/branches', 'GET', '[]', 12, '', '', '2018-04-19 10:26:44', '2018-04-19 10:26:44'),
(737, '/api/branches', 'GET', '[]', 2, '', '', '2018-04-19 10:30:33', '2018-04-19 10:30:33'),
(738, '/api/subkpis/194', 'GET', '[]', 2, '', '', '2018-04-19 10:30:33', '2018-04-19 10:30:33'),
(739, '/api/departments', 'GET', '[]', 2, '', '', '2018-04-19 10:30:33', '2018-04-19 10:30:33'),
(740, '/api/users', 'GET', '[]', 2, '', '', '2018-04-19 10:30:33', '2018-04-19 10:30:33'),
(741, '/api/divisions', 'GET', '[]', 2, '', '', '2018-04-19 10:30:33', '2018-04-19 10:30:33'),
(742, '/api/users', 'GET', '[]', 2, '', '', '2018-04-19 10:30:34', '2018-04-19 10:30:34'),
(743, '/api/subkpis?kpi_id=124&&', 'GET', '{"kpi_id":"124"}', 2, '', '', '2018-04-19 10:30:35', '2018-04-19 10:30:35'),
(744, '/api/departments', 'GET', '[]', 12, '', '', '2018-04-19 10:37:17', '2018-04-19 10:37:17'),
(745, '/api/branches', 'GET', '[]', 12, '', '', '2018-04-19 10:37:17', '2018-04-19 10:37:17'),
(746, '/api/divisions', 'GET', '[]', 12, '', '', '2018-04-19 10:37:17', '2018-04-19 10:37:17'),
(747, '/api/users', 'GET', '[]', 12, '', '', '2018-04-19 10:37:17', '2018-04-19 10:37:17'),
(748, '/api/positions', 'GET', '[]', 12, '', '', '2018-04-19 10:37:17', '2018-04-19 10:37:17'),
(749, '/api/subkpis?responsibility_id=12&&', 'GET', '{"responsibility_id":"12"}', 12, '', '', '2018-04-19 10:38:24', '2018-04-19 10:38:24'),
(750, '/api/subkpis?responsibility_id=12&&', 'GET', '{"responsibility_id":"12"}', 12, '', '', '2018-04-19 10:39:15', '2018-04-19 10:39:15'),
(751, '/api/subkpis?responsibility_id=12&&', 'GET', '{"responsibility_id":"12"}', 12, '', '', '2018-04-19 10:40:53', '2018-04-19 10:40:53'),
(752, '/api/departments', 'GET', '[]', 2, '', '', '2018-04-19 10:41:44', '2018-04-19 10:41:44'),
(753, '/api/subkpis/194', 'GET', '[]', 2, '', '', '2018-04-19 10:41:44', '2018-04-19 10:41:44'),
(754, '/api/branches', 'GET', '[]', 2, '', '', '2018-04-19 10:41:44', '2018-04-19 10:41:44'),
(755, '/api/users', 'GET', '[]', 2, '', '', '2018-04-19 10:41:44', '2018-04-19 10:41:44'),
(756, '/api/divisions', 'GET', '[]', 2, '', '', '2018-04-19 10:41:44', '2018-04-19 10:41:44'),
(757, '/api/users', 'GET', '[]', 2, '', '', '2018-04-19 10:41:45', '2018-04-19 10:41:45'),
(758, '/api/subkpis?kpi_id=124&&', 'GET', '{"kpi_id":"124"}', 2, '', '', '2018-04-19 10:41:46', '2018-04-19 10:41:46'),
(759, '/api/users', 'GET', '[]', 2, '', '', '2018-04-19 10:44:57', '2018-04-19 10:44:57'),
(760, '/api/branches', 'GET', '[]', 2, '', '', '2018-04-19 10:44:57', '2018-04-19 10:44:57'),
(761, '/api/subkpis/194', 'GET', '[]', 2, '', '', '2018-04-19 10:44:57', '2018-04-19 10:44:57'),
(762, '/api/departments', 'GET', '[]', 2, '', '', '2018-04-19 10:44:57', '2018-04-19 10:44:57'),
(763, '/api/divisions', 'GET', '[]', 2, '', '', '2018-04-19 10:44:57', '2018-04-19 10:44:57'),
(764, '/api/users', 'GET', '[]', 2, '', '', '2018-04-19 10:44:58', '2018-04-19 10:44:58'),
(765, '/api/subkpis?kpi_id=124&&', 'GET', '{"kpi_id":"124"}', 2, '', '', '2018-04-19 10:44:58', '2018-04-19 10:44:58'),
(766, '/api/branches', 'GET', '[]', 2, '', '', '2018-04-19 10:45:23', '2018-04-19 10:45:23'),
(767, '/api/divisions', 'GET', '[]', 2, '', '', '2018-04-19 10:45:24', '2018-04-19 10:45:24'),
(768, '/api/users', 'GET', '[]', 2, '', '', '2018-04-19 10:45:24', '2018-04-19 10:45:24'),
(769, '/api/subkpis/194', 'GET', '[]', 2, '', '', '2018-04-19 10:45:24', '2018-04-19 10:45:24'),
(770, '/api/departments', 'GET', '[]', 2, '', '', '2018-04-19 10:45:24', '2018-04-19 10:45:24'),
(771, '/api/users', 'GET', '[]', 2, '', '', '2018-04-19 10:45:24', '2018-04-19 10:45:24'),
(772, '/api/subkpis?kpi_id=124&&', 'GET', '{"kpi_id":"124"}', 2, '', '', '2018-04-19 10:45:25', '2018-04-19 10:45:25'),
(773, '/api/subkpis?responsibility_id=2&&', 'GET', '{"responsibility_id":"2"}', 2, '', '', '2018-04-19 10:46:53', '2018-04-19 10:46:53'),
(774, '/api/receivers', 'GET', '[]', 12, '', '', '2018-04-19 10:48:58', '2018-04-19 10:48:58'),
(775, '/api/branches', 'GET', '[]', 12, '', '', '2018-04-19 10:49:06', '2018-04-19 10:49:06'),
(776, '/api/users', 'GET', '[]', 12, '', '', '2018-04-19 10:49:06', '2018-04-19 10:49:06'),
(777, '/api/positions', 'GET', '[]', 12, '', '', '2018-04-19 10:49:06', '2018-04-19 10:49:06'),
(778, '/api/divisions', 'GET', '[]', 12, '', '', '2018-04-19 10:49:06', '2018-04-19 10:49:06'),
(779, '/api/departments', 'GET', '[]', 12, '', '', '2018-04-19 10:49:06', '2018-04-19 10:49:06'),
(780, '/api/saveresultsubkpis', 'GET', '[]', 2, '', '', '2018-04-19 10:49:24', '2018-04-19 10:49:24'),
(781, '/api/subkpis?responsibility_id=2&&', 'GET', '{"responsibility_id":"2"}', 2, '', '', '2018-04-19 10:49:30', '2018-04-19 10:49:30'),
(782, '/api/subkpis/178', 'GET', '[]', 2, '', '', '2018-04-19 10:50:16', '2018-04-19 10:50:16'),
(783, '/api/kpiactionplans?sub_kpi_id=178&&', 'GET', '{"sub_kpi_id":"178"}', 2, '', '', '2018-04-19 10:50:16', '2018-04-19 10:50:16'),
(784, '/api/kpiactionplans/265', 'GET', '[]', 2, '', '', '2018-04-19 10:50:37', '2018-04-19 10:50:37'),
(785, '/api/saveresultsubkpis', 'GET', '[]', 2, '', '', '2018-04-19 10:50:43', '2018-04-19 10:50:43'),
(786, '/api/saveresultsubkpis/80', 'GET', '[]', 2, '', '', '2018-04-19 10:51:12', '2018-04-19 10:51:12'),
(787, '/api/save-result-action-plans?result_sub_kpi_id=80&&', 'GET', '{"result_sub_kpi_id":"80"}', 2, '', '', '2018-04-19 10:51:12', '2018-04-19 10:51:12'),
(788, '/api/departments', 'GET', '[]', 2, '', '', '2018-04-19 10:51:17', '2018-04-19 10:51:17'),
(789, '/api/subkpis?main=1&&', 'GET', '{"main":"1"}', 2, '', '', '2018-04-19 10:51:17', '2018-04-19 10:51:17'),
(790, '/api/branches', 'GET', '[]', 2, '', '', '2018-04-19 10:51:17', '2018-04-19 10:51:17'),
(791, '/api/users', 'GET', '[]', 2, '', '', '2018-04-19 10:52:02', '2018-04-19 10:52:02'),
(792, '/api/departments', 'GET', '[]', 2, '', '', '2018-04-19 10:52:02', '2018-04-19 10:52:02'),
(793, '/api/subkpis/194', 'GET', '[]', 2, '', '', '2018-04-19 10:52:02', '2018-04-19 10:52:02'),
(794, '/api/branches', 'GET', '[]', 2, '', '', '2018-04-19 10:52:02', '2018-04-19 10:52:02'),
(795, '/api/divisions', 'GET', '[]', 2, '', '', '2018-04-19 10:52:02', '2018-04-19 10:52:02'),
(796, '/api/users', 'GET', '[]', 2, '', '', '2018-04-19 10:52:03', '2018-04-19 10:52:03'),
(797, '/api/subkpis?kpi_id=124&&', 'GET', '{"kpi_id":"124"}', 2, '', '', '2018-04-19 10:52:04', '2018-04-19 10:52:04'),
(798, '/api/positions', 'GET', '[]', 12, '', '', '2018-04-19 10:54:56', '2018-04-19 10:54:56'),
(799, '/api/divisions', 'GET', '[]', 12, '', '', '2018-04-19 10:54:56', '2018-04-19 10:54:56'),
(800, '/api/branches', 'GET', '[]', 12, '', '', '2018-04-19 10:54:56', '2018-04-19 10:54:56'),
(801, '/api/departments', 'GET', '[]', 12, '', '', '2018-04-19 10:54:56', '2018-04-19 10:54:56'),
(802, '/api/users', 'GET', '[]', 12, '', '', '2018-04-19 10:54:56', '2018-04-19 10:54:56'),
(803, '/api/users', 'GET', '[]', 2, '', '', '2018-04-19 10:55:51', '2018-04-19 10:55:51'),
(804, '/api/branches', 'GET', '[]', 2, '', '', '2018-04-19 10:55:51', '2018-04-19 10:55:51'),
(805, '/api/divisions', 'GET', '[]', 2, '', '', '2018-04-19 10:55:51', '2018-04-19 10:55:51'),
(806, '/api/subkpis/194', 'GET', '[]', 2, '', '', '2018-04-19 10:55:51', '2018-04-19 10:55:51'),
(807, '/api/departments', 'GET', '[]', 2, '', '', '2018-04-19 10:55:51', '2018-04-19 10:55:51'),
(808, '/api/users', 'GET', '[]', 2, '', '', '2018-04-19 10:55:52', '2018-04-19 10:55:52'),
(809, '/api/subkpis?kpi_id=124&&', 'GET', '{"kpi_id":"124"}', 2, '', '', '2018-04-19 10:55:52', '2018-04-19 10:55:52'),
(810, '/api/positions', 'GET', '[]', 12, '', '', '2018-04-19 10:56:42', '2018-04-19 10:56:42'),
(811, '/api/branches', 'GET', '[]', 12, '', '', '2018-04-19 10:56:42', '2018-04-19 10:56:42'),
(812, '/api/departments', 'GET', '[]', 12, '', '', '2018-04-19 10:56:42', '2018-04-19 10:56:42'),
(813, '/api/divisions', 'GET', '[]', 12, '', '', '2018-04-19 10:56:42', '2018-04-19 10:56:42'),
(814, '/api/users', 'GET', '[]', 12, '', '', '2018-04-19 10:56:42', '2018-04-19 10:56:42'),
(815, '/api/positions', 'GET', '[]', 12, '', '', '2018-04-19 10:57:53', '2018-04-19 10:57:53'),
(816, '/api/departments', 'GET', '[]', 12, '', '', '2018-04-19 10:57:53', '2018-04-19 10:57:53'),
(817, '/api/divisions', 'GET', '[]', 12, '', '', '2018-04-19 10:57:53', '2018-04-19 10:57:53'),
(818, '/api/users', 'GET', '[]', 12, '', '', '2018-04-19 10:57:53', '2018-04-19 10:57:53'),
(819, '/api/branches', 'GET', '[]', 12, '', '', '2018-04-19 10:57:53', '2018-04-19 10:57:53'),
(820, '/api/divisions', 'GET', '[]', 2, '', '', '2018-04-19 10:59:29', '2018-04-19 10:59:29'),
(821, '/api/users', 'GET', '[]', 2, '', '', '2018-04-19 10:59:29', '2018-04-19 10:59:29'),
(822, '/api/subkpis/194', 'GET', '[]', 2, '', '', '2018-04-19 10:59:29', '2018-04-19 10:59:29'),
(823, '/api/departments', 'GET', '[]', 2, '', '', '2018-04-19 10:59:29', '2018-04-19 10:59:29'),
(824, '/api/branches', 'GET', '[]', 2, '', '', '2018-04-19 10:59:29', '2018-04-19 10:59:29'),
(825, '/api/users', 'GET', '[]', 2, '', '', '2018-04-19 10:59:30', '2018-04-19 10:59:30'),
(826, '/api/subkpis?kpi_id=124&&', 'GET', '{"kpi_id":"124"}', 2, '', '', '2018-04-19 10:59:31', '2018-04-19 10:59:31'),
(827, '/api/positions', 'GET', '[]', 12, '', '', '2018-04-19 11:03:16', '2018-04-19 11:03:16'),
(828, '/api/divisions', 'GET', '[]', 12, '', '', '2018-04-19 11:03:16', '2018-04-19 11:03:16'),
(829, '/api/departments', 'GET', '[]', 12, '', '', '2018-04-19 11:03:16', '2018-04-19 11:03:16'),
(830, '/api/branches', 'GET', '[]', 12, '', '', '2018-04-19 11:03:16', '2018-04-19 11:03:16'),
(831, '/api/users', 'GET', '[]', 12, '', '', '2018-04-19 11:03:16', '2018-04-19 11:03:16'),
(832, '/api/divisions', 'GET', '[]', 12, '', '', '2018-04-19 11:03:38', '2018-04-19 11:03:38'),
(833, '/api/positions', 'GET', '[]', 12, '', '', '2018-04-19 11:03:38', '2018-04-19 11:03:38'),
(834, '/api/branches', 'GET', '[]', 12, '', '', '2018-04-19 11:03:38', '2018-04-19 11:03:38'),
(835, '/api/users', 'GET', '[]', 12, '', '', '2018-04-19 11:03:38', '2018-04-19 11:03:38'),
(836, '/api/departments', 'GET', '[]', 12, '', '', '2018-04-19 11:03:38', '2018-04-19 11:03:38'),
(837, '/api/departments', 'GET', '[]', 2, '', '', '2018-04-19 11:04:13', '2018-04-19 11:04:13'),
(838, '/api/users', 'GET', '[]', 2, '', '', '2018-04-19 11:04:13', '2018-04-19 11:04:13'),
(839, '/api/branches', 'GET', '[]', 2, '', '', '2018-04-19 11:04:13', '2018-04-19 11:04:13'),
(840, '/api/divisions', 'GET', '[]', 2, '', '', '2018-04-19 11:04:13', '2018-04-19 11:04:13'),
(841, '/api/subkpis/194', 'GET', '[]', 2, '', '', '2018-04-19 11:04:13', '2018-04-19 11:04:13'),
(842, '/api/users', 'GET', '[]', 2, '', '', '2018-04-19 11:04:15', '2018-04-19 11:04:15'),
(843, '/api/subkpis?kpi_id=124&&', 'GET', '{"kpi_id":"124"}', 2, '', '', '2018-04-19 11:04:15', '2018-04-19 11:04:15'),
(844, '/api/branches', 'GET', '[]', 12, '', '', '2018-04-19 11:05:09', '2018-04-19 11:05:09'),
(845, '/api/divisions', 'GET', '[]', 12, '', '', '2018-04-19 11:05:09', '2018-04-19 11:05:09'),
(846, '/api/users', 'GET', '[]', 12, '', '', '2018-04-19 11:05:09', '2018-04-19 11:05:09'),
(847, '/api/positions', 'GET', '[]', 12, '', '', '2018-04-19 11:05:09', '2018-04-19 11:05:09'),
(848, '/api/departments', 'GET', '[]', 12, '', '', '2018-04-19 11:05:10', '2018-04-19 11:05:10'),
(849, '/api/subkpis/194', 'GET', '[]', 2, '', '', '2018-04-19 11:09:27', '2018-04-19 11:09:27'),
(850, '/api/departments', 'GET', '[]', 2, '', '', '2018-04-19 11:09:27', '2018-04-19 11:09:27'),
(851, '/api/divisions', 'GET', '[]', 2, '', '', '2018-04-19 11:09:27', '2018-04-19 11:09:27'),
(852, '/api/users', 'GET', '[]', 2, '', '', '2018-04-19 11:09:27', '2018-04-19 11:09:27'),
(853, '/api/branches', 'GET', '[]', 2, '', '', '2018-04-19 11:09:27', '2018-04-19 11:09:27'),
(854, '/api/users', 'GET', '[]', 2, '', '', '2018-04-19 11:09:28', '2018-04-19 11:09:28'),
(855, '/api/subkpis?kpi_id=124&&', 'GET', '{"kpi_id":"124"}', 2, '', '', '2018-04-19 11:09:28', '2018-04-19 11:09:28'),
(856, '/api/positions', 'GET', '[]', 12, '', '', '2018-04-19 11:16:08', '2018-04-19 11:16:08'),
(857, '/api/departments', 'GET', '[]', 12, '', '', '2018-04-19 11:16:08', '2018-04-19 11:16:08'),
(858, '/api/users', 'GET', '[]', 12, '', '', '2018-04-19 11:16:08', '2018-04-19 11:16:08'),
(859, '/api/divisions', 'GET', '[]', 12, '', '', '2018-04-19 11:16:08', '2018-04-19 11:16:08'),
(860, '/api/branches', 'GET', '[]', 12, '', '', '2018-04-19 11:16:08', '2018-04-19 11:16:08'),
(861, '/api/users', 'GET', '[]', 2, '', '', '2018-04-19 11:16:44', '2018-04-19 11:16:44'),
(862, '/api/departments', 'GET', '[]', 2, '', '', '2018-04-19 11:16:44', '2018-04-19 11:16:44'),
(863, '/api/divisions', 'GET', '[]', 2, '', '', '2018-04-19 11:16:44', '2018-04-19 11:16:44'),
(864, '/api/branches', 'GET', '[]', 2, '', '', '2018-04-19 11:16:44', '2018-04-19 11:16:44'),
(865, '/api/subkpis/194', 'GET', '[]', 2, '', '', '2018-04-19 11:16:44', '2018-04-19 11:16:44'),
(866, '/api/users', 'GET', '[]', 2, '', '', '2018-04-19 11:16:45', '2018-04-19 11:16:45'),
(867, '/api/subkpis?kpi_id=124&&', 'GET', '{"kpi_id":"124"}', 2, '', '', '2018-04-19 11:16:46', '2018-04-19 11:16:46'),
(868, '/api/departments', 'GET', '[]', 12, '', '', '2018-04-19 11:17:28', '2018-04-19 11:17:28'),
(869, '/api/positions', 'GET', '[]', 12, '', '', '2018-04-19 11:17:28', '2018-04-19 11:17:28'),
(870, '/api/divisions', 'GET', '[]', 12, '', '', '2018-04-19 11:17:28', '2018-04-19 11:17:28'),
(871, '/api/branches', 'GET', '[]', 12, '', '', '2018-04-19 11:17:28', '2018-04-19 11:17:28'),
(872, '/api/users', 'GET', '[]', 12, '', '', '2018-04-19 11:17:28', '2018-04-19 11:17:28'),
(873, '/api/positions', 'GET', '[]', 12, '', '', '2018-04-19 11:17:39', '2018-04-19 11:17:39'),
(874, '/api/divisions', 'GET', '[]', 12, '', '', '2018-04-19 11:17:39', '2018-04-19 11:17:39'),
(875, '/api/departments', 'GET', '[]', 12, '', '', '2018-04-19 11:17:39', '2018-04-19 11:17:39'),
(876, '/api/branches', 'GET', '[]', 12, '', '', '2018-04-19 11:17:39', '2018-04-19 11:17:39'),
(877, '/api/users', 'GET', '[]', 12, '', '', '2018-04-19 11:17:39', '2018-04-19 11:17:39'),
(878, '/api/positions', 'GET', '[]', 12, '', '', '2018-04-19 11:18:15', '2018-04-19 11:18:15'),
(879, '/api/branches', 'GET', '[]', 12, '', '', '2018-04-19 11:18:15', '2018-04-19 11:18:15'),
(880, '/api/users', 'GET', '[]', 12, '', '', '2018-04-19 11:18:15', '2018-04-19 11:18:15'),
(881, '/api/divisions', 'GET', '[]', 12, '', '', '2018-04-19 11:18:15', '2018-04-19 11:18:15'),
(882, '/api/departments', 'GET', '[]', 12, '', '', '2018-04-19 11:18:15', '2018-04-19 11:18:15'),
(883, '/api/users', 'GET', '[]', 2, '', '', '2018-04-19 11:21:15', '2018-04-19 11:21:15'),
(884, '/api/departments', 'GET', '[]', 2, '', '', '2018-04-19 11:21:15', '2018-04-19 11:21:15'),
(885, '/api/subkpis/194', 'GET', '[]', 2, '', '', '2018-04-19 11:21:15', '2018-04-19 11:21:15'),
(886, '/api/branches', 'GET', '[]', 2, '', '', '2018-04-19 11:21:15', '2018-04-19 11:21:15'),
(887, '/api/divisions', 'GET', '[]', 2, '', '', '2018-04-19 11:21:15', '2018-04-19 11:21:15'),
(888, '/api/users', 'GET', '[]', 2, '', '', '2018-04-19 11:21:15', '2018-04-19 11:21:15'),
(889, '/api/subkpis?kpi_id=124&&', 'GET', '{"kpi_id":"124"}', 2, '', '', '2018-04-19 11:21:16', '2018-04-19 11:21:16'),
(890, '/api/departments', 'GET', '[]', 2, '', '', '2018-04-19 11:22:25', '2018-04-19 11:22:25'),
(891, '/api/users', 'GET', '[]', 2, '', '', '2018-04-19 11:22:24', '2018-04-19 11:22:24'),
(892, '/api/divisions', 'GET', '[]', 2, '', '', '2018-04-19 11:22:25', '2018-04-19 11:22:25'),
(893, '/api/branches', 'GET', '[]', 2, '', '', '2018-04-19 11:22:25', '2018-04-19 11:22:25'),
(894, '/api/subkpis/194', 'GET', '[]', 2, '', '', '2018-04-19 11:22:25', '2018-04-19 11:22:25'),
(895, '/api/users', 'GET', '[]', 2, '', '', '2018-04-19 11:22:26', '2018-04-19 11:22:26'),
(896, '/api/subkpis?kpi_id=124&&', 'GET', '{"kpi_id":"124"}', 2, '', '', '2018-04-19 11:22:26', '2018-04-19 11:22:26'),
(897, '/api/departments', 'GET', '[]', 12, '', '', '2018-04-19 11:25:16', '2018-04-19 11:25:16'),
(898, '/api/branches', 'GET', '[]', 12, '', '', '2018-04-19 11:25:16', '2018-04-19 11:25:16'),
(899, '/api/divisions', 'GET', '[]', 12, '', '', '2018-04-19 11:25:16', '2018-04-19 11:25:16'),
(900, '/api/positions', 'GET', '[]', 12, '', '', '2018-04-19 11:25:16', '2018-04-19 11:25:16'),
(901, '/api/users', 'GET', '[]', 12, '', '', '2018-04-19 11:25:16', '2018-04-19 11:25:16'),
(902, '/api/departments', 'GET', '[]', 12, '', '', '2018-04-19 11:25:51', '2018-04-19 11:25:51'),
(903, '/api/branches', 'GET', '[]', 12, '', '', '2018-04-19 11:25:52', '2018-04-19 11:25:52'),
(904, '/api/positions', 'GET', '[]', 12, '', '', '2018-04-19 11:25:52', '2018-04-19 11:25:52'),
(905, '/api/users', 'GET', '[]', 12, '', '', '2018-04-19 11:25:52', '2018-04-19 11:25:52'),
(906, '/api/divisions', 'GET', '[]', 12, '', '', '2018-04-19 11:25:52', '2018-04-19 11:25:52'),
(907, '/api/users', 'GET', '[]', 2, '', '', '2018-04-19 11:26:14', '2018-04-19 11:26:14'),
(908, '/api/branches', 'GET', '[]', 2, '', '', '2018-04-19 11:26:14', '2018-04-19 11:26:14'),
(909, '/api/departments', 'GET', '[]', 2, '', '', '2018-04-19 11:26:15', '2018-04-19 11:26:15'),
(910, '/api/subkpis/194', 'GET', '[]', 2, '', '', '2018-04-19 11:26:15', '2018-04-19 11:26:15'),
(911, '/api/divisions', 'GET', '[]', 2, '', '', '2018-04-19 11:26:15', '2018-04-19 11:26:15'),
(912, '/api/users', 'GET', '[]', 2, '', '', '2018-04-19 11:26:16', '2018-04-19 11:26:16'),
(913, '/api/subkpis?kpi_id=124&&', 'GET', '{"kpi_id":"124"}', 2, '', '', '2018-04-19 11:26:16', '2018-04-19 11:26:16'),
(914, '/api/positions', 'GET', '[]', 12, '', '', '2018-04-19 11:27:29', '2018-04-19 11:27:29'),
(915, '/api/divisions', 'GET', '[]', 12, '', '', '2018-04-19 11:27:29', '2018-04-19 11:27:29'),
(916, '/api/departments', 'GET', '[]', 12, '', '', '2018-04-19 11:27:29', '2018-04-19 11:27:29'),
(917, '/api/users', 'GET', '[]', 12, '', '', '2018-04-19 11:27:29', '2018-04-19 11:27:29'),
(918, '/api/branches', 'GET', '[]', 12, '', '', '2018-04-19 11:27:29', '2018-04-19 11:27:29'),
(919, '/api/users', 'GET', '[]', 2, '', '', '2018-04-19 11:29:44', '2018-04-19 11:29:44'),
(920, '/api/subkpis/194', 'GET', '[]', 2, '', '', '2018-04-19 11:29:44', '2018-04-19 11:29:44'),
(921, '/api/departments', 'GET', '[]', 2, '', '', '2018-04-19 11:29:44', '2018-04-19 11:29:44'),
(922, '/api/branches', 'GET', '[]', 2, '', '', '2018-04-19 11:29:44', '2018-04-19 11:29:44'),
(923, '/api/divisions', 'GET', '[]', 2, '', '', '2018-04-19 11:29:44', '2018-04-19 11:29:44'),
(924, '/api/subkpis?kpi_id=124&&', 'GET', '{"kpi_id":"124"}', 2, '', '', '2018-04-19 11:29:45', '2018-04-19 11:29:45'),
(925, '/api/divisions', 'GET', '[]', 2, '', '', '2018-04-19 11:29:56', '2018-04-19 11:29:56'),
(926, '/api/departments', 'GET', '[]', 2, '', '', '2018-04-19 11:29:56', '2018-04-19 11:29:56'),
(927, '/api/branches', 'GET', '[]', 2, '', '', '2018-04-19 11:29:56', '2018-04-19 11:29:56'),
(928, '/api/users', 'GET', '[]', 2, '', '', '2018-04-19 11:29:56', '2018-04-19 11:29:56'),
(929, '/api/subkpis/194', 'GET', '[]', 2, '', '', '2018-04-19 11:29:56', '2018-04-19 11:29:56'),
(930, '/api/users', 'GET', '[]', 2, '', '', '2018-04-19 11:29:58', '2018-04-19 11:29:58'),
(931, '/api/subkpis?kpi_id=124&&', 'GET', '{"kpi_id":"124"}', 2, '', '', '2018-04-19 11:29:58', '2018-04-19 11:29:58'),
(932, '/api/subkpis/194', 'GET', '[]', 2, '', '', '2018-04-19 12:00:29', '2018-04-19 12:00:29'),
(933, '/api/branches', 'GET', '[]', 2, '', '', '2018-04-19 12:00:29', '2018-04-19 12:00:29'),
(934, '/api/departments', 'GET', '[]', 2, '', '', '2018-04-19 12:00:29', '2018-04-19 12:00:29'),
(935, '/api/divisions', 'GET', '[]', 2, '', '', '2018-04-19 12:00:29', '2018-04-19 12:00:29'),
(936, '/api/users', 'GET', '[]', 2, '', '', '2018-04-19 12:00:30', '2018-04-19 12:00:30'),
(937, '/api/users', 'GET', '[]', 2, '', '', '2018-04-19 12:00:31', '2018-04-19 12:00:31'),
(938, '/api/subkpis?kpi_id=124&&', 'GET', '{"kpi_id":"124"}', 2, '', '', '2018-04-19 12:00:32', '2018-04-19 12:00:32'),
(939, '/api/branches', 'GET', '[]', 2, '', '', '2018-04-19 12:03:27', '2018-04-19 12:03:27'),
(940, '/api/subkpis/194', 'GET', '[]', 2, '', '', '2018-04-19 12:03:27', '2018-04-19 12:03:27'),
(941, '/api/departments', 'GET', '[]', 2, '', '', '2018-04-19 12:03:27', '2018-04-19 12:03:27'),
(942, '/api/users', 'GET', '[]', 2, '', '', '2018-04-19 12:03:27', '2018-04-19 12:03:27'),
(943, '/api/divisions', 'GET', '[]', 2, '', '', '2018-04-19 12:03:27', '2018-04-19 12:03:27'),
(944, '/api/users', 'GET', '[]', 2, '', '', '2018-04-19 12:03:28', '2018-04-19 12:03:28'),
(945, '/api/subkpis?kpi_id=124&&', 'GET', '{"kpi_id":"124"}', 2, '', '', '2018-04-19 12:03:29', '2018-04-19 12:03:29'),
(946, '/api/departments', 'GET', '[]', 2, '', '', '2018-04-19 12:05:22', '2018-04-19 12:05:22'),
(947, '/api/users', 'GET', '[]', 2, '', '', '2018-04-19 12:05:22', '2018-04-19 12:05:22'),
(948, '/api/users', 'GET', '[]', 2, '', '', '2018-04-19 12:05:22', '2018-04-19 12:05:22'),
(949, '/api/divisions', 'GET', '[]', 2, '', '', '2018-04-19 12:05:22', '2018-04-19 12:05:22'),
(950, '/api/branches', 'GET', '[]', 2, '', '', '2018-04-19 12:05:22', '2018-04-19 12:05:22'),
(951, '/api/subkpis/194', 'GET', '[]', 2, '', '', '2018-04-19 12:05:22', '2018-04-19 12:05:22'),
(952, '/api/subkpis?kpi_id=124&&', 'GET', '{"kpi_id":"124"}', 2, '', '', '2018-04-19 12:05:26', '2018-04-19 12:05:26'),
(953, '/api/subkpis/194', 'GET', '[]', 2, '', '', '2018-04-19 12:21:31', '2018-04-19 12:21:31'),
(954, '/api/subkpis?kpi_id=124&&', 'GET', '{"kpi_id":"124"}', 2, '', '', '2018-04-19 12:21:33', '2018-04-19 12:21:33'),
(955, '/api/subkpis/194', 'GET', '[]', 2, '', '', '2018-04-19 12:25:19', '2018-04-19 12:25:19'),
(956, '/api/subkpis?kpi_id=124&&', 'GET', '{"kpi_id":"124"}', 2, '', '', '2018-04-19 12:25:20', '2018-04-19 12:25:20'),
(957, '/api/users', 'GET', '[]', 2, '', '', '2018-04-19 12:34:52', '2018-04-19 12:34:52'),
(958, '/api/subkpis/194', 'GET', '[]', 2, '', '', '2018-04-19 12:34:52', '2018-04-19 12:34:52'),
(959, '/api/departments', 'GET', '[]', 2, '', '', '2018-04-19 12:34:52', '2018-04-19 12:34:52'),
(960, '/api/branches', 'GET', '[]', 2, '', '', '2018-04-19 12:34:53', '2018-04-19 12:34:53'),
(961, '/api/divisions', 'GET', '[]', 2, '', '', '2018-04-19 12:34:53', '2018-04-19 12:34:53'),
(962, '/api/users', 'GET', '[]', 2, '', '', '2018-04-19 12:34:54', '2018-04-19 12:34:54'),
(963, '/api/subkpis?kpi_id=124&&', 'GET', '{"kpi_id":"124"}', 2, '', '', '2018-04-19 12:34:56', '2018-04-19 12:34:56'),
(964, '/api/divisions', 'GET', '[]', 2, '', '', '2018-04-19 12:36:00', '2018-04-19 12:36:00'),
(965, '/api/branches', 'GET', '[]', 2, '', '', '2018-04-19 12:36:00', '2018-04-19 12:36:00'),
(966, '/api/users', 'GET', '[]', 2, '', '', '2018-04-19 12:36:00', '2018-04-19 12:36:00'),
(967, '/api/subkpis/194', 'GET', '[]', 2, '', '', '2018-04-19 12:36:00', '2018-04-19 12:36:00'),
(968, '/api/departments', 'GET', '[]', 2, '', '', '2018-04-19 12:36:01', '2018-04-19 12:36:01'),
(969, '/api/users', 'GET', '[]', 2, '', '', '2018-04-19 12:36:02', '2018-04-19 12:36:02'),
(970, '/api/subkpis?kpi_id=124&&', 'GET', '{"kpi_id":"124"}', 2, '', '', '2018-04-19 12:36:04', '2018-04-19 12:36:04'),
(971, '/api/users', 'GET', '[]', 2, '', '', '2018-04-19 12:41:27', '2018-04-19 12:41:27'),
(972, '/api/divisions', 'GET', '[]', 2, '', '', '2018-04-19 12:41:27', '2018-04-19 12:41:27'),
(973, '/api/branches', 'GET', '[]', 2, '', '', '2018-04-19 12:41:27', '2018-04-19 12:41:27'),
(974, '/api/subkpis/194', 'GET', '[]', 2, '', '', '2018-04-19 12:41:27', '2018-04-19 12:41:27'),
(975, '/api/departments', 'GET', '[]', 2, '', '', '2018-04-19 12:41:27', '2018-04-19 12:41:27'),
(976, '/api/users', 'GET', '[]', 2, '', '', '2018-04-19 12:41:28', '2018-04-19 12:41:28'),
(977, '/api/subkpis?kpi_id=124&&', 'GET', '{"kpi_id":"124"}', 2, '', '', '2018-04-19 12:41:29', '2018-04-19 12:41:29'),
(978, '/api/departments', 'GET', '[]', 2, '', '', '2018-04-19 12:45:04', '2018-04-19 12:45:04'),
(979, '/api/users', 'GET', '[]', 2, '', '', '2018-04-19 12:45:04', '2018-04-19 12:45:04'),
(980, '/api/divisions', 'GET', '[]', 2, '', '', '2018-04-19 12:45:04', '2018-04-19 12:45:04'),
(981, '/api/subkpis/194', 'GET', '[]', 2, '', '', '2018-04-19 12:45:04', '2018-04-19 12:45:04'),
(982, '/api/branches', 'GET', '[]', 2, '', '', '2018-04-19 12:45:04', '2018-04-19 12:45:04'),
(983, '/api/users', 'GET', '[]', 2, '', '', '2018-04-19 12:45:05', '2018-04-19 12:45:05'),
(984, '/api/subkpis?kpi_id=124&&', 'GET', '{"kpi_id":"124"}', 2, '', '', '2018-04-19 12:45:06', '2018-04-19 12:45:06'),
(985, '/api/kpiactionplans?sub_kpi_id=196&&', 'GET', '{"sub_kpi_id":"196"}', 2, '', '', '2018-04-19 12:49:18', '2018-04-19 12:49:18'),
(986, '/api/subkpis/196', 'GET', '[]', 2, '', '', '2018-04-19 12:49:18', '2018-04-19 12:49:18'),
(987, '/api/subkpis?kpi_id=124&&', 'GET', '{"kpi_id":"124"}', 2, '', '', '2018-04-19 12:49:28', '2018-04-19 12:49:28'),
(988, '/api/departments', 'GET', '[]', 2, '', '', '2018-04-19 12:52:00', '2018-04-19 12:52:00'),
(989, '/api/divisions', 'GET', '[]', 2, '', '', '2018-04-19 12:52:00', '2018-04-19 12:52:00'),
(990, '/api/branches', 'GET', '[]', 2, '', '', '2018-04-19 12:52:00', '2018-04-19 12:52:00');
INSERT INTO `api_active_log` (`id`, `url`, `method`, `data_fetch`, `user_id`, `messenger`, `code`, `created_at`, `updated_at`) VALUES
(991, '/api/users', 'GET', '[]', 2, '', '', '2018-04-19 12:52:00', '2018-04-19 12:52:00'),
(992, '/api/subkpis/194', 'GET', '[]', 2, '', '', '2018-04-19 12:52:00', '2018-04-19 12:52:00'),
(993, '/api/users', 'GET', '[]', 2, '', '', '2018-04-19 12:52:20', '2018-04-19 12:52:20'),
(994, '/api/users', 'GET', '[]', 2, '', '', '2018-04-19 12:53:11', '2018-04-19 12:53:11'),
(995, '/api/subkpis/194', 'GET', '[]', 2, '', '', '2018-04-19 12:53:11', '2018-04-19 12:53:11'),
(996, '/api/divisions', 'GET', '[]', 2, '', '', '2018-04-19 12:53:11', '2018-04-19 12:53:11'),
(997, '/api/departments', 'GET', '[]', 2, '', '', '2018-04-19 12:53:11', '2018-04-19 12:53:11'),
(998, '/api/branches', 'GET', '[]', 2, '', '', '2018-04-19 12:53:11', '2018-04-19 12:53:11'),
(999, '/api/users', 'GET', '[]', 2, '', '', '2018-04-19 12:53:30', '2018-04-19 12:53:30'),
(1000, '/api/subkpis/194', 'GET', '[]', 2, '', '', '2018-04-19 12:53:58', '2018-04-19 12:53:58'),
(1001, '/api/departments', 'GET', '[]', 2, '', '', '2018-04-19 12:53:59', '2018-04-19 12:53:59'),
(1002, '/api/branches', 'GET', '[]', 2, '', '', '2018-04-19 12:53:58', '2018-04-19 12:53:58'),
(1003, '/api/users', 'GET', '[]', 2, '', '', '2018-04-19 12:53:58', '2018-04-19 12:53:58'),
(1004, '/api/divisions', 'GET', '[]', 2, '', '', '2018-04-19 12:53:58', '2018-04-19 12:53:58'),
(1005, '/api/users', 'GET', '[]', 2, '', '', '2018-04-19 12:54:18', '2018-04-19 12:54:18'),
(1006, '/api/subkpis?kpi_id=124&&', 'GET', '{"kpi_id":"124"}', 2, '', '', '2018-04-19 12:55:02', '2018-04-19 12:55:02'),
(1007, '/api/divisions', 'GET', '[]', 2, '', '', '2018-04-19 12:57:46', '2018-04-19 12:57:46'),
(1008, '/api/branches', 'GET', '[]', 2, '', '', '2018-04-19 12:57:47', '2018-04-19 12:57:47'),
(1009, '/api/departments', 'GET', '[]', 2, '', '', '2018-04-19 12:57:48', '2018-04-19 12:57:48'),
(1010, '/api/subkpis/194', 'GET', '[]', 2, '', '', '2018-04-19 12:57:48', '2018-04-19 12:57:48'),
(1011, '/api/users', 'GET', '[]', 2, '', '', '2018-04-19 12:57:48', '2018-04-19 12:57:48'),
(1012, '/api/users', 'GET', '[]', 2, '', '', '2018-04-19 12:58:02', '2018-04-19 12:58:02'),
(1013, '/api/subkpis/194', 'GET', '[]', 2, '', '', '2018-04-19 12:59:02', '2018-04-19 12:59:02'),
(1014, '/api/divisions', 'GET', '[]', 2, '', '', '2018-04-19 12:59:02', '2018-04-19 12:59:02'),
(1015, '/api/branches', 'GET', '[]', 2, '', '', '2018-04-19 12:59:03', '2018-04-19 12:59:03'),
(1016, '/api/departments', 'GET', '[]', 2, '', '', '2018-04-19 12:59:02', '2018-04-19 12:59:02'),
(1017, '/api/users', 'GET', '[]', 2, '', '', '2018-04-19 12:59:02', '2018-04-19 12:59:02'),
(1018, '/api/users', 'GET', '[]', 2, '', '', '2018-04-19 12:59:05', '2018-04-19 12:59:05'),
(1019, '/api/subkpis?kpi_id=124&&', 'GET', '{"kpi_id":"124"}', 2, '', '', '2018-04-19 12:59:06', '2018-04-19 12:59:06'),
(1020, '/api/departments', 'GET', '[]', 2, '', '', '2018-04-19 13:05:40', '2018-04-19 13:05:40'),
(1021, '/api/users', 'GET', '[]', 2, '', '', '2018-04-19 13:05:41', '2018-04-19 13:05:41'),
(1022, '/api/subkpis/194', 'GET', '[]', 2, '', '', '2018-04-19 13:05:41', '2018-04-19 13:05:41'),
(1023, '/api/divisions', 'GET', '[]', 2, '', '', '2018-04-19 13:05:41', '2018-04-19 13:05:41'),
(1024, '/api/branches', 'GET', '[]', 2, '', '', '2018-04-19 13:05:41', '2018-04-19 13:05:41'),
(1025, '/api/users', 'GET', '[]', 2, '', '', '2018-04-19 13:05:42', '2018-04-19 13:05:42'),
(1026, '/api/divisions', 'GET', '[]', 2, '', '', '2018-04-19 13:05:55', '2018-04-19 13:05:55'),
(1027, '/api/branches', 'GET', '[]', 2, '', '', '2018-04-19 13:05:55', '2018-04-19 13:05:55'),
(1028, '/api/departments', 'GET', '[]', 2, '', '', '2018-04-19 13:05:55', '2018-04-19 13:05:55'),
(1029, '/api/subkpis/194', 'GET', '[]', 2, '', '', '2018-04-19 13:05:55', '2018-04-19 13:05:55'),
(1030, '/api/users', 'GET', '[]', 2, '', '', '2018-04-19 13:05:55', '2018-04-19 13:05:55'),
(1031, '/api/users', 'GET', '[]', 2, '', '', '2018-04-19 13:05:57', '2018-04-19 13:05:57'),
(1032, '/api/subkpis?kpi_id=124&&', 'GET', '{"kpi_id":"124"}', 2, '', '', '2018-04-19 13:05:58', '2018-04-19 13:05:58'),
(1033, '/api/departments', 'GET', '[]', 2, '', '', '2018-04-19 13:11:26', '2018-04-19 13:11:26'),
(1034, '/api/divisions', 'GET', '[]', 2, '', '', '2018-04-19 13:11:26', '2018-04-19 13:11:26'),
(1035, '/api/users', 'GET', '[]', 2, '', '', '2018-04-19 13:11:26', '2018-04-19 13:11:26'),
(1036, '/api/subkpis/194', 'GET', '[]', 2, '', '', '2018-04-19 13:11:26', '2018-04-19 13:11:26'),
(1037, '/api/branches', 'GET', '[]', 2, '', '', '2018-04-19 13:11:26', '2018-04-19 13:11:26'),
(1038, '/api/users', 'GET', '[]', 2, '', '', '2018-04-19 13:11:29', '2018-04-19 13:11:29'),
(1039, '/api/subkpis?kpi_id=124&&', 'GET', '{"kpi_id":"124"}', 2, '', '', '2018-04-19 13:11:30', '2018-04-19 13:11:30'),
(1040, '/api/divisions', 'GET', '[]', 2, '', '', '2018-04-19 13:23:25', '2018-04-19 13:23:25'),
(1041, '/api/subkpis/194', 'GET', '[]', 2, '', '', '2018-04-19 13:23:25', '2018-04-19 13:23:25'),
(1042, '/api/departments', 'GET', '[]', 2, '', '', '2018-04-19 13:23:25', '2018-04-19 13:23:25'),
(1043, '/api/branches', 'GET', '[]', 2, '', '', '2018-04-19 13:23:25', '2018-04-19 13:23:25'),
(1044, '/api/users', 'GET', '[]', 2, '', '', '2018-04-19 13:23:24', '2018-04-19 13:23:24'),
(1045, '/api/users', 'GET', '[]', 2, '', '', '2018-04-19 13:23:26', '2018-04-19 13:23:26'),
(1046, '/api/subkpis?kpi_id=124&&', 'GET', '{"kpi_id":"124"}', 2, '', '', '2018-04-19 13:23:37', '2018-04-19 13:23:37'),
(1047, '/api/subkpis/194', 'GET', '[]', 2, '', '', '2018-04-19 13:28:29', '2018-04-19 13:28:29'),
(1048, '/api/divisions', 'GET', '[]', 2, '', '', '2018-04-19 13:28:29', '2018-04-19 13:28:29'),
(1049, '/api/branches', 'GET', '[]', 2, '', '', '2018-04-19 13:28:29', '2018-04-19 13:28:29'),
(1050, '/api/users', 'GET', '[]', 2, '', '', '2018-04-19 13:28:29', '2018-04-19 13:28:29'),
(1051, '/api/departments', 'GET', '[]', 2, '', '', '2018-04-19 13:28:29', '2018-04-19 13:28:29'),
(1052, '/api/users', 'GET', '[]', 2, '', '', '2018-04-19 13:28:30', '2018-04-19 13:28:30'),
(1053, '/api/subkpis?kpi_id=124&&', 'GET', '{"kpi_id":"124"}', 2, '', '', '2018-04-19 13:28:31', '2018-04-19 13:28:31'),
(1054, '/api/users', 'GET', '[]', 2, '', '', '2018-04-19 13:32:14', '2018-04-19 13:32:14'),
(1055, '/api/subkpis/194', 'GET', '[]', 2, '', '', '2018-04-19 13:32:15', '2018-04-19 13:32:15'),
(1056, '/api/departments', 'GET', '[]', 2, '', '', '2018-04-19 13:32:15', '2018-04-19 13:32:15'),
(1057, '/api/branches', 'GET', '[]', 2, '', '', '2018-04-19 13:32:15', '2018-04-19 13:32:15'),
(1058, '/api/divisions', 'GET', '[]', 2, '', '', '2018-04-19 13:32:15', '2018-04-19 13:32:15'),
(1059, '/api/users', 'GET', '[]', 2, '', '', '2018-04-19 13:32:20', '2018-04-19 13:32:20'),
(1060, '/api/subkpis?kpi_id=124&&', 'GET', '{"kpi_id":"124"}', 2, '', '', '2018-04-19 13:32:21', '2018-04-19 13:32:21'),
(1061, '/api/users/2', 'GET', '[]', 2, '', '', '2018-04-19 18:14:00', '2018-04-19 18:14:00'),
(1062, '/api/surveys', 'GET', '[]', 2, '', '', '2018-04-19 18:14:11', '2018-04-19 18:14:11'),
(1063, '/api/surveys/86', 'GET', '[]', 2, '', '', '2018-04-19 18:14:35', '2018-04-19 18:14:35'),
(1064, '/api/receivers', 'GET', '[]', 2, '', '', '2018-04-19 18:14:35', '2018-04-19 18:14:35'),
(1065, '/api/departments', 'GET', '[]', 2, '', '', '2018-04-20 01:44:58', '2018-04-20 01:44:58'),
(1066, '/api/branches', 'GET', '[]', 2, '', '', '2018-04-20 01:44:58', '2018-04-20 01:44:58'),
(1067, '/api/subkpis/194', 'GET', '[]', 2, '', '', '2018-04-20 01:44:58', '2018-04-20 01:44:58'),
(1068, '/api/divisions', 'GET', '[]', 2, '', '', '2018-04-20 01:44:58', '2018-04-20 01:44:58'),
(1069, '/api/users', 'GET', '[]', 2, '', '', '2018-04-20 01:44:58', '2018-04-20 01:44:58'),
(1070, '/api/users', 'GET', '[]', 2, '', '', '2018-04-20 01:45:01', '2018-04-20 01:45:01'),
(1071, '/api/subkpis?kpi_id=124&&', 'GET', '{"kpi_id":"124"}', 2, '', '', '2018-04-20 01:45:01', '2018-04-20 01:45:01'),
(1072, '/api/departments', 'GET', '[]', 2, '', '', '2018-04-20 01:46:21', '2018-04-20 01:46:21'),
(1073, '/api/users', 'GET', '[]', 2, '', '', '2018-04-20 01:46:21', '2018-04-20 01:46:21'),
(1074, '/api/branches', 'GET', '[]', 2, '', '', '2018-04-20 01:46:21', '2018-04-20 01:46:21'),
(1075, '/api/divisions', 'GET', '[]', 2, '', '', '2018-04-20 01:46:21', '2018-04-20 01:46:21'),
(1076, '/api/subkpis/194', 'GET', '[]', 2, '', '', '2018-04-20 01:46:21', '2018-04-20 01:46:21'),
(1077, '/api/users', 'GET', '[]', 2, '', '', '2018-04-20 01:46:22', '2018-04-20 01:46:22'),
(1078, '/api/subkpis?kpi_id=124&&', 'GET', '{"kpi_id":"124"}', 2, '', '', '2018-04-20 01:46:23', '2018-04-20 01:46:23'),
(1079, '/api/receivers', 'GET', '[]', 2, '', '', '2018-04-20 01:49:05', '2018-04-20 01:49:05'),
(1080, '/api/surveys/86', 'GET', '[]', 2, '', '', '2018-04-20 01:49:05', '2018-04-20 01:49:05'),
(1081, '/api/receivers', 'GET', '[]', 2, '', '', '2018-04-20 01:49:08', '2018-04-20 01:49:08'),
(1082, '/api/departments', 'GET', '[]', 2, '', '', '2018-04-20 01:49:30', '2018-04-20 01:49:30'),
(1083, '/api/positions', 'GET', '[]', 2, '', '', '2018-04-20 01:49:30', '2018-04-20 01:49:30'),
(1084, '/api/users', 'GET', '[]', 2, '', '', '2018-04-20 01:49:30', '2018-04-20 01:49:30'),
(1085, '/api/branches', 'GET', '[]', 2, '', '', '2018-04-20 01:49:30', '2018-04-20 01:49:30'),
(1086, '/api/divisions', 'GET', '[]', 2, '', '', '2018-04-20 01:49:30', '2018-04-20 01:49:30'),
(1087, '/api/divisions', 'GET', '[]', 2, '', '', '2018-04-20 01:50:41', '2018-04-20 01:50:41'),
(1088, '/api/departments', 'GET', '[]', 2, '', '', '2018-04-20 01:50:41', '2018-04-20 01:50:41'),
(1089, '/api/users', 'GET', '[]', 2, '', '', '2018-04-20 01:50:41', '2018-04-20 01:50:41'),
(1090, '/api/branches', 'GET', '[]', 2, '', '', '2018-04-20 01:50:41', '2018-04-20 01:50:41'),
(1091, '/api/positions', 'GET', '[]', 2, '', '', '2018-04-20 01:50:41', '2018-04-20 01:50:41'),
(1092, '/api/subkpis?responsibility_id=2&&', 'GET', '{"responsibility_id":"2"}', 2, '', '', '2018-04-20 01:51:00', '2018-04-20 01:51:00'),
(1093, '/api/users/2', 'GET', '[]', 2, '', '', '2018-04-20 01:52:03', '2018-04-20 01:52:03'),
(1094, '/api/client-surveys?user_id=2&&', 'GET', '{"user_id":"2"}', 2, '', '', '2018-04-20 01:52:03', '2018-04-20 01:52:03'),
(1095, '/api/users/2', 'GET', '[]', 2, '', '', '2018-04-20 01:52:07', '2018-04-20 01:52:07'),
(1096, '/api/users/2', 'GET', '[]', 2, '', '', '2018-04-20 01:52:07', '2018-04-20 01:52:07'),
(1097, '/api/client-surveys/76?user_id=2&&', 'GET', '{"user_id":"2"}', 2, '', '', '2018-04-20 01:52:07', '2018-04-20 01:52:07'),
(1098, '/api/subkpis?responsibility_id=2&&', 'GET', '{"responsibility_id":"2"}', 2, '', '', '2018-04-20 01:54:53', '2018-04-20 01:54:53'),
(1099, '/api/divisions', 'GET', '[]', 2, '', '', '2018-04-20 01:55:11', '2018-04-20 01:55:11'),
(1100, '/api/branches', 'GET', '[]', 2, '', '', '2018-04-20 01:55:11', '2018-04-20 01:55:11'),
(1101, '/api/departments', 'GET', '[]', 2, '', '', '2018-04-20 01:55:11', '2018-04-20 01:55:11'),
(1102, '/api/get-list-sub-kpi-user-evaluate?user_id=2', 'GET', '{"user_id":"2"}', 2, '', '', '2018-04-20 01:55:11', '2018-04-20 01:55:11'),
(1103, '/api/users/2', 'GET', '[]', 2, '', '', '2018-04-20 01:55:26', '2018-04-20 01:55:26'),
(1104, '/api/get-list-sub-kpi-user-evaluate?user_id=2', 'GET', '{"user_id":"2"}', 2, '', '', '2018-04-20 01:55:26', '2018-04-20 01:55:26'),
(1105, '/api/divisions', 'GET', '[]', 2, '', '', '2018-04-20 01:55:26', '2018-04-20 01:55:26'),
(1106, '/api/departments', 'GET', '[]', 2, '', '', '2018-04-20 01:55:26', '2018-04-20 01:55:26'),
(1107, '/api/branches', 'GET', '[]', 2, '', '', '2018-04-20 01:55:26', '2018-04-20 01:55:26'),
(1108, '/api/users/2', 'GET', '[]', 2, '', '', '2018-04-20 01:56:24', '2018-04-20 01:56:24'),
(1109, '/api/branches', 'GET', '[]', 2, '', '', '2018-04-20 01:56:24', '2018-04-20 01:56:24'),
(1110, '/api/divisions', 'GET', '[]', 2, '', '', '2018-04-20 01:56:24', '2018-04-20 01:56:24'),
(1111, '/api/departments', 'GET', '[]', 2, '', '', '2018-04-20 01:56:24', '2018-04-20 01:56:24'),
(1112, '/api/get-list-sub-kpi-user-evaluate?user_id=2', 'GET', '{"user_id":"2"}', 2, '', '', '2018-04-20 01:56:24', '2018-04-20 01:56:24'),
(1113, '/api/divisions', 'GET', '[]', 2, '', '', '2018-04-20 01:56:34', '2018-04-20 01:56:34'),
(1114, '/api/departments', 'GET', '[]', 2, '', '', '2018-04-20 01:56:34', '2018-04-20 01:56:34'),
(1115, '/api/branches', 'GET', '[]', 2, '', '', '2018-04-20 01:56:34', '2018-04-20 01:56:34'),
(1116, '/api/get-list-sub-kpi-user-evaluate?user_id=2', 'GET', '{"user_id":"2"}', 2, '', '', '2018-04-20 01:56:34', '2018-04-20 01:56:34'),
(1117, '/api/users/2', 'GET', '[]', 2, '', '', '2018-04-20 02:00:22', '2018-04-20 02:00:22'),
(1118, '/api/client-surveys?user_id=2&&', 'GET', '{"user_id":"2"}', 2, '', '', '2018-04-20 02:00:22', '2018-04-20 02:00:22'),
(1119, '/api/get-list-sub-kpi-user-evaluate?user_id=2', 'GET', '{"user_id":"2"}', 2, '', '', '2018-04-20 02:00:23', '2018-04-20 02:00:23'),
(1120, '/api/branches', 'GET', '[]', 2, '', '', '2018-04-20 02:00:23', '2018-04-20 02:00:23'),
(1121, '/api/departments', 'GET', '[]', 2, '', '', '2018-04-20 02:00:23', '2018-04-20 02:00:23'),
(1122, '/api/divisions', 'GET', '[]', 2, '', '', '2018-04-20 02:00:25', '2018-04-20 02:00:25'),
(1123, '/api/saveresultsubkpis', 'GET', '[]', 2, '', '', '2018-04-20 02:01:11', '2018-04-20 02:01:11'),
(1124, '/api/departments', 'GET', '[]', 2, '', '', '2018-04-20 02:01:34', '2018-04-20 02:01:34'),
(1125, '/api/divisions', 'GET', '[]', 2, '', '', '2018-04-20 02:01:34', '2018-04-20 02:01:34'),
(1126, '/api/branches', 'GET', '[]', 2, '', '', '2018-04-20 02:01:34', '2018-04-20 02:01:34'),
(1127, '/api/subkpis?main=1&&', 'GET', '{"main":"1"}', 2, '', '', '2018-04-20 02:01:34', '2018-04-20 02:01:34'),
(1128, '/api/begin-new-period', 'POST', '{"kpi_id":"119","new_name":"KPI FY 2017 Sale HCM","new_date_end":"Invalid date","new_date_start":"Invalid date","new_date_evaluate":"Invalid date"}', 2, '', '', '2018-04-20 02:02:13', '2018-04-20 02:02:13'),
(1129, '/api/subkpis?main=1&&', 'GET', '{"main":"1"}', 2, '', '', '2018-04-20 02:02:13', '2018-04-20 02:02:13'),
(1130, '/api/begin-new-period', 'POST', '{"kpi_id":"119","new_name":"KPI FY 2017 Sale HCM","new_date_end":"2020-10-20","new_date_start":"2020-10-20","new_date_evaluate":"2020-10-20"}', 2, '', '', '2018-04-20 02:02:29', '2018-04-20 02:02:29'),
(1131, '/api/begin-new-period', 'POST', '{"kpi_id":"119","new_name":"KPI FY 2017 Sale HCM","new_date_end":"2020-10-20","new_date_start":"2020-10-20","new_date_evaluate":"2020-10-20"}', 2, '', '', '2018-04-20 02:02:32', '2018-04-20 02:02:32'),
(1132, '/api/subkpis?main=1&&', 'GET', '{"main":"1"}', 2, '', '', '2018-04-20 02:02:33', '2018-04-20 02:02:33'),
(1133, '/api/subkpis?main=1&&', 'GET', '{"main":"1"}', 2, '', '', '2018-04-20 02:02:35', '2018-04-20 02:02:35'),
(1134, '/api/users/2', 'GET', '[]', 2, '', '', '2018-04-20 02:02:37', '2018-04-20 02:02:37'),
(1135, '/api/saveresultsubkpis', 'GET', '[]', 2, '', '', '2018-04-20 02:02:37', '2018-04-20 02:02:37'),
(1136, '/api/users', 'GET', '[]', 2, '', '', '2018-04-20 02:03:26', '2018-04-20 02:03:26'),
(1137, '/api/subkpis/154', 'GET', '[]', 2, '', '', '2018-04-20 02:03:26', '2018-04-20 02:03:26'),
(1138, '/api/branches', 'GET', '[]', 2, '', '', '2018-04-20 02:03:26', '2018-04-20 02:03:26'),
(1139, '/api/departments', 'GET', '[]', 2, '', '', '2018-04-20 02:03:26', '2018-04-20 02:03:26'),
(1140, '/api/users', 'GET', '[]', 2, '', '', '2018-04-20 02:03:26', '2018-04-20 02:03:26'),
(1141, '/api/divisions', 'GET', '[]', 2, '', '', '2018-04-20 02:03:26', '2018-04-20 02:03:26'),
(1142, '/api/subkpis?kpi_id=119&&', 'GET', '{"kpi_id":"119"}', 2, '', '', '2018-04-20 02:03:28', '2018-04-20 02:03:28'),
(1143, '/api/surveys', 'GET', '[]', 2, '', '', '2018-04-20 02:05:17', '2018-04-20 02:05:17'),
(1144, '/api/subkpis/194', 'GET', '[]', 2, '', '', '2018-04-20 02:06:06', '2018-04-20 02:06:06'),
(1145, '/api/users', 'GET', '[]', 2, '', '', '2018-04-20 02:06:06', '2018-04-20 02:06:06'),
(1146, '/api/divisions', 'GET', '[]', 2, '', '', '2018-04-20 02:06:06', '2018-04-20 02:06:06'),
(1147, '/api/branches', 'GET', '[]', 2, '', '', '2018-04-20 02:06:06', '2018-04-20 02:06:06'),
(1148, '/api/departments', 'GET', '[]', 2, '', '', '2018-04-20 02:06:06', '2018-04-20 02:06:06'),
(1149, '/api/saveresultsubkpis', 'GET', '[]', 2, '', '', '2018-04-20 02:05:32', '2018-04-20 02:05:32'),
(1150, '/api/users/2', 'GET', '[]', 2, '', '', '2018-04-20 02:05:34', '2018-04-20 02:05:34'),
(1151, '/api/saveresultsubkpis', 'GET', '[]', 2, '', '', '2018-04-20 02:05:34', '2018-04-20 02:05:34'),
(1152, '/api/users', 'GET', '[]', 2, '', '', '2018-04-20 02:06:12', '2018-04-20 02:06:12'),
(1153, '/api/users', 'GET', '[]', 2, '', '', '2018-04-20 02:06:33', '2018-04-20 02:06:33'),
(1154, '/api/subkpis/194', 'GET', '[]', 2, '', '', '2018-04-20 02:06:33', '2018-04-20 02:06:33'),
(1155, '/api/divisions', 'GET', '[]', 2, '', '', '2018-04-20 02:06:34', '2018-04-20 02:06:34'),
(1156, '/api/departments', 'GET', '[]', 2, '', '', '2018-04-20 02:06:34', '2018-04-20 02:06:34'),
(1157, '/api/branches', 'GET', '[]', 2, '', '', '2018-04-20 02:06:34', '2018-04-20 02:06:34'),
(1158, '/api/divisions', 'GET', '[]', 2, '', '', '2018-04-20 02:05:59', '2018-04-20 02:05:59'),
(1159, '/api/branches', 'GET', '[]', 2, '', '', '2018-04-20 02:05:59', '2018-04-20 02:05:59'),
(1160, '/api/departments', 'GET', '[]', 2, '', '', '2018-04-20 02:06:00', '2018-04-20 02:06:00'),
(1161, '/api/subkpis?main=1&&', 'GET', '{"main":"1"}', 2, '', '', '2018-04-20 02:06:00', '2018-04-20 02:06:00'),
(1162, '/api/users', 'GET', '[]', 2, '', '', '2018-04-20 02:06:39', '2018-04-20 02:06:39'),
(1163, '/api/subkpis?kpi_id=124&&', 'GET', '{"kpi_id":"124"}', 2, '', '', '2018-04-20 02:06:46', '2018-04-20 02:06:46'),
(1164, '/api/users', 'GET', '[]', 2, '', '', '2018-04-20 02:06:23', '2018-04-20 02:06:23'),
(1165, '/api/divisions', 'GET', '[]', 2, '', '', '2018-04-20 02:06:23', '2018-04-20 02:06:23'),
(1166, '/api/branches', 'GET', '[]', 2, '', '', '2018-04-20 02:06:23', '2018-04-20 02:06:23'),
(1167, '/api/departments', 'GET', '[]', 2, '', '', '2018-04-20 02:06:23', '2018-04-20 02:06:23'),
(1168, '/api/subkpis/154', 'GET', '[]', 2, '', '', '2018-04-20 02:06:23', '2018-04-20 02:06:23'),
(1169, '/api/users', 'GET', '[]', 2, '', '', '2018-04-20 02:06:23', '2018-04-20 02:06:23'),
(1170, '/api/subkpis?kpi_id=119&&', 'GET', '{"kpi_id":"119"}', 2, '', '', '2018-04-20 02:06:24', '2018-04-20 02:06:24'),
(1171, '/api/users', 'GET', '[]', 2, '', '', '2018-04-20 02:06:39', '2018-04-20 02:06:39'),
(1172, '/api/divisions', 'GET', '[]', 2, '', '', '2018-04-20 02:06:39', '2018-04-20 02:06:39'),
(1173, '/api/departments', 'GET', '[]', 2, '', '', '2018-04-20 02:06:39', '2018-04-20 02:06:39'),
(1174, '/api/positions', 'GET', '[]', 2, '', '', '2018-04-20 02:06:39', '2018-04-20 02:06:39'),
(1175, '/api/branches', 'GET', '[]', 2, '', '', '2018-04-20 02:06:39', '2018-04-20 02:06:39'),
(1176, '/api/kpis/119', 'GET', '[]', 2, '', '', '2018-04-20 02:06:39', '2018-04-20 02:06:39'),
(1177, '/api/branches', 'GET', '[]', 2, '', '', '2018-04-20 02:07:22', '2018-04-20 02:07:22'),
(1178, '/api/users', 'GET', '[]', 2, '', '', '2018-04-20 02:07:22', '2018-04-20 02:07:22'),
(1179, '/api/departments', 'GET', '[]', 2, '', '', '2018-04-20 02:07:22', '2018-04-20 02:07:22'),
(1180, '/api/divisions', 'GET', '[]', 2, '', '', '2018-04-20 02:07:22', '2018-04-20 02:07:22'),
(1181, '/api/subkpis/194', 'GET', '[]', 2, '', '', '2018-04-20 02:07:22', '2018-04-20 02:07:22'),
(1182, '/api/subkpis', 'POST', '{"kpi_id":"119","main":"0","responsibility_id":"11","approver_id":"2","assigner_id":"2","evaluator_id_1":"2"}', 2, '', '', '2018-04-20 02:06:49', '2018-04-20 02:06:49'),
(1183, '/api/users', 'GET', '[]', 2, '', '', '2018-04-20 02:06:50', '2018-04-20 02:06:50'),
(1184, '/api/users', 'GET', '[]', 2, '', '', '2018-04-20 02:06:50', '2018-04-20 02:06:50'),
(1185, '/api/departments', 'GET', '[]', 2, '', '', '2018-04-20 02:06:50', '2018-04-20 02:06:50'),
(1186, '/api/branches', 'GET', '[]', 2, '', '', '2018-04-20 02:06:50', '2018-04-20 02:06:50'),
(1187, '/api/subkpis/154', 'GET', '[]', 2, '', '', '2018-04-20 02:06:50', '2018-04-20 02:06:50'),
(1188, '/api/divisions', 'GET', '[]', 2, '', '', '2018-04-20 02:06:50', '2018-04-20 02:06:50'),
(1189, '/api/subkpis?kpi_id=119&&', 'GET', '{"kpi_id":"119"}', 2, '', '', '2018-04-20 02:06:51', '2018-04-20 02:06:51'),
(1190, '/api/users', 'GET', '[]', 2, '', '', '2018-04-20 02:07:29', '2018-04-20 02:07:29'),
(1191, '/api/subkpis?kpi_id=124&&', 'GET', '{"kpi_id":"124"}', 2, '', '', '2018-04-20 02:07:33', '2018-04-20 02:07:33'),
(1192, '/api/users/11', 'GET', '[]', 11, '', '', '2018-04-20 02:07:16', '2018-04-20 02:07:16'),
(1193, '/api/saveresultsubkpis', 'GET', '[]', 11, '', '', '2018-04-20 02:07:20', '2018-04-20 02:07:20'),
(1194, '/api/subkpis?responsibility_id=11&&', 'GET', '{"responsibility_id":"11"}', 11, '', '', '2018-04-20 02:07:25', '2018-04-20 02:07:25'),
(1195, '/api/divisions', 'GET', '[]', 2, '', '', '2018-04-20 02:07:45', '2018-04-20 02:07:45'),
(1196, '/api/users', 'GET', '[]', 2, '', '', '2018-04-20 02:07:45', '2018-04-20 02:07:45'),
(1197, '/api/subkpis/154', 'GET', '[]', 2, '', '', '2018-04-20 02:07:45', '2018-04-20 02:07:45'),
(1198, '/api/users', 'GET', '[]', 2, '', '', '2018-04-20 02:07:45', '2018-04-20 02:07:45'),
(1199, '/api/branches', 'GET', '[]', 2, '', '', '2018-04-20 02:07:45', '2018-04-20 02:07:45'),
(1200, '/api/departments', 'GET', '[]', 2, '', '', '2018-04-20 02:07:45', '2018-04-20 02:07:45'),
(1201, '/api/subkpis?kpi_id=119&&', 'GET', '{"kpi_id":"119"}', 2, '', '', '2018-04-20 02:07:46', '2018-04-20 02:07:46'),
(1202, '/api/subkpis/194', 'GET', '[]', 2, '', '', '2018-04-20 02:13:02', '2018-04-20 02:13:02'),
(1203, '/api/users', 'GET', '[]', 2, '', '', '2018-04-20 02:13:02', '2018-04-20 02:13:02'),
(1204, '/api/divisions', 'GET', '[]', 2, '', '', '2018-04-20 02:13:02', '2018-04-20 02:13:02'),
(1205, '/api/branches', 'GET', '[]', 2, '', '', '2018-04-20 02:13:02', '2018-04-20 02:13:02'),
(1206, '/api/departments', 'GET', '[]', 2, '', '', '2018-04-20 02:13:02', '2018-04-20 02:13:02'),
(1207, '/api/users', 'GET', '[]', 2, '', '', '2018-04-20 02:13:10', '2018-04-20 02:13:10'),
(1208, '/api/subkpis?kpi_id=124&&', 'GET', '{"kpi_id":"124"}', 2, '', '', '2018-04-20 02:13:12', '2018-04-20 02:13:12'),
(1209, '/api/positions', 'GET', '[]', 2, '', '', '2018-04-20 02:12:53', '2018-04-20 02:12:53'),
(1210, '/api/users', 'GET', '[]', 2, '', '', '2018-04-20 02:12:53', '2018-04-20 02:12:53'),
(1211, '/api/branches', 'GET', '[]', 2, '', '', '2018-04-20 02:12:53', '2018-04-20 02:12:53'),
(1212, '/api/kpis/119', 'GET', '[]', 2, '', '', '2018-04-20 02:12:53', '2018-04-20 02:12:53'),
(1213, '/api/departments', 'GET', '[]', 2, '', '', '2018-04-20 02:12:54', '2018-04-20 02:12:54'),
(1214, '/api/divisions', 'GET', '[]', 2, '', '', '2018-04-20 02:12:54', '2018-04-20 02:12:54'),
(1215, '/api/subkpis?main=1&&', 'GET', '{"main":"1"}', 2, '', '', '2018-04-20 02:12:57', '2018-04-20 02:12:57'),
(1216, '/api/divisions', 'GET', '[]', 2, '', '', '2018-04-20 02:12:57', '2018-04-20 02:12:57'),
(1217, '/api/departments', 'GET', '[]', 2, '', '', '2018-04-20 02:12:57', '2018-04-20 02:12:57'),
(1218, '/api/branches', 'GET', '[]', 2, '', '', '2018-04-20 02:12:57', '2018-04-20 02:12:57'),
(1219, '/api/begin-new-period', 'POST', '{"kpi_id":"119","new_name":"KPI FY 2017 Sale HCM","new_date_end":"2020-10-20","new_date_start":"2020-10-20","new_date_evaluate":"2020-10-20"}', 2, '', '', '2018-04-20 02:13:14', '2018-04-20 02:13:14'),
(1220, '/api/begin-new-period', 'POST', '{"kpi_id":"119","new_name":"KPI FY 2017 Sale HCM","new_date_end":"2020-10-20","new_date_start":"2020-10-20","new_date_evaluate":"2020-10-20"}', 2, '', '', '2018-04-20 02:13:16', '2018-04-20 02:13:16'),
(1221, '/api/subkpis?main=1&&', 'GET', '{"main":"1"}', 2, '', '', '2018-04-20 02:13:16', '2018-04-20 02:13:16'),
(1222, '/api/subkpis?main=1&&', 'GET', '{"main":"1"}', 2, '', '', '2018-04-20 02:13:19', '2018-04-20 02:13:19'),
(1223, '/api/saveresultsubkpis', 'GET', '[]', 11, '', '', '2018-04-20 02:13:26', '2018-04-20 02:13:26'),
(1224, '/api/saveresultsubkpis', 'GET', '[]', 2, '', '', '2018-04-20 02:13:56', '2018-04-20 02:13:56'),
(1225, '/api/saveresultsubkpis', 'GET', '[]', 2, '', '', '2018-04-20 02:14:26', '2018-04-20 02:14:26'),
(1226, '/api/subkpis?responsibility_id=2&&', 'GET', '{"responsibility_id":"2"}', 2, '', '', '2018-04-20 02:15:05', '2018-04-20 02:15:05'),
(1227, '/api/subkpis/194', 'GET', '[]', 2, '', '', '2018-04-20 02:17:05', '2018-04-20 02:17:05'),
(1228, '/api/branches', 'GET', '[]', 2, '', '', '2018-04-20 02:17:05', '2018-04-20 02:17:05'),
(1229, '/api/divisions', 'GET', '[]', 2, '', '', '2018-04-20 02:17:05', '2018-04-20 02:17:05'),
(1230, '/api/users', 'GET', '[]', 2, '', '', '2018-04-20 02:17:05', '2018-04-20 02:17:05'),
(1231, '/api/departments', 'GET', '[]', 2, '', '', '2018-04-20 02:17:05', '2018-04-20 02:17:05'),
(1232, '/api/users', 'GET', '[]', 2, '', '', '2018-04-20 02:17:10', '2018-04-20 02:17:10'),
(1233, '/api/subkpis?kpi_id=124&&', 'GET', '{"kpi_id":"124"}', 2, '', '', '2018-04-20 02:17:17', '2018-04-20 02:17:17'),
(1234, '/api/subkpis/194', 'GET', '[]', 2, '', '', '2018-04-20 02:27:02', '2018-04-20 02:27:02'),
(1235, '/api/divisions', 'GET', '[]', 2, '', '', '2018-04-20 02:27:05', '2018-04-20 02:27:05'),
(1236, '/api/branches', 'GET', '[]', 2, '', '', '2018-04-20 02:27:05', '2018-04-20 02:27:05'),
(1237, '/api/users', 'GET', '[]', 2, '', '', '2018-04-20 02:27:05', '2018-04-20 02:27:05'),
(1238, '/api/departments', 'GET', '[]', 2, '', '', '2018-04-20 02:27:05', '2018-04-20 02:27:05'),
(1239, '/api/users', 'GET', '[]', 2, '', '', '2018-04-20 02:27:09', '2018-04-20 02:27:09'),
(1240, '/api/subkpis?kpi_id=124&&', 'GET', '{"kpi_id":"124"}', 2, '', '', '2018-04-20 02:27:11', '2018-04-20 02:27:11'),
(1241, '/api/branches', 'GET', '[]', 2, '', '', '2018-04-20 02:27:46', '2018-04-20 02:27:46'),
(1242, '/api/users', 'GET', '[]', 2, '', '', '2018-04-20 02:27:46', '2018-04-20 02:27:46'),
(1243, '/api/divisions', 'GET', '[]', 2, '', '', '2018-04-20 02:27:47', '2018-04-20 02:27:47'),
(1244, '/api/departments', 'GET', '[]', 2, '', '', '2018-04-20 02:27:47', '2018-04-20 02:27:47'),
(1245, '/api/subkpis/194', 'GET', '[]', 2, '', '', '2018-04-20 02:27:47', '2018-04-20 02:27:47'),
(1246, '/api/users', 'GET', '[]', 2, '', '', '2018-04-20 02:27:51', '2018-04-20 02:27:51'),
(1247, '/api/subkpis?kpi_id=124&&', 'GET', '{"kpi_id":"124"}', 2, '', '', '2018-04-20 02:27:55', '2018-04-20 02:27:55'),
(1248, '/api/divisions', 'GET', '[]', 2, '', '', '2018-04-20 02:33:05', '2018-04-20 02:33:05'),
(1249, '/api/departments', 'GET', '[]', 2, '', '', '2018-04-20 02:33:05', '2018-04-20 02:33:05'),
(1250, '/api/branches', 'GET', '[]', 2, '', '', '2018-04-20 02:33:05', '2018-04-20 02:33:05'),
(1251, '/api/users', 'GET', '[]', 2, '', '', '2018-04-20 02:33:05', '2018-04-20 02:33:05'),
(1252, '/api/subkpis/194', 'GET', '[]', 2, '', '', '2018-04-20 02:33:05', '2018-04-20 02:33:05'),
(1253, '/api/users', 'GET', '[]', 2, '', '', '2018-04-20 02:33:10', '2018-04-20 02:33:10'),
(1254, '/api/subkpis?kpi_id=124&&', 'GET', '{"kpi_id":"124"}', 2, '', '', '2018-04-20 02:33:15', '2018-04-20 02:33:15'),
(1255, '/api/branches', 'GET', '[]', 2, '', '', '2018-04-20 02:34:57', '2018-04-20 02:34:57'),
(1256, '/api/departments', 'GET', '[]', 2, '', '', '2018-04-20 02:34:57', '2018-04-20 02:34:57'),
(1257, '/api/get-list-sub-kpi-user-evaluate?user_id=2', 'GET', '{"user_id":"2"}', 2, '', '', '2018-04-20 02:34:57', '2018-04-20 02:34:57'),
(1258, '/api/divisions', 'GET', '[]', 2, '', '', '2018-04-20 02:34:57', '2018-04-20 02:34:57'),
(1259, '/api/branches', 'GET', '[]', 2, '', '', '2018-04-20 02:38:03', '2018-04-20 02:38:03'),
(1260, '/api/subkpis/194', 'GET', '[]', 2, '', '', '2018-04-20 02:38:03', '2018-04-20 02:38:03'),
(1261, '/api/divisions', 'GET', '[]', 2, '', '', '2018-04-20 02:38:03', '2018-04-20 02:38:03'),
(1262, '/api/users', 'GET', '[]', 2, '', '', '2018-04-20 02:38:03', '2018-04-20 02:38:03'),
(1263, '/api/departments', 'GET', '[]', 2, '', '', '2018-04-20 02:38:03', '2018-04-20 02:38:03'),
(1264, '/api/users', 'GET', '[]', 2, '', '', '2018-04-20 02:38:07', '2018-04-20 02:38:07'),
(1265, '/api/subkpis?kpi_id=124&&', 'GET', '{"kpi_id":"124"}', 2, '', '', '2018-04-20 02:38:11', '2018-04-20 02:38:11'),
(1266, '/api/saveresultsubkpis', 'GET', '[]', 2, '', '', '2018-04-20 02:39:06', '2018-04-20 02:39:06'),
(1267, '/api/branches', 'GET', '[]', 2, '', '', '2018-04-20 02:40:13', '2018-04-20 02:40:13'),
(1268, '/api/departments', 'GET', '[]', 2, '', '', '2018-04-20 02:40:13', '2018-04-20 02:40:13'),
(1269, '/api/get-list-sub-kpi-user-evaluate?user_id=2', 'GET', '{"user_id":"2"}', 2, '', '', '2018-04-20 02:40:13', '2018-04-20 02:40:13'),
(1270, '/api/divisions', 'GET', '[]', 2, '', '', '2018-04-20 02:40:13', '2018-04-20 02:40:13'),
(1271, '/api/users/2', 'GET', '[]', 2, '', '', '2018-04-20 02:40:33', '2018-04-20 02:40:33'),
(1272, '/api/client-surveys?user_id=2&&', 'GET', '{"user_id":"2"}', 2, '', '', '2018-04-20 02:40:33', '2018-04-20 02:40:33'),
(1273, '/api/get-list-sub-kpi-user-evaluate?user_id=2', 'GET', '{"user_id":"2"}', 2, '', '', '2018-04-20 02:40:41', '2018-04-20 02:40:41'),
(1274, '/api/branches', 'GET', '[]', 2, '', '', '2018-04-20 02:40:41', '2018-04-20 02:40:41'),
(1275, '/api/divisions', 'GET', '[]', 2, '', '', '2018-04-20 02:40:41', '2018-04-20 02:40:41'),
(1276, '/api/departments', 'GET', '[]', 2, '', '', '2018-04-20 02:40:41', '2018-04-20 02:40:41'),
(1277, '/api/users/11', 'GET', '[]', 11, '', '', '2018-04-20 02:41:10', '2018-04-20 02:41:10'),
(1278, '/api/client-surveys?user_id=11&&', 'GET', '{"user_id":"11"}', 11, '', '', '2018-04-20 02:41:15', '2018-04-20 02:41:15'),
(1279, '/api/subkpis?responsibility_id=11&&', 'GET', '{"responsibility_id":"11"}', 11, '', '', '2018-04-20 02:41:21', '2018-04-20 02:41:21'),
(1280, '/api/departments', 'GET', '[]', 2, '', '', '2018-04-20 02:42:04', '2018-04-20 02:42:04'),
(1281, '/api/divisions', 'GET', '[]', 2, '', '', '2018-04-20 02:42:04', '2018-04-20 02:42:04'),
(1282, '/api/branches', 'GET', '[]', 2, '', '', '2018-04-20 02:42:04', '2018-04-20 02:42:04'),
(1283, '/api/subkpis?main=1&&', 'GET', '{"main":"1"}', 2, '', '', '2018-04-20 02:42:04', '2018-04-20 02:42:04'),
(1284, '/api/users', 'GET', '[]', 2, '', '', '2018-04-20 02:42:21', '2018-04-20 02:42:21'),
(1285, '/api/branches', 'GET', '[]', 2, '', '', '2018-04-20 02:42:21', '2018-04-20 02:42:21'),
(1286, '/api/divisions', 'GET', '[]', 2, '', '', '2018-04-20 02:42:21', '2018-04-20 02:42:21'),
(1287, '/api/subkpis/154', 'GET', '[]', 2, '', '', '2018-04-20 02:42:21', '2018-04-20 02:42:21'),
(1288, '/api/departments', 'GET', '[]', 2, '', '', '2018-04-20 02:42:21', '2018-04-20 02:42:21'),
(1289, '/api/users', 'GET', '[]', 2, '', '', '2018-04-20 02:42:21', '2018-04-20 02:42:21'),
(1290, '/api/subkpis?kpi_id=119&&', 'GET', '{"kpi_id":"119"}', 2, '', '', '2018-04-20 02:42:22', '2018-04-20 02:42:22'),
(1291, '/api/subkpis/194', 'GET', '[]', 2, '', '', '2018-04-20 02:43:38', '2018-04-20 02:43:38'),
(1292, '/api/users', 'GET', '[]', 2, '', '', '2018-04-20 02:43:38', '2018-04-20 02:43:38'),
(1293, '/api/branches', 'GET', '[]', 2, '', '', '2018-04-20 02:43:38', '2018-04-20 02:43:38'),
(1294, '/api/divisions', 'GET', '[]', 2, '', '', '2018-04-20 02:43:38', '2018-04-20 02:43:38'),
(1295, '/api/departments', 'GET', '[]', 2, '', '', '2018-04-20 02:43:38', '2018-04-20 02:43:38'),
(1296, '/api/users', 'GET', '[]', 2, '', '', '2018-04-20 02:43:47', '2018-04-20 02:43:47'),
(1297, '/api/subkpis?kpi_id=124&&', 'GET', '{"kpi_id":"124"}', 2, '', '', '2018-04-20 02:43:51', '2018-04-20 02:43:51'),
(1298, '/api/branches', 'GET', '[]', 2, '', '', '2018-04-20 02:44:26', '2018-04-20 02:44:26'),
(1299, '/api/users', 'GET', '[]', 2, '', '', '2018-04-20 02:44:26', '2018-04-20 02:44:26'),
(1300, '/api/divisions', 'GET', '[]', 2, '', '', '2018-04-20 02:44:26', '2018-04-20 02:44:26'),
(1301, '/api/departments', 'GET', '[]', 2, '', '', '2018-04-20 02:44:26', '2018-04-20 02:44:26'),
(1302, '/api/subkpis/194', 'GET', '[]', 2, '', '', '2018-04-20 02:44:26', '2018-04-20 02:44:26'),
(1303, '/api/users', 'GET', '[]', 2, '', '', '2018-04-20 02:44:30', '2018-04-20 02:44:30'),
(1304, '/api/subkpis?kpi_id=124&&', 'GET', '{"kpi_id":"124"}', 2, '', '', '2018-04-20 02:44:34', '2018-04-20 02:44:34'),
(1305, '/api/subkpis?main=1&&', 'GET', '{"main":"1"}', 3, '', '', '2018-04-20 02:45:29', '2018-04-20 02:45:29'),
(1306, '/api/departments', 'GET', '[]', 3, '', '', '2018-04-20 02:45:50', '2018-04-20 02:45:50'),
(1307, '/api/branches', 'GET', '[]', 3, '', '', '2018-04-20 02:45:52', '2018-04-20 02:45:52'),
(1308, '/api/kpiactionplans?sub_kpi_id=197&&', 'GET', '{"sub_kpi_id":"197"}', 11, '', '', '2018-04-20 02:45:16', '2018-04-20 02:45:16'),
(1309, '/api/subkpis/197', 'GET', '[]', 11, '', '', '2018-04-20 02:45:16', '2018-04-20 02:45:16'),
(1310, '/api/users/11', 'GET', '[]', 11, '', '', '2018-04-20 02:45:16', '2018-04-20 02:45:16'),
(1311, '/api/divisions', 'GET', '[]', 3, '', '', '2018-04-20 02:45:54', '2018-04-20 02:45:54'),
(1312, '/api/departments', 'GET', '[]', 2, '', '', '2018-04-20 02:45:55', '2018-04-20 02:45:55'),
(1313, '/api/subkpis/194', 'GET', '[]', 2, '', '', '2018-04-20 02:45:55', '2018-04-20 02:45:55'),
(1314, '/api/users', 'GET', '[]', 2, '', '', '2018-04-20 02:45:55', '2018-04-20 02:45:55'),
(1315, '/api/divisions', 'GET', '[]', 2, '', '', '2018-04-20 02:45:55', '2018-04-20 02:45:55'),
(1316, '/api/branches', 'GET', '[]', 2, '', '', '2018-04-20 02:45:55', '2018-04-20 02:45:55'),
(1317, '/api/users', 'GET', '[]', 2, '', '', '2018-04-20 02:46:01', '2018-04-20 02:46:01'),
(1318, '/api/subkpis?main=1&&', 'GET', '{"main":"1"}', 3, '', '', '2018-04-20 02:46:02', '2018-04-20 02:46:02'),
(1319, '/api/subkpis?kpi_id=124&&', 'GET', '{"kpi_id":"124"}', 2, '', '', '2018-04-20 02:46:06', '2018-04-20 02:46:06'),
(1320, '/api/departments', 'GET', '[]', 3, '', '', '2018-04-20 02:46:20', '2018-04-20 02:46:20'),
(1321, '/api/branches', 'GET', '[]', 3, '', '', '2018-04-20 02:46:22', '2018-04-20 02:46:22'),
(1322, '/api/divisions', 'GET', '[]', 3, '', '', '2018-04-20 02:46:24', '2018-04-20 02:46:24'),
(1323, '/api/branches', 'GET', '[]', 11, '', '', '2018-04-20 02:47:10', '2018-04-20 02:47:10'),
(1324, '/api/get-list-sub-kpi-user-evaluate?user_id=11', 'GET', '{"user_id":"11"}', 11, '', '', '2018-04-20 02:47:10', '2018-04-20 02:47:10'),
(1325, '/api/departments', 'GET', '[]', 11, '', '', '2018-04-20 02:47:11', '2018-04-20 02:47:11'),
(1326, '/api/divisions', 'GET', '[]', 11, '', '', '2018-04-20 02:47:11', '2018-04-20 02:47:11'),
(1327, '/api/subkpis?main=1&&', 'GET', '{"main":"1"}', 3, '', '', '2018-04-20 02:48:41', '2018-04-20 02:48:41'),
(1328, '/api/users/11', 'GET', '[]', 11, '', '', '2018-04-20 02:48:05', '2018-04-20 02:48:05'),
(1329, '/api/client-surveys?user_id=11&&', 'GET', '{"user_id":"11"}', 11, '', '', '2018-04-20 02:48:05', '2018-04-20 02:48:05'),
(1330, '/api/kpiactionplans?sub_kpi_id=196&&', 'GET', '{"sub_kpi_id":"196"}', 11, '', '', '2018-04-20 02:48:10', '2018-04-20 02:48:10'),
(1331, '/api/client-surveys?user_id=11&&', 'GET', '{"user_id":"11"}', 11, '', '', '2018-04-20 02:48:11', '2018-04-20 02:48:11'),
(1332, '/api/users/11', 'GET', '[]', 11, '', '', '2018-04-20 02:48:11', '2018-04-20 02:48:11'),
(1333, '/api/departments', 'GET', '[]', 2, '', '', '2018-04-20 02:48:17', '2018-04-20 02:48:17'),
(1334, '/api/branches', 'GET', '[]', 2, '', '', '2018-04-20 02:48:17', '2018-04-20 02:48:17'),
(1335, '/api/get-list-sub-kpi-user-evaluate?user_id=2', 'GET', '{"user_id":"2"}', 2, '', '', '2018-04-20 02:48:17', '2018-04-20 02:48:17'),
(1336, '/api/divisions', 'GET', '[]', 2, '', '', '2018-04-20 02:48:17', '2018-04-20 02:48:17'),
(1337, '/api/departments', 'GET', '[]', 3, '', '', '2018-04-20 02:48:56', '2018-04-20 02:48:56'),
(1338, '/api/branches', 'GET', '[]', 3, '', '', '2018-04-20 02:48:58', '2018-04-20 02:48:58'),
(1339, '/api/divisions', 'GET', '[]', 3, '', '', '2018-04-20 02:49:00', '2018-04-20 02:49:00'),
(1340, '/api/branches', 'GET', '[]', 2, '', '', '2018-04-20 02:49:09', '2018-04-20 02:49:09'),
(1341, '/api/departments', 'GET', '[]', 2, '', '', '2018-04-20 02:49:09', '2018-04-20 02:49:09'),
(1342, '/api/get-list-sub-kpi-user-evaluate?user_id=2', 'GET', '{"user_id":"2"}', 2, '', '', '2018-04-20 02:49:09', '2018-04-20 02:49:09'),
(1343, '/api/divisions', 'GET', '[]', 2, '', '', '2018-04-20 02:49:10', '2018-04-20 02:49:10'),
(1344, '/api/kpiactionplans?sub_kpi_id=197&&', 'GET', '{"sub_kpi_id":"197"}', 2, '', '', '2018-04-20 02:48:33', '2018-04-20 02:48:33'),
(1345, '/api/branches', 'GET', '[]', 2, '', '', '2018-04-20 02:49:14', '2018-04-20 02:49:14'),
(1346, '/api/subkpis/194', 'GET', '[]', 2, '', '', '2018-04-20 02:49:15', '2018-04-20 02:49:15'),
(1347, '/api/departments', 'GET', '[]', 2, '', '', '2018-04-20 02:49:15', '2018-04-20 02:49:15'),
(1348, '/api/users', 'GET', '[]', 2, '', '', '2018-04-20 02:49:15', '2018-04-20 02:49:15'),
(1349, '/api/divisions', 'GET', '[]', 2, '', '', '2018-04-20 02:49:15', '2018-04-20 02:49:15'),
(1350, '/api/users', 'GET', '[]', 2, '', '', '2018-04-20 02:49:18', '2018-04-20 02:49:18'),
(1351, '/api/subkpis?kpi_id=124&&', 'GET', '{"kpi_id":"124"}', 2, '', '', '2018-04-20 02:49:22', '2018-04-20 02:49:22'),
(1352, '/api/kpiactionplans', 'POST', '{"sub_kpi_id":"197","title":"bn","description":"h","target_1":"h","target_2":"h","target_3":"h","target_4":"h","target_5":"h","type":"0","active_status":"0","activity_status":"0","evaluate_status":"0","portion":"1","self_scored":"0","evaluator_1_scored":"0","evaluator_2_scored":"0","evaluator_3_scored":"0","final_scored":"0"}', 2, '', '', '2018-04-20 02:48:45', '2018-04-20 02:48:45'),
(1353, '/api/subkpis/197', 'GET', '[]', 2, '', '', '2018-04-20 02:48:46', '2018-04-20 02:48:46'),
(1354, '/api/kpiactionplans?sub_kpi_id=197&&', 'GET', '{"sub_kpi_id":"197"}', 2, '', '', '2018-04-20 02:48:46', '2018-04-20 02:48:46'),
(1355, '/api/get-list-sub-kpi-user-evaluate?user_id=2', 'GET', '{"user_id":"2"}', 2, '', '', '2018-04-20 02:48:50', '2018-04-20 02:48:50'),
(1356, '/api/departments', 'GET', '[]', 2, '', '', '2018-04-20 02:48:50', '2018-04-20 02:48:50'),
(1357, '/api/branches', 'GET', '[]', 2, '', '', '2018-04-20 02:48:50', '2018-04-20 02:48:50'),
(1358, '/api/divisions', 'GET', '[]', 2, '', '', '2018-04-20 02:48:50', '2018-04-20 02:48:50'),
(1359, '/api/subkpis?responsibility_id=2&&', 'GET', '{"responsibility_id":"2"}', 2, '', '', '2018-04-20 02:48:57', '2018-04-20 02:48:57'),
(1360, '/api/subkpis/194', 'GET', '[]', 2, '', '', '2018-04-20 02:50:10', '2018-04-20 02:50:10'),
(1361, '/api/users', 'GET', '[]', 2, '', '', '2018-04-20 02:50:10', '2018-04-20 02:50:10'),
(1362, '/api/departments', 'GET', '[]', 2, '', '', '2018-04-20 02:50:10', '2018-04-20 02:50:10'),
(1363, '/api/divisions', 'GET', '[]', 2, '', '', '2018-04-20 02:50:10', '2018-04-20 02:50:10'),
(1364, '/api/branches', 'GET', '[]', 2, '', '', '2018-04-20 02:50:10', '2018-04-20 02:50:10'),
(1365, '/api/users', 'GET', '[]', 2, '', '', '2018-04-20 02:50:14', '2018-04-20 02:50:14'),
(1366, '/api/subkpis?kpi_id=124&&', 'GET', '{"kpi_id":"124"}', 2, '', '', '2018-04-20 02:50:18', '2018-04-20 02:50:18'),
(1367, '/api/departments', 'GET', '[]', 2, '', '', '2018-04-20 02:56:56', '2018-04-20 02:56:56'),
(1368, '/api/subkpis/194', 'GET', '[]', 2, '', '', '2018-04-20 02:56:57', '2018-04-20 02:56:57'),
(1369, '/api/divisions', 'GET', '[]', 2, '', '', '2018-04-20 02:56:57', '2018-04-20 02:56:57'),
(1370, '/api/branches', 'GET', '[]', 2, '', '', '2018-04-20 02:56:57', '2018-04-20 02:56:57'),
(1371, '/api/users', 'GET', '[]', 2, '', '', '2018-04-20 02:56:57', '2018-04-20 02:56:57'),
(1372, '/api/users', 'GET', '[]', 2, '', '', '2018-04-20 02:57:02', '2018-04-20 02:57:02'),
(1373, '/api/subkpis?kpi_id=124&&', 'GET', '{"kpi_id":"124"}', 2, '', '', '2018-04-20 02:57:10', '2018-04-20 02:57:10'),
(1374, '/api/departments', 'GET', '[]', 2, '', '', '2018-04-20 03:00:48', '2018-04-20 03:00:48'),
(1375, '/api/users', 'GET', '[]', 2, '', '', '2018-04-20 03:00:48', '2018-04-20 03:00:48'),
(1376, '/api/divisions', 'GET', '[]', 2, '', '', '2018-04-20 03:00:48', '2018-04-20 03:00:48'),
(1377, '/api/branches', 'GET', '[]', 2, '', '', '2018-04-20 03:00:48', '2018-04-20 03:00:48'),
(1378, '/api/subkpis/194', 'GET', '[]', 2, '', '', '2018-04-20 03:00:48', '2018-04-20 03:00:48'),
(1379, '/api/users', 'GET', '[]', 2, '', '', '2018-04-20 03:00:50', '2018-04-20 03:00:50'),
(1380, '/api/subkpis?kpi_id=124&&', 'GET', '{"kpi_id":"124"}', 2, '', '', '2018-04-20 03:00:54', '2018-04-20 03:00:54'),
(1381, '/api/branches', 'GET', '[]', 2, '', '', '2018-04-20 03:04:02', '2018-04-20 03:04:02'),
(1382, '/api/subkpis?main=1&&', 'GET', '{"main":"1"}', 2, '', '', '2018-04-20 03:04:02', '2018-04-20 03:04:02'),
(1383, '/api/divisions', 'GET', '[]', 2, '', '', '2018-04-20 03:04:02', '2018-04-20 03:04:02'),
(1384, '/api/departments', 'GET', '[]', 2, '', '', '2018-04-20 03:04:02', '2018-04-20 03:04:02'),
(1385, '/api/branches', 'GET', '[]', 2, '', '', '2018-04-20 03:04:25', '2018-04-20 03:04:25'),
(1386, '/api/departments', 'GET', '[]', 2, '', '', '2018-04-20 03:04:25', '2018-04-20 03:04:25'),
(1387, '/api/users', 'GET', '[]', 2, '', '', '2018-04-20 03:04:25', '2018-04-20 03:04:25'),
(1388, '/api/subkpis/194', 'GET', '[]', 2, '', '', '2018-04-20 03:04:25', '2018-04-20 03:04:25'),
(1389, '/api/divisions', 'GET', '[]', 2, '', '', '2018-04-20 03:04:25', '2018-04-20 03:04:25'),
(1390, '/api/subkpis?kpi_id=124&&', 'GET', '{"kpi_id":"124"}', 2, '', '', '2018-04-20 03:04:26', '2018-04-20 03:04:26'),
(1391, '/api/users', 'GET', '[]', 2, '', '', '2018-04-20 03:04:26', '2018-04-20 03:04:26'),
(1392, '/api/departments', 'GET', '[]', 2, '', '', '2018-04-20 03:07:22', '2018-04-20 03:07:22'),
(1393, '/api/subkpis/194', 'GET', '[]', 2, '', '', '2018-04-20 03:07:22', '2018-04-20 03:07:22'),
(1394, '/api/users', 'GET', '[]', 2, '', '', '2018-04-20 03:07:22', '2018-04-20 03:07:22'),
(1395, '/api/branches', 'GET', '[]', 2, '', '', '2018-04-20 03:07:22', '2018-04-20 03:07:22'),
(1396, '/api/divisions', 'GET', '[]', 2, '', '', '2018-04-20 03:07:23', '2018-04-20 03:07:23'),
(1397, '/api/users', 'GET', '[]', 2, '', '', '2018-04-20 03:07:25', '2018-04-20 03:07:25'),
(1398, '/api/subkpis?kpi_id=124&&', 'GET', '{"kpi_id":"124"}', 2, '', '', '2018-04-20 03:07:29', '2018-04-20 03:07:29'),
(1399, '/api/subkpis?main=1&&', 'GET', '{"main":"1"}', 3, '', '', '2018-04-20 03:07:59', '2018-04-20 03:07:59'),
(1400, '/api/departments', 'GET', '[]', 3, '', '', '2018-04-20 03:08:14', '2018-04-20 03:08:14'),
(1401, '/api/branches', 'GET', '[]', 3, '', '', '2018-04-20 03:08:15', '2018-04-20 03:08:15'),
(1402, '/api/divisions', 'GET', '[]', 3, '', '', '2018-04-20 03:08:17', '2018-04-20 03:08:17'),
(1403, '/api/subkpis?main=1&&', 'GET', '{"main":"1"}', 3, '', '', '2018-04-20 03:09:27', '2018-04-20 03:09:27'),
(1404, '/api/branches', 'GET', '[]', 3, '', '', '2018-04-20 03:09:41', '2018-04-20 03:09:41'),
(1405, '/api/departments', 'GET', '[]', 3, '', '', '2018-04-20 03:09:42', '2018-04-20 03:09:42'),
(1406, '/api/divisions', 'GET', '[]', 3, '', '', '2018-04-20 03:09:44', '2018-04-20 03:09:44'),
(1407, '/api/subkpis?main=1&&', 'GET', '{"main":"1"}', 3, '', '', '2018-04-20 03:10:54', '2018-04-20 03:10:54'),
(1408, '/api/departments', 'GET', '[]', 3, '', '', '2018-04-20 03:11:08', '2018-04-20 03:11:08'),
(1409, '/api/branches', 'GET', '[]', 3, '', '', '2018-04-20 03:11:10', '2018-04-20 03:11:10'),
(1410, '/api/divisions', 'GET', '[]', 3, '', '', '2018-04-20 03:11:12', '2018-04-20 03:11:12'),
(1411, '/api/subkpis?responsibility_id=2&&', 'GET', '{"responsibility_id":"2"}', 2, '', '', '2018-04-20 03:11:01', '2018-04-20 03:11:01'),
(1412, '/api/subkpis/178', 'GET', '[]', 2, '', '', '2018-04-20 03:11:08', '2018-04-20 03:11:08'),
(1413, '/api/kpiactionplans?sub_kpi_id=178&&', 'GET', '{"sub_kpi_id":"178"}', 2, '', '', '2018-04-20 03:11:08', '2018-04-20 03:11:08'),
(1414, '/api/divisions', 'GET', '[]', 2, '', '', '2018-04-20 03:11:22', '2018-04-20 03:11:22'),
(1415, '/api/subkpis?main=1&&', 'GET', '{"main":"1"}', 2, '', '', '2018-04-20 03:11:23', '2018-04-20 03:11:23'),
(1416, '/api/branches', 'GET', '[]', 2, '', '', '2018-04-20 03:11:23', '2018-04-20 03:11:23'),
(1417, '/api/departments', 'GET', '[]', 2, '', '', '2018-04-20 03:11:23', '2018-04-20 03:11:23'),
(1418, '/api/subkpis?main=1&&', 'GET', '{"main":"1"}', 3, '', '', '2018-04-20 03:15:42', '2018-04-20 03:15:42'),
(1419, '/api/departments', 'GET', '[]', 3, '', '', '2018-04-20 03:15:56', '2018-04-20 03:15:56'),
(1420, '/api/branches', 'GET', '[]', 3, '', '', '2018-04-20 03:15:58', '2018-04-20 03:15:58'),
(1421, '/api/divisions', 'GET', '[]', 3, '', '', '2018-04-20 03:15:59', '2018-04-20 03:15:59'),
(1422, '/api/subkpis?main=1&&', 'GET', '{"main":"1"}', 3, '', '', '2018-04-20 03:16:27', '2018-04-20 03:16:27'),
(1423, '/api/users', 'GET', '[]', 2, '', '', '2018-04-20 03:16:36', '2018-04-20 03:16:36'),
(1424, '/api/divisions', 'GET', '[]', 2, '', '', '2018-04-20 03:16:36', '2018-04-20 03:16:36'),
(1425, '/api/branches', 'GET', '[]', 2, '', '', '2018-04-20 03:16:36', '2018-04-20 03:16:36'),
(1426, '/api/subkpis/194', 'GET', '[]', 2, '', '', '2018-04-20 03:16:36', '2018-04-20 03:16:36'),
(1427, '/api/departments', 'GET', '[]', 2, '', '', '2018-04-20 03:16:36', '2018-04-20 03:16:36'),
(1428, '/api/users', 'GET', '[]', 2, '', '', '2018-04-20 03:16:40', '2018-04-20 03:16:40'),
(1429, '/api/departments', 'GET', '[]', 3, '', '', '2018-04-20 03:16:42', '2018-04-20 03:16:42'),
(1430, '/api/branches', 'GET', '[]', 3, '', '', '2018-04-20 03:16:44', '2018-04-20 03:16:44'),
(1431, '/api/divisions', 'GET', '[]', 3, '', '', '2018-04-20 03:16:46', '2018-04-20 03:16:46'),
(1432, '/api/subkpis?kpi_id=124&&', 'GET', '{"kpi_id":"124"}', 2, '', '', '2018-04-20 03:16:46', '2018-04-20 03:16:46'),
(1433, '/api/subkpis/174', 'GET', '[]', 2, '', '', '2018-04-20 03:17:12', '2018-04-20 03:17:12'),
(1434, '/api/departments', 'GET', '[]', 2, '', '', '2018-04-20 03:17:12', '2018-04-20 03:17:12'),
(1435, '/api/branches', 'GET', '[]', 2, '', '', '2018-04-20 03:17:12', '2018-04-20 03:17:12'),
(1436, '/api/users', 'GET', '[]', 2, '', '', '2018-04-20 03:17:12', '2018-04-20 03:17:12'),
(1437, '/api/users', 'GET', '[]', 2, '', '', '2018-04-20 03:17:12', '2018-04-20 03:17:12'),
(1438, '/api/divisions', 'GET', '[]', 2, '', '', '2018-04-20 03:17:12', '2018-04-20 03:17:12'),
(1439, '/api/subkpis?kpi_id=122&&', 'GET', '{"kpi_id":"122"}', 2, '', '', '2018-04-20 03:17:13', '2018-04-20 03:17:13'),
(1440, '/api/subkpis/176', 'GET', '[]', 2, '', '', '2018-04-20 03:17:22', '2018-04-20 03:17:22'),
(1441, '/api/kpiactionplans?sub_kpi_id=176&&', 'GET', '{"sub_kpi_id":"176"}', 2, '', '', '2018-04-20 03:17:22', '2018-04-20 03:17:22'),
(1442, '/api/departments', 'GET', '[]', 3, '', '', '2018-04-20 03:19:26', '2018-04-20 03:19:26'),
(1443, '/api/subkpis?main=1&&', 'GET', '{"main":"1"}', 3, '', '', '2018-04-20 03:19:29', '2018-04-20 03:19:29'),
(1444, '/api/divisions', 'GET', '[]', 3, '', '', '2018-04-20 03:19:46', '2018-04-20 03:19:46'),
(1445, '/api/branches', 'GET', '[]', 3, '', '', '2018-04-20 03:19:48', '2018-04-20 03:19:48'),
(1446, '/api/subkpis?main=1&&', 'GET', '{"main":"1"}', 3, '', '', '2018-04-20 03:20:51', '2018-04-20 03:20:51'),
(1447, '/api/departments', 'GET', '[]', 3, '', '', '2018-04-20 03:21:06', '2018-04-20 03:21:06'),
(1448, '/api/branches', 'GET', '[]', 3, '', '', '2018-04-20 03:21:08', '2018-04-20 03:21:08'),
(1449, '/api/divisions', 'GET', '[]', 3, '', '', '2018-04-20 03:21:09', '2018-04-20 03:21:09'),
(1450, '/api/subkpis?main=1&&', 'GET', '{"main":"1"}', 3, '', '', '2018-04-20 03:23:31', '2018-04-20 03:23:31'),
(1451, '/api/departments', 'GET', '[]', 3, '', '', '2018-04-20 03:23:45', '2018-04-20 03:23:45'),
(1452, '/api/branches', 'GET', '[]', 3, '', '', '2018-04-20 03:23:47', '2018-04-20 03:23:47'),
(1453, '/api/divisions', 'GET', '[]', 3, '', '', '2018-04-20 03:23:48', '2018-04-20 03:23:48'),
(1454, '/api/subkpis?main=1&&', 'GET', '{"main":"1"}', 3, '', '', '2018-04-20 03:24:55', '2018-04-20 03:24:55'),
(1455, '/api/departments', 'GET', '[]', 3, '', '', '2018-04-20 03:25:12', '2018-04-20 03:25:12'),
(1456, '/api/branches', 'GET', '[]', 3, '', '', '2018-04-20 03:25:14', '2018-04-20 03:25:14'),
(1457, '/api/divisions', 'GET', '[]', 3, '', '', '2018-04-20 03:25:16', '2018-04-20 03:25:16'),
(1458, '/api/subkpis/194', 'GET', '[]', 2, '', '', '2018-04-20 03:33:20', '2018-04-20 03:33:20'),
(1459, '/api/divisions', 'GET', '[]', 2, '', '', '2018-04-20 03:33:20', '2018-04-20 03:33:20'),
(1460, '/api/branches', 'GET', '[]', 2, '', '', '2018-04-20 03:33:20', '2018-04-20 03:33:20'),
(1461, '/api/departments', 'GET', '[]', 2, '', '', '2018-04-20 03:33:20', '2018-04-20 03:33:20'),
(1462, '/api/users', 'GET', '[]', 2, '', '', '2018-04-20 03:33:20', '2018-04-20 03:33:20'),
(1463, '/api/users', 'GET', '[]', 2, '', '', '2018-04-20 03:33:26', '2018-04-20 03:33:26'),
(1464, '/api/subkpis?kpi_id=124&&', 'GET', '{"kpi_id":"124"}', 2, '', '', '2018-04-20 03:33:31', '2018-04-20 03:33:31'),
(1465, '/api/users/2', 'GET', '[]', 2, '', '', '2018-04-20 03:33:51', '2018-04-20 03:33:51'),
(1466, '/api/departments', 'GET', '[]', 2, '', '', '2018-04-20 03:33:58', '2018-04-20 03:33:58'),
(1467, '/api/divisions', 'GET', '[]', 2, '', '', '2018-04-20 03:33:59', '2018-04-20 03:33:59'),
(1468, '/api/subkpis?main=1&&', 'GET', '{"main":"1"}', 2, '', '', '2018-04-20 03:33:59', '2018-04-20 03:33:59'),
(1469, '/api/branches', 'GET', '[]', 2, '', '', '2018-04-20 03:33:59', '2018-04-20 03:33:59'),
(1470, '/api/branches', 'GET', '[]', 2, '', '', '2018-04-20 03:34:08', '2018-04-20 03:34:08'),
(1471, '/api/divisions', 'GET', '[]', 2, '', '', '2018-04-20 03:34:08', '2018-04-20 03:34:08'),
(1472, '/api/users', 'GET', '[]', 2, '', '', '2018-04-20 03:34:08', '2018-04-20 03:34:08'),
(1473, '/api/departments', 'GET', '[]', 2, '', '', '2018-04-20 03:34:08', '2018-04-20 03:34:08'),
(1474, '/api/subkpis/194', 'GET', '[]', 2, '', '', '2018-04-20 03:34:08', '2018-04-20 03:34:08'),
(1475, '/api/subkpis?kpi_id=124&&', 'GET', '{"kpi_id":"124"}', 2, '', '', '2018-04-20 03:34:09', '2018-04-20 03:34:09'),
(1476, '/api/users', 'GET', '[]', 2, '', '', '2018-04-20 03:34:09', '2018-04-20 03:34:09'),
(1477, '/api/subkpis?main=1&&', 'GET', '{"main":"1"}', 3, '', '', '2018-04-20 03:38:38', '2018-04-20 03:38:38'),
(1478, '/api/departments', 'GET', '[]', 3, '', '', '2018-04-20 03:38:54', '2018-04-20 03:38:54'),
(1479, '/api/branches', 'GET', '[]', 3, '', '', '2018-04-20 03:38:56', '2018-04-20 03:38:56'),
(1480, '/api/divisions', 'GET', '[]', 3, '', '', '2018-04-20 03:38:57', '2018-04-20 03:38:57'),
(1481, '/api/divisions', 'GET', '[]', 2, '', '', '2018-04-20 03:45:25', '2018-04-20 03:45:25');
INSERT INTO `api_active_log` (`id`, `url`, `method`, `data_fetch`, `user_id`, `messenger`, `code`, `created_at`, `updated_at`) VALUES
(1482, '/api/branches', 'GET', '[]', 2, '', '', '2018-04-20 03:45:25', '2018-04-20 03:45:25'),
(1483, '/api/departments', 'GET', '[]', 2, '', '', '2018-04-20 03:45:26', '2018-04-20 03:45:26'),
(1484, '/api/users', 'GET', '[]', 2, '', '', '2018-04-20 03:45:26', '2018-04-20 03:45:26'),
(1485, '/api/subkpis/194', 'GET', '[]', 2, '', '', '2018-04-20 03:45:26', '2018-04-20 03:45:26'),
(1486, '/api/users', 'GET', '[]', 2, '', '', '2018-04-20 03:45:33', '2018-04-20 03:45:33'),
(1487, '/api/users', 'GET', '[]', 2, '', '', '2018-04-20 03:45:52', '2018-04-20 03:45:52'),
(1488, '/api/subkpis/194', 'GET', '[]', 2, '', '', '2018-04-20 03:45:52', '2018-04-20 03:45:52'),
(1489, '/api/branches', 'GET', '[]', 2, '', '', '2018-04-20 03:45:52', '2018-04-20 03:45:52'),
(1490, '/api/departments', 'GET', '[]', 2, '', '', '2018-04-20 03:45:53', '2018-04-20 03:45:53'),
(1491, '/api/divisions', 'GET', '[]', 2, '', '', '2018-04-20 03:45:53', '2018-04-20 03:45:53'),
(1492, '/api/users', 'GET', '[]', 2, '', '', '2018-04-20 03:45:57', '2018-04-20 03:45:57'),
(1493, '/api/subkpis?kpi_id=124&&', 'GET', '{"kpi_id":"124"}', 2, '', '', '2018-04-20 03:46:03', '2018-04-20 03:46:03');

-- --------------------------------------------------------

--
-- Table structure for table `api_answer`
--

CREATE TABLE `api_answer` (
  `id` int(10) UNSIGNED NOT NULL,
  `point` int(11) NOT NULL DEFAULT '0',
  `required_note` int(11) NOT NULL COMMENT '0:no,1:yes',
  `id_question` int(10) UNSIGNED NOT NULL,
  `deleted_at` timestamp NULL DEFAULT NULL,
  `created_at` timestamp NULL DEFAULT NULL,
  `updated_at` timestamp NULL DEFAULT NULL
) ENGINE=InnoDB DEFAULT CHARSET=utf8mb4 COLLATE=utf8mb4_unicode_ci;

--
-- Dumping data for table `api_answer`
--

INSERT INTO `api_answer` (`id`, `point`, `required_note`, `id_question`, `deleted_at`, `created_at`, `updated_at`) VALUES
(25, 0, 0, 153, NULL, '2018-03-19 03:10:00', '2018-03-19 03:10:00'),
(26, 0, 1, 153, NULL, '2018-03-19 03:10:01', '2018-03-19 03:10:01'),
(27, 0, 0, 153, NULL, '2018-03-19 03:10:01', '2018-03-19 03:10:01'),
(28, 0, 1, 153, NULL, '2018-03-19 03:10:01', '2018-03-19 03:10:01'),
(29, 0, 0, 153, NULL, '2018-03-19 03:10:01', '2018-03-19 03:10:01'),
(30, 0, 0, 154, NULL, '2018-03-19 03:10:02', '2018-03-19 03:10:02'),
(31, 0, 0, 154, NULL, '2018-03-19 03:10:02', '2018-03-19 03:10:02'),
(56, 0, 0, 164, NULL, '2018-03-26 01:40:14', '2018-03-26 01:40:14'),
(57, 0, 0, 164, NULL, '2018-03-26 01:40:14', '2018-03-26 01:40:14'),
(58, 0, 0, 164, NULL, '2018-03-26 01:40:14', '2018-03-26 01:40:14'),
(59, 0, 0, 164, NULL, '2018-03-26 01:40:14', '2018-03-26 01:40:14'),
(60, 0, 0, 164, NULL, '2018-03-26 01:40:15', '2018-03-26 01:40:15'),
(61, 0, 0, 165, NULL, '2018-03-26 01:41:05', '2018-03-26 01:41:05'),
(62, 0, 0, 165, NULL, '2018-03-26 01:41:06', '2018-03-26 01:41:06'),
(63, 0, 0, 165, NULL, '2018-03-26 01:41:06', '2018-03-26 01:41:06'),
(64, 0, 0, 165, NULL, '2018-03-26 01:41:06', '2018-03-26 01:41:06'),
(65, 0, 0, 165, NULL, '2018-03-26 01:41:06', '2018-03-26 01:41:06'),
(66, 0, 1, 170, NULL, '2018-03-28 02:22:45', '2018-03-28 02:22:45'),
(67, 0, 1, 170, NULL, '2018-03-28 02:22:45', '2018-03-28 02:22:45'),
(68, 0, 1, 170, NULL, '2018-03-28 02:22:45', '2018-03-28 02:22:45'),
(69, 0, 0, 170, NULL, '2018-03-28 02:22:45', '2018-03-30 07:39:32'),
(70, 0, 1, 170, NULL, '2018-03-28 02:22:46', '2018-03-28 02:22:46'),
(71, 0, 0, 171, NULL, '2018-03-28 02:22:46', '2018-03-28 02:22:46'),
(72, 0, 0, 171, NULL, '2018-03-28 02:22:47', '2018-03-28 02:22:47'),
(73, 0, 1, 173, NULL, '2018-03-29 02:20:40', '2018-03-29 02:20:40'),
(74, 0, 1, 173, NULL, '2018-03-29 02:20:40', '2018-03-29 02:20:40'),
(75, 0, 0, 173, NULL, '2018-03-29 02:20:40', '2018-03-29 02:20:40'),
(76, 0, 0, 173, NULL, '2018-03-29 02:20:40', '2018-03-29 02:20:40'),
(77, 0, 0, 173, NULL, '2018-03-29 02:20:40', '2018-03-29 02:20:40'),
(78, 0, 1, 174, NULL, '2018-03-29 02:20:41', '2018-03-29 02:20:41'),
(79, 0, 1, 174, NULL, '2018-03-29 02:20:41', '2018-03-29 02:20:41'),
(80, 0, 0, 174, NULL, '2018-03-29 02:20:41', '2018-03-29 02:20:41'),
(81, 0, 0, 174, NULL, '2018-03-29 02:20:41', '2018-03-29 02:20:41'),
(82, 0, 0, 174, NULL, '2018-03-29 02:20:41', '2018-03-29 02:20:41'),
(83, 0, 0, 175, NULL, '2018-03-29 02:20:42', '2018-03-29 02:20:42'),
(84, 0, 0, 175, NULL, '2018-03-29 02:20:42', '2018-03-29 02:20:42'),
(85, 0, 0, 177, NULL, '2018-03-29 07:32:44', '2018-03-29 07:32:44'),
(86, 0, 1, 177, NULL, '2018-03-29 07:32:44', '2018-03-29 07:32:44'),
(87, 0, 0, 177, NULL, '2018-03-29 07:32:45', '2018-03-29 07:32:45'),
(88, 0, 0, 177, NULL, '2018-03-29 07:32:45', '2018-03-29 07:32:45'),
(89, 0, 0, 177, NULL, '2018-03-29 07:32:45', '2018-03-29 07:32:45'),
(90, 0, 1, 178, NULL, '2018-03-29 07:32:46', '2018-03-29 07:32:46'),
(91, 0, 1, 178, NULL, '2018-03-29 07:32:46', '2018-03-29 07:32:46'),
(92, 0, 0, 178, NULL, '2018-03-29 07:32:46', '2018-03-29 07:32:46'),
(93, 0, 0, 178, NULL, '2018-03-29 07:32:47', '2018-03-29 07:32:47'),
(94, 0, 0, 178, NULL, '2018-03-29 07:32:47', '2018-03-29 07:32:47'),
(95, 0, 1, 179, NULL, '2018-04-02 04:07:56', '2018-04-02 04:07:56'),
(96, 0, 1, 179, NULL, '2018-04-02 04:07:56', '2018-04-02 04:07:56'),
(97, 0, 0, 179, NULL, '2018-04-02 04:07:56', '2018-04-02 04:07:56'),
(98, 0, 0, 179, NULL, '2018-04-02 04:07:56', '2018-04-02 04:07:56'),
(99, 0, 0, 179, NULL, '2018-04-02 04:07:57', '2018-04-02 04:07:57'),
(100, 0, 1, 180, NULL, '2018-04-03 04:00:43', '2018-04-03 04:00:43'),
(101, 0, 1, 180, NULL, '2018-04-03 04:00:43', '2018-04-03 04:00:43'),
(102, 0, 0, 180, NULL, '2018-04-03 04:00:43', '2018-04-03 04:00:43'),
(103, 0, 0, 180, NULL, '2018-04-03 04:00:43', '2018-04-03 04:00:43'),
(104, 0, 0, 180, NULL, '2018-04-03 04:00:43', '2018-04-03 04:00:43'),
(105, 0, 1, 181, NULL, '2018-04-03 04:02:03', '2018-04-03 04:02:03'),
(106, 0, 1, 181, NULL, '2018-04-03 04:02:03', '2018-04-03 04:02:03'),
(107, 0, 0, 181, NULL, '2018-04-03 04:02:04', '2018-04-03 04:02:04'),
(108, 0, 0, 181, NULL, '2018-04-03 04:02:04', '2018-04-03 04:02:04'),
(109, 0, 0, 181, NULL, '2018-04-03 04:02:04', '2018-04-03 04:02:04'),
(110, 0, 1, 182, NULL, '2018-04-04 03:19:50', '2018-04-04 03:19:50'),
(111, 0, 1, 182, NULL, '2018-04-04 03:19:51', '2018-04-04 03:19:51'),
(112, 0, 0, 182, NULL, '2018-04-04 03:19:51', '2018-04-04 03:19:51'),
(113, 0, 0, 182, NULL, '2018-04-04 03:19:51', '2018-04-04 03:19:51'),
(114, 0, 0, 182, NULL, '2018-04-04 03:19:51', '2018-04-04 03:19:51'),
(115, 0, 0, 183, NULL, '2018-04-04 03:19:51', '2018-04-04 03:19:51'),
(116, 0, 0, 183, NULL, '2018-04-04 03:19:52', '2018-04-04 03:19:52'),
(117, 0, 1, 184, NULL, '2018-04-04 08:06:26', '2018-04-04 08:06:26'),
(118, 0, 1, 184, NULL, '2018-04-04 08:06:27', '2018-04-04 08:06:27'),
(119, 0, 0, 184, NULL, '2018-04-04 08:06:27', '2018-04-04 08:06:27'),
(120, 0, 0, 184, NULL, '2018-04-04 08:06:27', '2018-04-04 08:06:27'),
(121, 0, 0, 184, NULL, '2018-04-04 08:06:27', '2018-04-04 08:06:27'),
(122, 0, 1, 185, NULL, '2018-04-06 04:04:24', '2018-04-06 04:04:24'),
(123, 0, 1, 185, NULL, '2018-04-06 04:04:24', '2018-04-06 04:04:24'),
(124, 0, 0, 185, NULL, '2018-04-06 04:04:24', '2018-04-06 04:04:24'),
(125, 0, 0, 185, NULL, '2018-04-06 04:04:24', '2018-04-06 04:04:24'),
(126, 0, 0, 185, NULL, '2018-04-06 04:04:25', '2018-04-06 04:04:25'),
(127, 0, 1, 186, NULL, '2018-04-06 04:10:47', '2018-04-06 04:10:47'),
(128, 0, 1, 186, NULL, '2018-04-06 04:10:47', '2018-04-06 04:10:47'),
(129, 0, 0, 186, NULL, '2018-04-06 04:10:48', '2018-04-06 04:10:48'),
(130, 0, 0, 186, NULL, '2018-04-06 04:10:48', '2018-04-06 04:10:48'),
(131, 0, 1, 186, NULL, '2018-04-06 04:10:48', '2018-04-06 04:10:48'),
(132, 0, 1, 187, NULL, '2018-04-06 04:13:18', '2018-04-06 04:13:18'),
(133, 0, 0, 187, NULL, '2018-04-06 04:13:18', '2018-04-06 04:13:18'),
(134, 0, 0, 187, NULL, '2018-04-06 04:13:19', '2018-04-06 04:13:19'),
(135, 0, 1, 187, NULL, '2018-04-06 04:13:19', '2018-04-06 04:13:19'),
(136, 0, 0, 187, NULL, '2018-04-06 04:13:19', '2018-04-06 04:13:19'),
(137, 0, 1, 188, NULL, '2018-04-06 06:25:14', '2018-04-06 06:25:14'),
(138, 0, 1, 188, NULL, '2018-04-06 06:25:14', '2018-04-06 06:25:14'),
(139, 0, 0, 188, NULL, '2018-04-06 06:25:14', '2018-04-06 06:25:14'),
(140, 0, 0, 188, NULL, '2018-04-06 06:25:14', '2018-04-06 06:25:14'),
(141, 0, 1, 188, NULL, '2018-04-06 06:25:14', '2018-04-06 06:25:14'),
(142, 0, 0, 189, NULL, '2018-04-06 06:25:15', '2018-04-06 06:25:15'),
(143, 0, 0, 189, NULL, '2018-04-06 06:25:15', '2018-04-06 06:25:15'),
(144, 0, 0, 190, NULL, '2018-04-09 07:53:51', '2018-04-09 07:53:51'),
(145, 0, 0, 190, NULL, '2018-04-09 07:53:51', '2018-04-09 07:53:51'),
(146, 0, 1, 191, NULL, '2018-04-10 11:26:24', '2018-04-10 11:26:24'),
(147, 0, 1, 191, NULL, '2018-04-10 11:26:24', '2018-04-10 11:26:24'),
(148, 0, 0, 191, NULL, '2018-04-10 11:26:24', '2018-04-10 11:26:24'),
(149, 0, 0, 191, NULL, '2018-04-10 11:26:24', '2018-04-10 11:26:24'),
(150, 0, 0, 191, NULL, '2018-04-10 11:26:24', '2018-04-10 11:26:24'),
(151, 0, 0, 192, NULL, '2018-04-10 11:26:24', '2018-04-10 11:26:24'),
(152, 0, 0, 192, NULL, '2018-04-10 11:26:25', '2018-04-10 11:26:25'),
(153, 0, 1, 193, NULL, '2018-04-11 16:26:23', '2018-04-11 16:26:23'),
(154, 0, 1, 193, NULL, '2018-04-11 16:26:23', '2018-04-11 16:26:23'),
(155, 0, 0, 193, NULL, '2018-04-11 16:26:23', '2018-04-11 16:26:23'),
(156, 0, 0, 193, NULL, '2018-04-11 16:26:24', '2018-04-11 16:26:24'),
(157, 0, 0, 193, NULL, '2018-04-11 16:26:24', '2018-04-11 16:26:24'),
(158, 0, 1, 194, NULL, '2018-04-11 16:26:24', '2018-04-11 16:26:24'),
(159, 0, 1, 194, NULL, '2018-04-11 16:26:24', '2018-04-11 16:26:24'),
(160, 0, 0, 194, NULL, '2018-04-11 16:26:24', '2018-04-11 16:26:24'),
(161, 0, 0, 194, NULL, '2018-04-11 16:26:25', '2018-04-11 16:26:25'),
(162, 0, 0, 194, NULL, '2018-04-11 16:26:25', '2018-04-11 16:26:25'),
(163, 0, 1, 195, NULL, '2018-04-11 16:26:25', '2018-04-11 16:26:25'),
(164, 0, 1, 195, NULL, '2018-04-11 16:26:25', '2018-04-11 16:26:25'),
(165, 0, 0, 195, NULL, '2018-04-11 16:26:26', '2018-04-11 16:26:26'),
(166, 0, 0, 195, NULL, '2018-04-11 16:26:26', '2018-04-11 16:26:26'),
(167, 0, 0, 195, NULL, '2018-04-11 16:26:26', '2018-04-11 16:26:26'),
(168, 0, 1, 196, NULL, '2018-04-11 16:26:27', '2018-04-11 16:26:27'),
(169, 0, 1, 196, NULL, '2018-04-11 16:26:27', '2018-04-11 16:26:27'),
(170, 0, 0, 196, NULL, '2018-04-11 16:26:27', '2018-04-11 16:26:27'),
(171, 0, 0, 196, NULL, '2018-04-11 16:26:27', '2018-04-11 16:26:27'),
(172, 0, 0, 196, NULL, '2018-04-11 16:26:27', '2018-04-11 16:26:27'),
(173, 0, 1, 197, NULL, '2018-04-11 16:26:28', '2018-04-11 16:26:28'),
(174, 0, 1, 197, NULL, '2018-04-11 16:26:28', '2018-04-11 16:26:28'),
(175, 0, 0, 197, NULL, '2018-04-11 16:26:28', '2018-04-11 16:26:28'),
(176, 0, 0, 197, NULL, '2018-04-11 16:26:28', '2018-04-11 16:26:28'),
(177, 0, 0, 197, NULL, '2018-04-11 16:26:28', '2018-04-11 16:26:28'),
(178, 0, 1, 198, NULL, '2018-04-11 16:26:29', '2018-04-11 16:26:29'),
(179, 0, 1, 198, NULL, '2018-04-11 16:26:29', '2018-04-11 16:26:29'),
(180, 0, 0, 198, NULL, '2018-04-11 16:26:29', '2018-04-11 16:26:29'),
(181, 0, 0, 198, NULL, '2018-04-11 16:26:29', '2018-04-11 16:26:29'),
(182, 0, 0, 198, NULL, '2018-04-11 16:26:30', '2018-04-11 16:26:30'),
(183, 0, 1, 199, NULL, '2018-04-11 16:26:30', '2018-04-11 16:26:30'),
(184, 0, 1, 199, NULL, '2018-04-11 16:26:30', '2018-04-11 16:26:30'),
(185, 0, 0, 199, NULL, '2018-04-11 16:26:30', '2018-04-11 16:26:30'),
(186, 0, 0, 199, NULL, '2018-04-11 16:26:31', '2018-04-11 16:26:31'),
(187, 0, 0, 199, NULL, '2018-04-11 16:26:31', '2018-04-11 16:26:31'),
(188, 0, 1, 200, NULL, '2018-04-11 16:26:31', '2018-04-11 16:26:31'),
(189, 0, 1, 200, NULL, '2018-04-11 16:26:31', '2018-04-11 16:26:31'),
(190, 0, 0, 200, NULL, '2018-04-11 16:26:32', '2018-04-11 16:26:32'),
(191, 0, 0, 200, NULL, '2018-04-11 16:26:32', '2018-04-11 16:26:32'),
(192, 0, 0, 200, NULL, '2018-04-11 16:26:32', '2018-04-11 16:26:32'),
(193, 0, 1, 201, NULL, '2018-04-11 16:26:32', '2018-04-11 16:26:32'),
(194, 0, 1, 201, NULL, '2018-04-11 16:26:33', '2018-04-11 16:26:33'),
(195, 0, 0, 201, NULL, '2018-04-11 16:26:33', '2018-04-11 16:26:33'),
(196, 0, 0, 201, NULL, '2018-04-11 16:26:33', '2018-04-11 16:26:33'),
(197, 0, 0, 201, NULL, '2018-04-11 16:26:33', '2018-04-11 16:26:33'),
(198, 0, 1, 202, NULL, '2018-04-11 16:26:34', '2018-04-11 16:26:34'),
(199, 0, 1, 202, NULL, '2018-04-11 16:26:34', '2018-04-11 16:26:34'),
(200, 0, 0, 202, NULL, '2018-04-11 16:26:34', '2018-04-11 16:26:34'),
(201, 0, 0, 202, NULL, '2018-04-11 16:26:34', '2018-04-11 16:26:34'),
(202, 0, 0, 202, NULL, '2018-04-11 16:26:35', '2018-04-11 16:26:35'),
(203, 0, 1, 203, NULL, '2018-04-17 03:30:17', '2018-04-17 03:30:17'),
(204, 0, 1, 203, NULL, '2018-04-17 03:30:17', '2018-04-17 03:30:17'),
(205, 0, 1, 203, NULL, '2018-04-17 03:30:17', '2018-04-17 03:30:17'),
(206, 0, 1, 203, NULL, '2018-04-17 03:30:18', '2018-04-17 03:30:18'),
(207, 0, 1, 203, NULL, '2018-04-17 03:30:18', '2018-04-17 03:30:18'),
(208, 0, 0, 204, NULL, '2018-04-17 03:30:18', '2018-04-17 03:30:18'),
(209, 0, 0, 204, NULL, '2018-04-17 03:30:18', '2018-04-17 03:30:18'),
(210, 0, 1, 205, NULL, '2018-04-17 03:30:18', '2018-04-17 03:30:18'),
(211, 0, 1, 205, NULL, '2018-04-17 03:30:18', '2018-04-17 03:30:18'),
(212, 0, 1, 205, NULL, '2018-04-17 03:30:19', '2018-04-17 03:30:19'),
(213, 0, 1, 205, NULL, '2018-04-17 03:30:19', '2018-04-17 03:30:19'),
(214, 0, 1, 205, NULL, '2018-04-17 03:30:19', '2018-04-17 03:30:19'),
(215, 0, 1, 206, NULL, '2018-04-19 08:54:31', '2018-04-19 08:54:31'),
(216, 0, 0, 206, NULL, '2018-04-19 08:54:32', '2018-04-19 08:54:32'),
(217, 0, 0, 206, NULL, '2018-04-19 08:54:32', '2018-04-19 08:54:32'),
(218, 0, 0, 206, NULL, '2018-04-19 08:54:32', '2018-04-19 08:54:32'),
(219, 0, 0, 206, NULL, '2018-04-19 08:54:32', '2018-04-19 08:54:32'),
(220, 0, 0, 207, NULL, '2018-04-19 08:54:32', '2018-04-19 08:54:32'),
(221, 0, 0, 207, NULL, '2018-04-19 08:54:32', '2018-04-19 08:54:32'),
(222, 0, 1, 208, NULL, '2018-04-19 09:21:12', '2018-04-19 09:21:12'),
(223, 0, 1, 208, NULL, '2018-04-19 09:21:12', '2018-04-19 09:21:12'),
(224, 0, 0, 208, NULL, '2018-04-19 09:21:12', '2018-04-19 09:21:12'),
(225, 0, 0, 208, NULL, '2018-04-19 09:21:12', '2018-04-19 09:21:12'),
(226, 0, 0, 208, NULL, '2018-04-19 09:21:12', '2018-04-19 09:21:12'),
(227, 0, 0, 209, NULL, '2018-04-19 09:21:12', '2018-04-19 09:21:12'),
(228, 0, 0, 209, NULL, '2018-04-19 09:21:13', '2018-04-19 09:21:13'),
(229, 0, 1, 210, NULL, '2018-04-19 10:12:31', '2018-04-19 10:12:31'),
(230, 0, 1, 210, NULL, '2018-04-19 10:12:31', '2018-04-19 10:12:31'),
(231, 0, 0, 210, NULL, '2018-04-19 10:12:31', '2018-04-19 10:12:31'),
(232, 0, 0, 210, NULL, '2018-04-19 10:12:31', '2018-04-19 10:12:31'),
(233, 0, 0, 210, NULL, '2018-04-19 10:12:31', '2018-04-19 10:12:31'),
(234, 0, 1, 211, NULL, '2018-04-19 10:12:31', '2018-04-19 10:12:31'),
(235, 0, 1, 211, NULL, '2018-04-19 10:12:32', '2018-04-19 10:12:32'),
(236, 0, 0, 211, NULL, '2018-04-19 10:12:32', '2018-04-19 10:12:32'),
(237, 0, 0, 211, NULL, '2018-04-19 10:12:32', '2018-04-19 10:12:32'),
(238, 0, 0, 211, NULL, '2018-04-19 10:12:32', '2018-04-19 10:12:32');

-- --------------------------------------------------------

--
-- Table structure for table `api_answer_language`
--

CREATE TABLE `api_answer_language` (
  `id` int(10) UNSIGNED NOT NULL,
  `id_answer` int(10) UNSIGNED NOT NULL,
  `answer` text COLLATE utf8mb4_unicode_ci NOT NULL,
  `id_language` int(11) NOT NULL COMMENT '1:en,2:vi',
  `deleted_at` timestamp NULL DEFAULT NULL,
  `created_at` timestamp NULL DEFAULT NULL,
  `updated_at` timestamp NULL DEFAULT NULL
) ENGINE=InnoDB DEFAULT CHARSET=utf8mb4 COLLATE=utf8mb4_unicode_ci;

--
-- Dumping data for table `api_answer_language`
--

INSERT INTO `api_answer_language` (`id`, `id_answer`, `answer`, `id_language`, `deleted_at`, `created_at`, `updated_at`) VALUES
(49, 25, '1', 1, NULL, '2018-03-19 03:10:01', '2018-03-19 03:10:01'),
(50, 25, '1', 2, NULL, '2018-03-19 03:10:01', '2018-03-19 03:10:01'),
(51, 26, '2', 1, NULL, '2018-03-19 03:10:01', '2018-03-19 03:10:01'),
(52, 26, '2', 2, NULL, '2018-03-19 03:10:01', '2018-03-19 03:10:01'),
(53, 27, '3', 1, NULL, '2018-03-19 03:10:01', '2018-03-19 03:10:01'),
(54, 27, '3', 2, NULL, '2018-03-19 03:10:01', '2018-03-19 03:10:01'),
(55, 28, '4', 1, NULL, '2018-03-19 03:10:01', '2018-03-19 03:10:01'),
(56, 28, '4', 2, NULL, '2018-03-19 03:10:01', '2018-03-19 03:10:01'),
(57, 29, '5', 1, NULL, '2018-03-19 03:10:01', '2018-03-19 03:10:01'),
(58, 29, '5', 2, NULL, '2018-03-19 03:10:02', '2018-03-19 03:10:02'),
(59, 30, 'Yes', 1, NULL, '2018-03-19 03:10:02', '2018-03-19 03:10:02'),
(60, 30, 'Yes', 2, NULL, '2018-03-19 03:10:02', '2018-03-19 03:10:02'),
(61, 31, 'No', 1, NULL, '2018-03-19 03:10:02', '2018-03-19 03:10:02'),
(62, 31, 'No', 2, NULL, '2018-03-19 03:10:02', '2018-03-19 03:10:02'),
(111, 56, '1', 1, NULL, '2018-03-26 01:40:14', '2018-03-26 01:40:14'),
(112, 56, '1', 2, NULL, '2018-03-26 01:40:14', '2018-03-26 01:40:14'),
(113, 57, '2', 1, NULL, '2018-03-26 01:40:14', '2018-03-26 01:40:14'),
(114, 57, '2', 2, NULL, '2018-03-26 01:40:14', '2018-03-26 01:40:14'),
(115, 58, '3', 1, NULL, '2018-03-26 01:40:14', '2018-03-26 01:40:14'),
(116, 58, '3', 2, NULL, '2018-03-26 01:40:14', '2018-03-26 01:40:14'),
(117, 59, '4', 1, NULL, '2018-03-26 01:40:15', '2018-03-26 01:40:15'),
(118, 59, '4', 2, NULL, '2018-03-26 01:40:15', '2018-03-26 01:40:15'),
(119, 60, '5', 1, NULL, '2018-03-26 01:40:15', '2018-03-26 01:40:15'),
(120, 60, '5', 2, NULL, '2018-03-26 01:40:15', '2018-03-26 01:40:15'),
(121, 61, '1', 1, NULL, '2018-03-26 01:41:05', '2018-03-26 01:41:05'),
(122, 61, '1', 2, NULL, '2018-03-26 01:41:05', '2018-03-26 01:41:05'),
(123, 62, '2', 1, NULL, '2018-03-26 01:41:06', '2018-03-26 01:41:06'),
(124, 62, '2', 2, NULL, '2018-03-26 01:41:06', '2018-03-26 01:41:06'),
(125, 63, '3', 1, NULL, '2018-03-26 01:41:06', '2018-03-26 01:41:06'),
(126, 63, '3', 2, NULL, '2018-03-26 01:41:06', '2018-03-26 01:41:06'),
(127, 64, '4', 1, NULL, '2018-03-26 01:41:06', '2018-03-26 01:41:06'),
(128, 64, '4', 2, NULL, '2018-03-26 01:41:06', '2018-03-26 01:41:06'),
(129, 65, '5', 1, NULL, '2018-03-26 01:41:06', '2018-03-26 01:41:06'),
(130, 65, '5', 2, NULL, '2018-03-26 01:41:06', '2018-03-26 01:41:06'),
(131, 66, '1', 1, NULL, '2018-03-28 02:22:45', '2018-03-28 02:22:45'),
(132, 66, '1', 2, NULL, '2018-03-28 02:22:45', '2018-03-28 02:22:45'),
(133, 67, '2', 1, NULL, '2018-03-28 02:22:45', '2018-03-28 02:22:45'),
(134, 67, '2', 2, NULL, '2018-03-28 02:22:45', '2018-03-28 02:22:45'),
(135, 68, '3', 1, NULL, '2018-03-28 02:22:45', '2018-03-28 02:22:45'),
(136, 68, '3', 2, NULL, '2018-03-28 02:22:45', '2018-03-28 02:22:45'),
(137, 69, '4', 1, NULL, '2018-03-28 02:22:46', '2018-03-28 02:22:46'),
(138, 69, '4', 2, NULL, '2018-03-28 02:22:46', '2018-03-28 02:22:46'),
(139, 70, '5', 1, NULL, '2018-03-28 02:22:46', '2018-03-28 02:22:46'),
(140, 70, '5', 2, NULL, '2018-03-28 02:22:46', '2018-03-28 02:22:46'),
(141, 71, 'Yes', 1, NULL, '2018-03-28 02:22:46', '2018-03-28 02:22:46'),
(142, 71, 'Yes', 2, NULL, '2018-03-28 02:22:46', '2018-03-28 02:22:46'),
(143, 72, 'No', 1, NULL, '2018-03-28 02:22:47', '2018-03-28 02:22:47'),
(144, 72, 'No', 2, NULL, '2018-03-28 02:22:47', '2018-03-28 02:22:47'),
(145, 73, '1', 1, NULL, '2018-03-29 02:20:40', '2018-03-29 02:20:40'),
(146, 73, '1', 2, NULL, '2018-03-29 02:20:40', '2018-03-29 02:20:40'),
(147, 74, '2', 1, NULL, '2018-03-29 02:20:40', '2018-03-29 02:20:40'),
(148, 74, '2', 2, NULL, '2018-03-29 02:20:40', '2018-03-29 02:20:40'),
(149, 75, '3', 1, NULL, '2018-03-29 02:20:40', '2018-03-29 02:20:40'),
(150, 75, '3', 2, NULL, '2018-03-29 02:20:40', '2018-03-29 02:20:40'),
(151, 76, '4', 1, NULL, '2018-03-29 02:20:40', '2018-03-29 02:20:40'),
(152, 76, '4', 2, NULL, '2018-03-29 02:20:40', '2018-03-29 02:20:40'),
(153, 77, '5', 1, NULL, '2018-03-29 02:20:40', '2018-03-29 02:20:40'),
(154, 77, '5', 2, NULL, '2018-03-29 02:20:40', '2018-03-29 02:20:40'),
(155, 78, '1', 1, NULL, '2018-03-29 02:20:41', '2018-03-29 02:20:41'),
(156, 78, '1', 2, NULL, '2018-03-29 02:20:41', '2018-03-29 02:20:41'),
(157, 79, '2', 1, NULL, '2018-03-29 02:20:41', '2018-03-29 02:20:41'),
(158, 79, '2', 2, NULL, '2018-03-29 02:20:41', '2018-03-29 02:20:41'),
(159, 80, '3', 1, NULL, '2018-03-29 02:20:41', '2018-03-29 02:20:41'),
(160, 80, '3', 2, NULL, '2018-03-29 02:20:41', '2018-03-29 02:20:41'),
(161, 81, '4', 1, NULL, '2018-03-29 02:20:41', '2018-03-29 02:20:41'),
(162, 81, '4', 2, NULL, '2018-03-29 02:20:41', '2018-03-29 02:20:41'),
(163, 82, '5', 1, NULL, '2018-03-29 02:20:41', '2018-03-29 02:20:41'),
(164, 82, '5', 2, NULL, '2018-03-29 02:20:41', '2018-03-29 02:20:41'),
(165, 83, 'Yes', 1, NULL, '2018-03-29 02:20:42', '2018-03-29 02:20:42'),
(166, 83, 'Yes', 2, NULL, '2018-03-29 02:20:42', '2018-03-29 02:20:42'),
(167, 84, 'No', 1, NULL, '2018-03-29 02:20:42', '2018-03-29 02:20:42'),
(168, 84, 'No', 2, NULL, '2018-03-29 02:20:42', '2018-03-29 02:20:42'),
(169, 85, '1', 1, NULL, '2018-03-29 07:32:44', '2018-03-29 07:32:44'),
(170, 85, '1', 2, NULL, '2018-03-29 07:32:44', '2018-03-29 07:32:44'),
(171, 86, '2', 1, NULL, '2018-03-29 07:32:44', '2018-03-29 07:32:44'),
(172, 86, '2', 2, NULL, '2018-03-29 07:32:44', '2018-03-29 07:32:44'),
(173, 87, '3', 1, NULL, '2018-03-29 07:32:45', '2018-03-29 07:32:45'),
(174, 87, '3', 2, NULL, '2018-03-29 07:32:45', '2018-03-29 07:32:45'),
(175, 88, '4', 1, NULL, '2018-03-29 07:32:45', '2018-03-29 07:32:45'),
(176, 88, '4', 2, NULL, '2018-03-29 07:32:45', '2018-03-29 07:32:45'),
(177, 89, '5', 1, NULL, '2018-03-29 07:32:45', '2018-03-29 07:32:45'),
(178, 89, '5', 2, NULL, '2018-03-29 07:32:45', '2018-03-29 07:32:45'),
(179, 90, '1', 1, NULL, '2018-03-29 07:32:46', '2018-03-29 07:32:46'),
(180, 90, '1', 2, NULL, '2018-03-29 07:32:46', '2018-03-29 07:32:46'),
(181, 91, '2', 1, NULL, '2018-03-29 07:32:46', '2018-03-29 07:32:46'),
(182, 91, '2', 2, NULL, '2018-03-29 07:32:46', '2018-03-29 07:32:46'),
(183, 92, '3', 1, NULL, '2018-03-29 07:32:46', '2018-03-29 07:32:46'),
(184, 92, '3', 2, NULL, '2018-03-29 07:32:47', '2018-03-29 07:32:47'),
(185, 93, '4', 1, NULL, '2018-03-29 07:32:47', '2018-03-29 07:32:47'),
(186, 93, '4', 2, NULL, '2018-03-29 07:32:47', '2018-03-29 07:32:47'),
(187, 94, '5', 1, NULL, '2018-03-29 07:32:47', '2018-03-29 07:32:47'),
(188, 94, '5', 2, NULL, '2018-03-29 07:32:47', '2018-03-29 07:32:47'),
(189, 95, '1', 1, NULL, '2018-04-02 04:07:56', '2018-04-02 04:07:56'),
(190, 95, '1', 2, NULL, '2018-04-02 04:07:56', '2018-04-02 04:07:56'),
(191, 96, '2', 1, NULL, '2018-04-02 04:07:56', '2018-04-02 04:07:56'),
(192, 96, '2', 2, NULL, '2018-04-02 04:07:56', '2018-04-02 04:07:56'),
(193, 97, '3', 1, NULL, '2018-04-02 04:07:56', '2018-04-02 04:07:56'),
(194, 97, '3', 2, NULL, '2018-04-02 04:07:56', '2018-04-02 04:07:56'),
(195, 98, '4', 1, NULL, '2018-04-02 04:07:56', '2018-04-02 04:07:56'),
(196, 98, '4', 2, NULL, '2018-04-02 04:07:57', '2018-04-02 04:07:57'),
(197, 99, '5', 1, NULL, '2018-04-02 04:07:57', '2018-04-02 04:07:57'),
(198, 99, '5', 2, NULL, '2018-04-02 04:07:57', '2018-04-02 04:07:57'),
(199, 100, '1', 1, NULL, '2018-04-03 04:00:43', '2018-04-03 04:00:43'),
(200, 100, '1', 2, NULL, '2018-04-03 04:00:43', '2018-04-03 04:00:43'),
(201, 101, '2', 1, NULL, '2018-04-03 04:00:43', '2018-04-03 04:00:43'),
(202, 101, '2', 2, NULL, '2018-04-03 04:00:43', '2018-04-03 04:00:43'),
(203, 102, '3', 1, NULL, '2018-04-03 04:00:43', '2018-04-03 04:00:43'),
(204, 102, '3', 2, NULL, '2018-04-03 04:00:43', '2018-04-03 04:00:43'),
(205, 103, '4', 1, NULL, '2018-04-03 04:00:43', '2018-04-03 04:00:43'),
(206, 103, '4', 2, NULL, '2018-04-03 04:00:43', '2018-04-03 04:00:43'),
(207, 104, '5', 1, NULL, '2018-04-03 04:00:43', '2018-04-03 04:00:43'),
(208, 104, '5', 2, NULL, '2018-04-03 04:00:43', '2018-04-03 04:00:43'),
(209, 105, '1', 1, NULL, '2018-04-03 04:02:03', '2018-04-03 04:02:03'),
(210, 105, '1', 2, NULL, '2018-04-03 04:02:03', '2018-04-03 04:02:03'),
(211, 106, '2', 1, NULL, '2018-04-03 04:02:03', '2018-04-03 04:02:03'),
(212, 106, '2', 2, NULL, '2018-04-03 04:02:04', '2018-04-03 04:02:04'),
(213, 107, '3', 1, NULL, '2018-04-03 04:02:04', '2018-04-03 04:02:04'),
(214, 107, '3', 2, NULL, '2018-04-03 04:02:04', '2018-04-03 04:02:04'),
(215, 108, '4', 1, NULL, '2018-04-03 04:02:04', '2018-04-03 04:02:04'),
(216, 108, '4', 2, NULL, '2018-04-03 04:02:04', '2018-04-03 04:02:04'),
(217, 109, '5', 1, NULL, '2018-04-03 04:02:04', '2018-04-03 04:02:04'),
(218, 109, '5', 2, NULL, '2018-04-03 04:02:04', '2018-04-03 04:02:04'),
(219, 110, '1', 1, NULL, '2018-04-04 03:19:50', '2018-04-04 03:19:50'),
(220, 110, '1', 2, NULL, '2018-04-04 03:19:51', '2018-04-04 03:19:51'),
(221, 111, '2', 1, NULL, '2018-04-04 03:19:51', '2018-04-04 03:19:51'),
(222, 111, '2', 2, NULL, '2018-04-04 03:19:51', '2018-04-04 03:19:51'),
(223, 112, '3', 1, NULL, '2018-04-04 03:19:51', '2018-04-04 03:19:51'),
(224, 112, '3', 2, NULL, '2018-04-04 03:19:51', '2018-04-04 03:19:51'),
(225, 113, '4', 1, NULL, '2018-04-04 03:19:51', '2018-04-04 03:19:51'),
(226, 113, '4', 2, NULL, '2018-04-04 03:19:51', '2018-04-04 03:19:51'),
(227, 114, '5', 1, NULL, '2018-04-04 03:19:51', '2018-04-04 03:19:51'),
(228, 114, '5', 2, NULL, '2018-04-04 03:19:51', '2018-04-04 03:19:51'),
(229, 115, 'Yes', 1, NULL, '2018-04-04 03:19:51', '2018-04-04 03:19:51'),
(230, 115, 'Yes', 2, NULL, '2018-04-04 03:19:51', '2018-04-04 03:19:51'),
(231, 116, 'No', 1, NULL, '2018-04-04 03:19:52', '2018-04-04 03:19:52'),
(232, 116, 'No', 2, NULL, '2018-04-04 03:19:52', '2018-04-04 03:19:52'),
(233, 117, '1', 1, NULL, '2018-04-04 08:06:26', '2018-04-04 08:06:26'),
(234, 117, '1', 2, NULL, '2018-04-04 08:06:27', '2018-04-04 08:06:27'),
(235, 118, '2', 1, NULL, '2018-04-04 08:06:27', '2018-04-04 08:06:27'),
(236, 118, '2', 2, NULL, '2018-04-04 08:06:27', '2018-04-04 08:06:27'),
(237, 119, '3', 1, NULL, '2018-04-04 08:06:27', '2018-04-04 08:06:27'),
(238, 119, '3', 2, NULL, '2018-04-04 08:06:27', '2018-04-04 08:06:27'),
(239, 120, '4', 1, NULL, '2018-04-04 08:06:27', '2018-04-04 08:06:27'),
(240, 120, '4', 2, NULL, '2018-04-04 08:06:27', '2018-04-04 08:06:27'),
(241, 121, '5', 1, NULL, '2018-04-04 08:06:27', '2018-04-04 08:06:27'),
(242, 121, '5', 2, NULL, '2018-04-04 08:06:27', '2018-04-04 08:06:27'),
(243, 122, '1', 1, NULL, '2018-04-06 04:04:24', '2018-04-06 04:04:24'),
(244, 122, '1', 2, NULL, '2018-04-06 04:04:24', '2018-04-06 04:04:24'),
(245, 123, '2', 1, NULL, '2018-04-06 04:04:24', '2018-04-06 04:04:24'),
(246, 123, '2', 2, NULL, '2018-04-06 04:04:24', '2018-04-06 04:04:24'),
(247, 124, '3', 1, NULL, '2018-04-06 04:04:24', '2018-04-06 04:04:24'),
(248, 124, '3', 2, NULL, '2018-04-06 04:04:24', '2018-04-06 04:04:24'),
(249, 125, '4', 1, NULL, '2018-04-06 04:04:25', '2018-04-06 04:04:25'),
(250, 125, '4', 2, NULL, '2018-04-06 04:04:25', '2018-04-06 04:04:25'),
(251, 126, '5', 1, NULL, '2018-04-06 04:04:25', '2018-04-06 04:04:25'),
(252, 126, '5', 2, NULL, '2018-04-06 04:04:25', '2018-04-06 04:04:25'),
(253, 127, '1', 1, NULL, '2018-04-06 04:10:47', '2018-04-06 04:10:47'),
(254, 127, '1', 2, NULL, '2018-04-06 04:10:47', '2018-04-06 04:10:47'),
(255, 128, '2', 1, NULL, '2018-04-06 04:10:47', '2018-04-06 04:10:47'),
(256, 128, '2', 2, NULL, '2018-04-06 04:10:48', '2018-04-06 04:10:48'),
(257, 129, '3', 1, NULL, '2018-04-06 04:10:48', '2018-04-06 04:10:48'),
(258, 129, '3', 2, NULL, '2018-04-06 04:10:48', '2018-04-06 04:10:48'),
(259, 130, '4', 1, NULL, '2018-04-06 04:10:48', '2018-04-06 04:10:48'),
(260, 130, '4', 2, NULL, '2018-04-06 04:10:48', '2018-04-06 04:10:48'),
(261, 131, '5', 1, NULL, '2018-04-06 04:10:48', '2018-04-06 04:10:48'),
(262, 131, '5', 2, NULL, '2018-04-06 04:10:48', '2018-04-06 04:10:48'),
(263, 132, '1', 1, NULL, '2018-04-06 04:13:18', '2018-04-06 04:13:18'),
(264, 132, '1', 2, NULL, '2018-04-06 04:13:18', '2018-04-06 04:13:18'),
(265, 133, '2', 1, NULL, '2018-04-06 04:13:18', '2018-04-06 04:13:18'),
(266, 133, '2', 2, NULL, '2018-04-06 04:13:19', '2018-04-06 04:13:19'),
(267, 134, '3', 1, NULL, '2018-04-06 04:13:19', '2018-04-06 04:13:19'),
(268, 134, '3', 2, NULL, '2018-04-06 04:13:19', '2018-04-06 04:13:19'),
(269, 135, '4', 1, NULL, '2018-04-06 04:13:19', '2018-04-06 04:13:19'),
(270, 135, '4', 2, NULL, '2018-04-06 04:13:19', '2018-04-06 04:13:19'),
(271, 136, '5', 1, NULL, '2018-04-06 04:13:19', '2018-04-06 04:13:19'),
(272, 136, '5', 2, NULL, '2018-04-06 04:13:19', '2018-04-06 04:13:19'),
(273, 137, '1', 1, NULL, '2018-04-06 06:25:14', '2018-04-06 06:25:14'),
(274, 137, '1', 2, NULL, '2018-04-06 06:25:14', '2018-04-06 06:25:14'),
(275, 138, '2', 1, NULL, '2018-04-06 06:25:14', '2018-04-06 06:25:14'),
(276, 138, '2', 2, NULL, '2018-04-06 06:25:14', '2018-04-06 06:25:14'),
(277, 139, '3', 1, NULL, '2018-04-06 06:25:14', '2018-04-06 06:25:14'),
(278, 139, '3', 2, NULL, '2018-04-06 06:25:14', '2018-04-06 06:25:14'),
(279, 140, '4', 1, NULL, '2018-04-06 06:25:14', '2018-04-06 06:25:14'),
(280, 140, '4', 2, NULL, '2018-04-06 06:25:14', '2018-04-06 06:25:14'),
(281, 141, '5', 1, NULL, '2018-04-06 06:25:14', '2018-04-06 06:25:14'),
(282, 141, '5', 2, NULL, '2018-04-06 06:25:14', '2018-04-06 06:25:14'),
(283, 142, 'Yes', 1, NULL, '2018-04-06 06:25:15', '2018-04-06 06:25:15'),
(284, 142, 'Yes', 2, NULL, '2018-04-06 06:25:15', '2018-04-06 06:25:15'),
(285, 143, 'No', 1, NULL, '2018-04-06 06:25:15', '2018-04-06 06:25:15'),
(286, 143, 'No', 2, NULL, '2018-04-06 06:25:15', '2018-04-06 06:25:15'),
(287, 144, 'Yes', 1, NULL, '2018-04-09 07:53:51', '2018-04-09 07:53:51'),
(288, 144, 'Yes', 2, NULL, '2018-04-09 07:53:51', '2018-04-09 07:53:51'),
(289, 145, 'No', 1, NULL, '2018-04-09 07:53:51', '2018-04-09 07:53:51'),
(290, 145, 'No', 2, NULL, '2018-04-09 07:53:51', '2018-04-09 07:53:51'),
(291, 146, '1', 1, NULL, '2018-04-10 11:26:24', '2018-04-10 11:26:24'),
(292, 146, '1', 2, NULL, '2018-04-10 11:26:24', '2018-04-10 11:26:24'),
(293, 147, '2', 1, NULL, '2018-04-10 11:26:24', '2018-04-10 11:26:24'),
(294, 147, '2', 2, NULL, '2018-04-10 11:26:24', '2018-04-10 11:26:24'),
(295, 148, '3', 1, NULL, '2018-04-10 11:26:24', '2018-04-10 11:26:24'),
(296, 148, '3', 2, NULL, '2018-04-10 11:26:24', '2018-04-10 11:26:24'),
(297, 149, '4', 1, NULL, '2018-04-10 11:26:24', '2018-04-10 11:26:24'),
(298, 149, '4', 2, NULL, '2018-04-10 11:26:24', '2018-04-10 11:26:24'),
(299, 150, '5', 1, NULL, '2018-04-10 11:26:24', '2018-04-10 11:26:24'),
(300, 150, '5', 2, NULL, '2018-04-10 11:26:24', '2018-04-10 11:26:24'),
(301, 151, 'Yes', 1, NULL, '2018-04-10 11:26:25', '2018-04-10 11:26:25'),
(302, 151, 'Yes', 2, NULL, '2018-04-10 11:26:25', '2018-04-10 11:26:25'),
(303, 152, 'No', 1, NULL, '2018-04-10 11:26:25', '2018-04-10 11:26:25'),
(304, 152, 'No', 2, NULL, '2018-04-10 11:26:25', '2018-04-10 11:26:25'),
(305, 153, '1', 1, NULL, '2018-04-11 16:26:23', '2018-04-11 16:26:23'),
(306, 153, '1', 2, NULL, '2018-04-11 16:26:23', '2018-04-11 16:26:23'),
(307, 154, '2', 1, NULL, '2018-04-11 16:26:23', '2018-04-11 16:26:23'),
(308, 154, '2', 2, NULL, '2018-04-11 16:26:23', '2018-04-11 16:26:23'),
(309, 155, '3', 1, NULL, '2018-04-11 16:26:23', '2018-04-11 16:26:23'),
(310, 155, '3', 2, NULL, '2018-04-11 16:26:23', '2018-04-11 16:26:23'),
(311, 156, '4', 1, NULL, '2018-04-11 16:26:24', '2018-04-11 16:26:24'),
(312, 156, '4', 2, NULL, '2018-04-11 16:26:24', '2018-04-11 16:26:24'),
(313, 157, '5', 1, NULL, '2018-04-11 16:26:24', '2018-04-11 16:26:24'),
(314, 157, '5', 2, NULL, '2018-04-11 16:26:24', '2018-04-11 16:26:24'),
(315, 158, '1', 1, NULL, '2018-04-11 16:26:24', '2018-04-11 16:26:24'),
(316, 158, '1', 2, NULL, '2018-04-11 16:26:24', '2018-04-11 16:26:24'),
(317, 159, '2', 1, NULL, '2018-04-11 16:26:24', '2018-04-11 16:26:24'),
(318, 159, '2', 2, NULL, '2018-04-11 16:26:24', '2018-04-11 16:26:24'),
(319, 160, '3', 1, NULL, '2018-04-11 16:26:25', '2018-04-11 16:26:25'),
(320, 160, '3', 2, NULL, '2018-04-11 16:26:25', '2018-04-11 16:26:25'),
(321, 161, '4', 1, NULL, '2018-04-11 16:26:25', '2018-04-11 16:26:25'),
(322, 161, '4', 2, NULL, '2018-04-11 16:26:25', '2018-04-11 16:26:25'),
(323, 162, '5', 1, NULL, '2018-04-11 16:26:25', '2018-04-11 16:26:25'),
(324, 162, '5', 2, NULL, '2018-04-11 16:26:25', '2018-04-11 16:26:25'),
(325, 163, '1', 1, NULL, '2018-04-11 16:26:25', '2018-04-11 16:26:25'),
(326, 163, '1', 2, NULL, '2018-04-11 16:26:25', '2018-04-11 16:26:25'),
(327, 164, '2', 1, NULL, '2018-04-11 16:26:26', '2018-04-11 16:26:26'),
(328, 164, '2', 2, NULL, '2018-04-11 16:26:26', '2018-04-11 16:26:26'),
(329, 165, '3', 1, NULL, '2018-04-11 16:26:26', '2018-04-11 16:26:26'),
(330, 165, '3', 2, NULL, '2018-04-11 16:26:26', '2018-04-11 16:26:26'),
(331, 166, '4', 1, NULL, '2018-04-11 16:26:26', '2018-04-11 16:26:26'),
(332, 166, '4', 2, NULL, '2018-04-11 16:26:26', '2018-04-11 16:26:26'),
(333, 167, '5', 1, NULL, '2018-04-11 16:26:26', '2018-04-11 16:26:26'),
(334, 167, '5', 2, NULL, '2018-04-11 16:26:26', '2018-04-11 16:26:26'),
(335, 168, '1', 1, NULL, '2018-04-11 16:26:27', '2018-04-11 16:26:27'),
(336, 168, '1', 2, NULL, '2018-04-11 16:26:27', '2018-04-11 16:26:27'),
(337, 169, '2', 1, NULL, '2018-04-11 16:26:27', '2018-04-11 16:26:27'),
(338, 169, '2', 2, NULL, '2018-04-11 16:26:27', '2018-04-11 16:26:27'),
(339, 170, '3', 1, NULL, '2018-04-11 16:26:27', '2018-04-11 16:26:27'),
(340, 170, '3', 2, NULL, '2018-04-11 16:26:27', '2018-04-11 16:26:27'),
(341, 171, '4', 1, NULL, '2018-04-11 16:26:27', '2018-04-11 16:26:27'),
(342, 171, '4', 2, NULL, '2018-04-11 16:26:27', '2018-04-11 16:26:27'),
(343, 172, '5', 1, NULL, '2018-04-11 16:26:27', '2018-04-11 16:26:27'),
(344, 172, '5', 2, NULL, '2018-04-11 16:26:27', '2018-04-11 16:26:27'),
(345, 173, '1', 1, NULL, '2018-04-11 16:26:28', '2018-04-11 16:26:28'),
(346, 173, '1', 2, NULL, '2018-04-11 16:26:28', '2018-04-11 16:26:28'),
(347, 174, '2', 1, NULL, '2018-04-11 16:26:28', '2018-04-11 16:26:28'),
(348, 174, '2', 2, NULL, '2018-04-11 16:26:28', '2018-04-11 16:26:28'),
(349, 175, '3', 1, NULL, '2018-04-11 16:26:28', '2018-04-11 16:26:28'),
(350, 175, '3', 2, NULL, '2018-04-11 16:26:28', '2018-04-11 16:26:28'),
(351, 176, '4', 1, NULL, '2018-04-11 16:26:28', '2018-04-11 16:26:28'),
(352, 176, '4', 2, NULL, '2018-04-11 16:26:28', '2018-04-11 16:26:28'),
(353, 177, '5', 1, NULL, '2018-04-11 16:26:29', '2018-04-11 16:26:29'),
(354, 177, '5', 2, NULL, '2018-04-11 16:26:29', '2018-04-11 16:26:29'),
(355, 178, '1', 1, NULL, '2018-04-11 16:26:29', '2018-04-11 16:26:29'),
(356, 178, '1', 2, NULL, '2018-04-11 16:26:29', '2018-04-11 16:26:29'),
(357, 179, '2', 1, NULL, '2018-04-11 16:26:29', '2018-04-11 16:26:29'),
(358, 179, '2', 2, NULL, '2018-04-11 16:26:29', '2018-04-11 16:26:29'),
(359, 180, '3', 1, NULL, '2018-04-11 16:26:29', '2018-04-11 16:26:29'),
(360, 180, '3', 2, NULL, '2018-04-11 16:26:29', '2018-04-11 16:26:29'),
(361, 181, '4', 1, NULL, '2018-04-11 16:26:30', '2018-04-11 16:26:30'),
(362, 181, '4', 2, NULL, '2018-04-11 16:26:30', '2018-04-11 16:26:30'),
(363, 182, '5', 1, NULL, '2018-04-11 16:26:30', '2018-04-11 16:26:30'),
(364, 182, '5', 2, NULL, '2018-04-11 16:26:30', '2018-04-11 16:26:30'),
(365, 183, '1', 1, NULL, '2018-04-11 16:26:30', '2018-04-11 16:26:30'),
(366, 183, '1', 2, NULL, '2018-04-11 16:26:30', '2018-04-11 16:26:30'),
(367, 184, '2', 1, NULL, '2018-04-11 16:26:30', '2018-04-11 16:26:30'),
(368, 184, '2', 2, NULL, '2018-04-11 16:26:30', '2018-04-11 16:26:30'),
(369, 185, '3', 1, NULL, '2018-04-11 16:26:31', '2018-04-11 16:26:31'),
(370, 185, '3', 2, NULL, '2018-04-11 16:26:31', '2018-04-11 16:26:31'),
(371, 186, '4', 1, NULL, '2018-04-11 16:26:31', '2018-04-11 16:26:31'),
(372, 186, '4', 2, NULL, '2018-04-11 16:26:31', '2018-04-11 16:26:31'),
(373, 187, '5', 1, NULL, '2018-04-11 16:26:31', '2018-04-11 16:26:31'),
(374, 187, '5', 2, NULL, '2018-04-11 16:26:31', '2018-04-11 16:26:31'),
(375, 188, '1', 1, NULL, '2018-04-11 16:26:31', '2018-04-11 16:26:31'),
(376, 188, '1', 2, NULL, '2018-04-11 16:26:31', '2018-04-11 16:26:31'),
(377, 189, '2', 1, NULL, '2018-04-11 16:26:32', '2018-04-11 16:26:32'),
(378, 189, '2', 2, NULL, '2018-04-11 16:26:32', '2018-04-11 16:26:32'),
(379, 190, '3', 1, NULL, '2018-04-11 16:26:32', '2018-04-11 16:26:32'),
(380, 190, '3', 2, NULL, '2018-04-11 16:26:32', '2018-04-11 16:26:32'),
(381, 191, '4', 1, NULL, '2018-04-11 16:26:32', '2018-04-11 16:26:32'),
(382, 191, '4', 2, NULL, '2018-04-11 16:26:32', '2018-04-11 16:26:32'),
(383, 192, '5', 1, NULL, '2018-04-11 16:26:32', '2018-04-11 16:26:32'),
(384, 192, '5', 2, NULL, '2018-04-11 16:26:32', '2018-04-11 16:26:32'),
(385, 193, '1', 1, NULL, '2018-04-11 16:26:32', '2018-04-11 16:26:32'),
(386, 193, '1', 2, NULL, '2018-04-11 16:26:33', '2018-04-11 16:26:33'),
(387, 194, '2', 1, NULL, '2018-04-11 16:26:33', '2018-04-11 16:26:33'),
(388, 194, '2', 2, NULL, '2018-04-11 16:26:33', '2018-04-11 16:26:33'),
(389, 195, '3', 1, NULL, '2018-04-11 16:26:33', '2018-04-11 16:26:33'),
(390, 195, '3', 2, NULL, '2018-04-11 16:26:33', '2018-04-11 16:26:33'),
(391, 196, '4', 1, NULL, '2018-04-11 16:26:33', '2018-04-11 16:26:33'),
(392, 196, '4', 2, NULL, '2018-04-11 16:26:33', '2018-04-11 16:26:33'),
(393, 197, '5', 1, NULL, '2018-04-11 16:26:33', '2018-04-11 16:26:33'),
(394, 197, '5', 2, NULL, '2018-04-11 16:26:33', '2018-04-11 16:26:33'),
(395, 198, '1', 1, NULL, '2018-04-11 16:26:34', '2018-04-11 16:26:34'),
(396, 198, '1', 2, NULL, '2018-04-11 16:26:34', '2018-04-11 16:26:34'),
(397, 199, '2', 1, NULL, '2018-04-11 16:26:34', '2018-04-11 16:26:34'),
(398, 199, '2', 2, NULL, '2018-04-11 16:26:34', '2018-04-11 16:26:34'),
(399, 200, '3', 1, NULL, '2018-04-11 16:26:34', '2018-04-11 16:26:34'),
(400, 200, '3', 2, NULL, '2018-04-11 16:26:34', '2018-04-11 16:26:34'),
(401, 201, '4', 1, NULL, '2018-04-11 16:26:34', '2018-04-11 16:26:34'),
(402, 201, '4', 2, NULL, '2018-04-11 16:26:34', '2018-04-11 16:26:34'),
(403, 202, '5', 1, NULL, '2018-04-11 16:26:35', '2018-04-11 16:26:35'),
(404, 202, '5', 2, NULL, '2018-04-11 16:26:35', '2018-04-11 16:26:35'),
(405, 203, '1', 1, NULL, '2018-04-17 03:30:17', '2018-04-17 03:30:17'),
(406, 203, '1', 2, NULL, '2018-04-17 03:30:17', '2018-04-17 03:30:17'),
(407, 204, '2', 1, NULL, '2018-04-17 03:30:17', '2018-04-17 03:30:17'),
(408, 204, '2', 2, NULL, '2018-04-17 03:30:17', '2018-04-17 03:30:17'),
(409, 205, '3', 1, NULL, '2018-04-17 03:30:18', '2018-04-17 03:30:18'),
(410, 205, '3', 2, NULL, '2018-04-17 03:30:18', '2018-04-17 03:30:18'),
(411, 206, '4', 1, NULL, '2018-04-17 03:30:18', '2018-04-17 03:30:18'),
(412, 206, '4', 2, NULL, '2018-04-17 03:30:18', '2018-04-17 03:30:18'),
(413, 207, '5', 1, NULL, '2018-04-17 03:30:18', '2018-04-17 03:30:18'),
(414, 207, '5', 2, NULL, '2018-04-17 03:30:18', '2018-04-17 03:30:18'),
(415, 208, 'Yes', 1, NULL, '2018-04-17 03:30:18', '2018-04-17 03:30:18'),
(416, 208, 'Yes', 2, NULL, '2018-04-17 03:30:18', '2018-04-17 03:30:18'),
(417, 209, 'No', 1, NULL, '2018-04-17 03:30:18', '2018-04-17 03:30:18'),
(418, 209, 'No', 2, NULL, '2018-04-17 03:30:18', '2018-04-17 03:30:18'),
(419, 210, '1', 1, NULL, '2018-04-17 03:30:18', '2018-04-17 03:30:18'),
(420, 210, '1', 2, NULL, '2018-04-17 03:30:18', '2018-04-17 03:30:18'),
(421, 211, '2', 1, NULL, '2018-04-17 03:30:19', '2018-04-17 03:30:19'),
(422, 211, '2', 2, NULL, '2018-04-17 03:30:19', '2018-04-17 03:30:19'),
(423, 212, '3', 1, NULL, '2018-04-17 03:30:19', '2018-04-17 03:30:19'),
(424, 212, '3', 2, NULL, '2018-04-17 03:30:19', '2018-04-17 03:30:19'),
(425, 213, '4', 1, NULL, '2018-04-17 03:30:19', '2018-04-17 03:30:19'),
(426, 213, '4', 2, NULL, '2018-04-17 03:30:19', '2018-04-17 03:30:19'),
(427, 214, '5', 1, NULL, '2018-04-17 03:30:19', '2018-04-17 03:30:19'),
(428, 214, '5', 2, NULL, '2018-04-17 03:30:19', '2018-04-17 03:30:19'),
(429, 215, '1', 1, NULL, '2018-04-19 08:54:31', '2018-04-19 08:54:31'),
(430, 215, '1', 2, NULL, '2018-04-19 08:54:31', '2018-04-19 08:54:31'),
(431, 216, '2', 1, NULL, '2018-04-19 08:54:32', '2018-04-19 08:54:32'),
(432, 216, '2', 2, NULL, '2018-04-19 08:54:32', '2018-04-19 08:54:32'),
(433, 217, '3', 1, NULL, '2018-04-19 08:54:32', '2018-04-19 08:54:32'),
(434, 217, '3', 2, NULL, '2018-04-19 08:54:32', '2018-04-19 08:54:32'),
(435, 218, '4', 1, NULL, '2018-04-19 08:54:32', '2018-04-19 08:54:32'),
(436, 218, '4', 2, NULL, '2018-04-19 08:54:32', '2018-04-19 08:54:32'),
(437, 219, '5', 1, NULL, '2018-04-19 08:54:32', '2018-04-19 08:54:32'),
(438, 219, '5', 2, NULL, '2018-04-19 08:54:32', '2018-04-19 08:54:32'),
(439, 220, 'Yes', 1, NULL, '2018-04-19 08:54:32', '2018-04-19 08:54:32'),
(440, 220, 'Yes', 2, NULL, '2018-04-19 08:54:32', '2018-04-19 08:54:32'),
(441, 221, 'No', 1, NULL, '2018-04-19 08:54:32', '2018-04-19 08:54:32'),
(442, 221, 'No', 2, NULL, '2018-04-19 08:54:32', '2018-04-19 08:54:32'),
(443, 222, '1', 1, NULL, '2018-04-19 09:21:12', '2018-04-19 09:21:12'),
(444, 222, '1', 2, NULL, '2018-04-19 09:21:12', '2018-04-19 09:21:12'),
(445, 223, '2', 1, NULL, '2018-04-19 09:21:12', '2018-04-19 09:21:12'),
(446, 223, '2', 2, NULL, '2018-04-19 09:21:12', '2018-04-19 09:21:12'),
(447, 224, '3', 1, NULL, '2018-04-19 09:21:12', '2018-04-19 09:21:12'),
(448, 224, '3', 2, NULL, '2018-04-19 09:21:12', '2018-04-19 09:21:12'),
(449, 225, '4', 1, NULL, '2018-04-19 09:21:12', '2018-04-19 09:21:12'),
(450, 225, '4', 2, NULL, '2018-04-19 09:21:12', '2018-04-19 09:21:12'),
(451, 226, '5', 1, NULL, '2018-04-19 09:21:12', '2018-04-19 09:21:12'),
(452, 226, '5', 2, NULL, '2018-04-19 09:21:12', '2018-04-19 09:21:12'),
(453, 227, 'Yes', 1, NULL, '2018-04-19 09:21:12', '2018-04-19 09:21:12'),
(454, 227, 'Yes', 2, NULL, '2018-04-19 09:21:12', '2018-04-19 09:21:12'),
(455, 228, 'No', 1, NULL, '2018-04-19 09:21:13', '2018-04-19 09:21:13'),
(456, 228, 'No', 2, NULL, '2018-04-19 09:21:13', '2018-04-19 09:21:13'),
(457, 229, '1', 1, NULL, '2018-04-19 10:12:31', '2018-04-19 10:12:31'),
(458, 229, '1', 2, NULL, '2018-04-19 10:12:31', '2018-04-19 10:12:31'),
(459, 230, '2', 1, NULL, '2018-04-19 10:12:31', '2018-04-19 10:12:31'),
(460, 230, '2', 2, NULL, '2018-04-19 10:12:31', '2018-04-19 10:12:31'),
(461, 231, '3', 1, NULL, '2018-04-19 10:12:31', '2018-04-19 10:12:31'),
(462, 231, '3', 2, NULL, '2018-04-19 10:12:31', '2018-04-19 10:12:31'),
(463, 232, '4', 1, NULL, '2018-04-19 10:12:31', '2018-04-19 10:12:31'),
(464, 232, '4', 2, NULL, '2018-04-19 10:12:31', '2018-04-19 10:12:31'),
(465, 233, '5', 1, NULL, '2018-04-19 10:12:31', '2018-04-19 10:12:31'),
(466, 233, '5', 2, NULL, '2018-04-19 10:12:31', '2018-04-19 10:12:31'),
(467, 234, '1', 1, NULL, '2018-04-19 10:12:31', '2018-04-19 10:12:31'),
(468, 234, '1', 2, NULL, '2018-04-19 10:12:32', '2018-04-19 10:12:32'),
(469, 235, '2', 1, NULL, '2018-04-19 10:12:32', '2018-04-19 10:12:32'),
(470, 235, '2', 2, NULL, '2018-04-19 10:12:32', '2018-04-19 10:12:32'),
(471, 236, '3', 1, NULL, '2018-04-19 10:12:32', '2018-04-19 10:12:32'),
(472, 236, '3', 2, NULL, '2018-04-19 10:12:32', '2018-04-19 10:12:32'),
(473, 237, '4', 1, NULL, '2018-04-19 10:12:32', '2018-04-19 10:12:32'),
(474, 237, '4', 2, NULL, '2018-04-19 10:12:32', '2018-04-19 10:12:32'),
(475, 238, '5', 1, NULL, '2018-04-19 10:12:32', '2018-04-19 10:12:32'),
(476, 238, '5', 2, NULL, '2018-04-19 10:12:32', '2018-04-19 10:12:32');

-- --------------------------------------------------------

--
-- Table structure for table `api_area`
--

CREATE TABLE `api_area` (
  `id` int(10) UNSIGNED NOT NULL,
  `name` varchar(255) COLLATE utf8mb4_unicode_ci NOT NULL,
  `deleted_at` timestamp NULL DEFAULT NULL,
  `created_at` timestamp NULL DEFAULT NULL,
  `updated_at` timestamp NULL DEFAULT NULL
) ENGINE=InnoDB DEFAULT CHARSET=utf8mb4 COLLATE=utf8mb4_unicode_ci;

--
-- Dumping data for table `api_area`
--

INSERT INTO `api_area` (`id`, `name`, `deleted_at`, `created_at`, `updated_at`) VALUES
(1, 'South', NULL, '2018-02-09 04:40:29', '2018-02-09 04:40:29'),
(2, 'Nouth', NULL, '2018-02-22 03:31:13', '2018-02-22 03:31:13'),
(3, 'Center', NULL, '2018-02-22 03:31:21', '2018-02-22 03:31:21'),
(4, 'aaaaa', '2018-02-22 03:32:19', '2018-02-22 03:31:39', '2018-02-22 03:32:19'),
(5, 'BB', NULL, '2018-02-23 09:03:43', '2018-02-23 09:03:43'),
(6, 'BB', NULL, '2018-02-23 09:11:15', '2018-02-23 09:11:15'),
(7, 'Testing', NULL, '2018-02-23 09:11:54', '2018-02-23 09:11:54'),
(8, 'bbbb', '2018-02-23 10:15:32', '2018-02-23 09:12:14', '2018-02-23 10:15:32'),
(9, 'aaa', NULL, '2018-02-23 09:12:38', '2018-02-23 09:12:38'),
(10, 'aaa', NULL, '2018-02-23 10:02:19', '2018-02-23 10:02:19'),
(11, 'aaa', NULL, '2018-02-23 10:07:11', '2018-02-23 10:07:11');

-- --------------------------------------------------------

--
-- Table structure for table `api_branch`
--

CREATE TABLE `api_branch` (
  `id` int(10) UNSIGNED NOT NULL,
  `name` varchar(128) COLLATE utf8mb4_unicode_ci NOT NULL,
  `short_name` varchar(64) COLLATE utf8mb4_unicode_ci NOT NULL,
  `code` varchar(64) COLLATE utf8mb4_unicode_ci NOT NULL,
  `deleted_at` timestamp NULL DEFAULT NULL,
  `created_at` timestamp NULL DEFAULT NULL,
  `updated_at` timestamp NULL DEFAULT NULL
) ENGINE=InnoDB DEFAULT CHARSET=utf8mb4 COLLATE=utf8mb4_unicode_ci;

--
-- Dumping data for table `api_branch`
--

INSERT INTO `api_branch` (`id`, `name`, `short_name`, `code`, `deleted_at`, `created_at`, `updated_at`) VALUES
(1, 'Nghệ An (Vinh)', 'NAN', 'A', NULL, NULL, NULL),
(2, 'Bình Dương', 'BDG', 'B', NULL, NULL, '2018-03-21 07:37:33'),
(3, 'Cần Thơ', 'CTO', 'C', NULL, NULL, '2018-03-21 06:49:32'),
(4, 'Kiên Giang', 'KGG', 'G', NULL, NULL, '2018-03-21 06:49:32'),
(5, 'Đà Nẵng', 'DNG', 'D', NULL, NULL, '2018-03-15 04:48:52'),
(6, 'Head Office', 'HO', 'O', NULL, NULL, '2018-03-15 04:48:52'),
(7, 'Hà Nội', 'HNI', 'H', NULL, NULL, '2018-03-15 04:45:30'),
(8, 'Từ Liêm', 'TLM', 'F', NULL, NULL, '2018-03-15 04:45:30'),
(9, 'Khánh Hòa (Nha Trang)', 'KHA', 'K', NULL, NULL, '2018-03-15 04:44:41'),
(10, 'Bắc Ninh', 'BNH', 'N', NULL, NULL, '2018-03-15 04:44:41'),
(11, 'Hồ Chí Minh', 'HCM', 'S', NULL, NULL, '2018-03-14 04:17:30'),
(12, 'Phú Quốc', 'PQC', 'P', NULL, NULL, '2018-03-14 04:17:30'),
(13, 'Hải Phòng', 'HPG', 'R', NULL, NULL, '2018-03-14 04:17:21'),
(14, 'Bà Rịa-Vũng Tàu', 'BTU', 'V', NULL, NULL, '2018-03-14 04:17:21'),
(15, '*Tân Phú*', 'TP', 'Z', NULL, NULL, '2018-03-15 04:44:28'),
(16, 'Tân Phúu', 'TPU', 'TPU', NULL, '2018-02-09 10:50:29', '2018-03-01 04:58:17'),
(17, 'Tân Phúu', 'TPU', 'TPU', '2018-02-09 10:55:13', '2018-02-09 10:54:38', '2018-02-09 10:55:13'),
(18, 'Tân Phúu', 'TPU', 'TPU', '2018-02-22 03:34:40', '2018-02-22 03:34:24', '2018-02-22 03:34:40'),
(19, 'aaddddd', 'aaaaa', 'aaa', '2018-02-27 08:29:53', '2018-02-27 04:10:00', '2018-02-27 08:29:53'),
(20, 'bach', 'bachnao', 'bach', '2018-02-27 08:18:57', '2018-02-27 04:16:09', '2018-02-27 08:18:57'),
(21, 'aaaaa', 'bachnao', 'dddddd', '2018-02-27 08:17:46', '2018-02-27 04:20:33', '2018-02-27 08:17:46'),
(22, 'aaaaa', 'sssss', 'dddddd', '2018-02-27 08:09:48', '2018-02-27 04:23:02', '2018-02-27 08:09:48'),
(23, 'Test', 'TEST', 'T', '2018-02-27 08:12:53', '2018-02-27 06:22:06', '2018-02-27 08:12:53'),
(24, 'aaaaa', 'sssss', 'dddddd', '2018-02-27 08:32:53', '2018-02-27 08:32:24', '2018-02-27 08:32:53'),
(25, 'aaaaaaaâ', 'âaaâ', 'aaaa', '2018-02-27 08:36:38', '2018-02-27 08:36:09', '2018-02-27 08:36:38'),
(26, '3333', '333', '3333', '2018-03-01 04:57:59', '2018-02-27 08:43:37', '2018-03-01 04:57:59'),
(27, '444', '444', '444', '2018-02-28 07:28:03', '2018-02-27 08:43:42', '2018-02-28 07:28:03'),
(28, '555', '555', '555', '2018-02-28 07:27:57', '2018-02-27 08:43:52', '2018-02-28 07:27:57'),
(29, '666', '6667777', '6666', '2018-02-28 07:27:52', '2018-02-27 08:43:58', '2018-02-28 07:27:52'),
(30, '<script>alert( \'Hello, world!\' );</script>', 'abc', '11', '2018-02-27 11:34:46', '2018-02-27 08:58:35', '2018-02-27 11:34:46'),
(31, 'Test', 'TEst', 'Test', '2018-02-27 11:30:15', '2018-02-27 08:59:10', '2018-02-27 11:30:15'),
(32, '<script>alert( \'Hello, world!\' );</script>', 'chenscrip', '11', '2018-02-27 09:23:05', '2018-02-27 08:59:52', '2018-02-27 09:23:05'),
(33, 'Phuc', 'Phuc Short', 'Phuc', '2018-02-27 11:29:10', '2018-02-27 09:15:22', '2018-02-27 11:29:10'),
(34, 'đa', 'áđá', 'sađa', '2018-03-10 01:46:47', '2018-03-01 07:46:23', '2018-03-10 01:46:47'),
(35, 'áđấ', 'áđá', 'sdấda', '2018-03-10 01:43:39', '2018-03-01 07:46:29', '2018-03-10 01:43:39'),
(36, 'aaa', 'aaâ', 'aaa', '2018-03-10 01:43:39', '2018-03-01 07:46:37', '2018-03-10 01:43:39'),
(37, 'jjjjj', 'jjjjjj', 'ggggg', '2018-03-09 07:42:44', '2018-03-02 01:53:41', '2018-03-09 07:42:44'),
(38, 'abc', 'abc', '123', '2018-03-10 01:16:26', '2018-03-05 04:03:05', '2018-03-10 01:16:26'),
(39, 'ađá', 'adâd', 'ađâ', '2018-03-10 01:02:28', '2018-03-06 01:55:22', '2018-03-10 01:02:28'),
(40, 'code40', 'sh40', 'name 40', '2018-03-10 01:16:26', '2018-03-06 15:07:06', '2018-03-10 01:16:26'),
(41, 'test', 'test', 'test', '2018-03-07 09:30:43', '2018-03-06 15:22:20', '2018-03-07 09:30:43'),
(42, 'vitop', 'vitop', 'vitop', '2018-03-06 15:57:07', '2018-03-06 15:28:22', '2018-03-06 15:57:07'),
(43, 'vitop1', 'vitop1', 'vitop1', '2018-03-06 15:56:54', '2018-03-06 15:29:20', '2018-03-06 15:56:54'),
(44, 'vitop2', 'vitop2', 'vitop2', '2018-03-06 15:57:00', '2018-03-06 15:31:10', '2018-03-06 15:57:00'),
(45, 'lll', 'lll', 'lll', '2018-03-07 09:28:21', '2018-03-07 08:33:46', '2018-03-07 09:28:21'),
(46, 'aaa', 'aaaa', 'aaa', '2018-03-10 01:46:36', '2018-03-10 01:44:04', '2018-03-10 01:46:36'),
(47, 'bbb', 'bbbb', 'bbb', '2018-03-10 01:46:36', '2018-03-10 01:44:09', '2018-03-10 01:46:36'),
(48, 'sasdas', 'sdsad', 'asdsa', '2018-03-12 07:19:36', '2018-03-12 07:19:11', '2018-03-12 07:19:36'),
(49, 'sasdas', 'sdsad', 'asdsa', '2018-03-12 07:29:12', '2018-03-12 07:19:12', '2018-03-12 07:29:12'),
(50, 'sasdas', 'sdsad', 'asdsa', '2018-03-12 07:27:13', '2018-03-12 07:19:13', '2018-03-12 07:27:13'),
(51, 'sasdas', 'sdsad', 'asdsa', '2018-03-12 07:27:07', '2018-03-12 07:19:14', '2018-03-12 07:27:07'),
(52, 'sasdas', 'sdsad', 'asdsa', '2018-03-12 07:24:36', '2018-03-12 07:19:15', '2018-03-12 07:24:36'),
(53, 'sasdas', 'sdsad', 'asdsa', '2018-03-12 07:24:26', '2018-03-12 07:19:16', '2018-03-12 07:24:26'),
(54, 'sasdas', 'sdsad', 'asdsa', '2018-03-12 07:21:49', '2018-03-12 07:19:16', '2018-03-12 07:21:49'),
(55, 'ad', 'asd', 'asd', '2018-03-12 07:21:20', '2018-03-12 07:19:21', '2018-03-12 07:21:20'),
(56, 'qw', 'qw', 'qw', '2018-03-12 07:30:47', '2018-03-12 07:30:09', '2018-03-12 07:30:47'),
(57, 'qw', 'da', 'asd', '2018-03-12 07:32:23', '2018-03-12 07:30:14', '2018-03-12 07:32:23'),
(58, 'fd', 'fd', 'fd', '2018-03-12 07:30:34', '2018-03-12 07:30:17', '2018-03-12 07:30:34'),
(59, 'asd', 'asd', 'asd', '2018-03-12 07:55:04', '2018-03-12 07:33:39', '2018-03-12 07:55:04'),
(60, 'qwe', 'qqwe', 'qw', '2018-03-12 07:36:16', '2018-03-12 07:33:45', '2018-03-12 07:36:16'),
(61, 'ee', 'e', 'ee', '2018-03-12 07:36:04', '2018-03-12 07:33:49', '2018-03-12 07:36:04'),
(62, 'rr', 'rr', 'rr', '2018-03-12 07:34:18', '2018-03-12 07:33:53', '2018-03-12 07:34:18'),
(63, 'tan', 'tan nguyen', '0099', '2018-03-12 08:23:00', '2018-03-12 08:04:02', '2018-03-12 08:23:00'),
(64, 'HCM', 'OK', '0246', '2018-03-13 07:23:32', '2018-03-12 08:19:17', '2018-03-13 07:23:32'),
(65, 'Test', 'TST', 'TST', '2018-03-13 07:19:38', '2018-03-12 09:51:08', '2018-03-13 07:19:38'),
(66, 'Ninh Bình', 'NB', '78', '2018-03-14 03:51:55', '2018-03-14 02:49:07', '2018-03-14 03:51:55'),
(67, '123', '123', '123', '2018-03-14 04:19:44', '2018-03-14 04:19:38', '2018-03-14 04:19:44'),
(68, 'RTRTRTT', 'RTRT', 'RTRT', '2018-03-19 10:52:11', '2018-03-15 06:34:39', '2018-03-19 10:52:11'),
(69, '1234', 'gn ds', '245', '2018-03-19 10:49:17', '2018-03-15 10:28:13', '2018-03-19 10:49:17'),
(70, '12345', 'gb', '34564', '2018-03-19 10:49:17', '2018-03-15 10:29:42', '2018-03-19 10:49:17'),
(71, 'tess', 'tess', 'tess', '2018-03-21 06:38:50', '2018-03-21 04:27:53', '2018-03-21 06:38:50'),
(72, 'tess', 'tess', 'tess', '2018-03-21 06:38:50', '2018-03-21 04:28:04', '2018-03-21 06:38:50'),
(73, 'ere', 'wqewqe', 'we', '2018-03-21 06:44:30', '2018-03-21 06:44:08', '2018-03-21 06:44:30'),
(74, 'adwse', 'weqwqwqe', 'wqewe', '2018-03-21 07:02:01', '2018-03-21 07:00:31', '2018-03-21 07:02:01'),
(75, 'sdwewd', 'ssadwe', 'sadwesd', '2018-03-21 07:03:51', '2018-03-21 07:03:29', '2018-03-21 07:03:51'),
(76, 'asdwew', 'wqewd', 'wewds', '2018-03-21 07:07:55', '2018-03-21 07:07:24', '2018-03-21 07:07:55'),
(77, 'wew', 'adsdwq', 'swesd', '2018-03-21 07:10:53', '2018-03-21 07:07:43', '2018-03-21 07:10:53'),
(78, 'asdsd', 's', 'sad', '2018-03-21 07:15:45', '2018-03-21 07:13:27', '2018-03-21 07:15:45'),
(79, 'qẻwqewq', 'qẻ', 'sdsad', '2018-03-21 07:17:54', '2018-03-21 07:17:39', '2018-03-21 07:17:54'),
(80, 'wqee', 'wqewqe', 'wqewee', '2018-03-21 07:20:14', '2018-03-21 07:20:02', '2018-03-21 07:20:14'),
(81, 'wqewqd', 'saddwqe', 'wqesad', '2018-03-21 07:22:34', '2018-03-21 07:21:40', '2018-03-21 07:22:34'),
(82, 'test', 'test', 'test', '2018-03-21 07:24:53', '2018-03-21 07:22:17', '2018-03-21 07:24:53'),
(83, 'test', 'test', 'test', '2018-03-21 07:38:23', '2018-03-21 07:37:53', '2018-03-21 07:38:23'),
(84, 'sa\'dsad', 'sDWE', 'weSAD', '2018-03-21 07:38:23', '2018-03-21 07:38:09', '2018-03-21 07:38:23'),
(85, 'test', 'hao', 'hao', NULL, '2018-03-26 02:17:53', '2018-03-26 02:17:53'),
(86, 'hao', 'aaaaaaaaaaaaaaaaaaaaaaaaaaaaa aaaaaaaaaaaaaaaaaaaaaaaaaaaaa aaaa', 'test', NULL, '2018-03-26 02:22:19', '2018-03-26 02:22:19'),
(87, 'test', 'aaaaaaaaaa aaaaaaaaaa aaaaaaaaaa aaaaaaaaaa aaaaaaaaaa aaaaaaaaa', 'test', NULL, '2018-03-26 02:27:14', '2018-03-26 02:27:14'),
(88, 'test', 'aaaaaaaaaa aaaaaaaaaa aaaaaaaaaa aaaaaaaaaa aaaaaaaaaa aaaaaaaaa', 'test', NULL, '2018-03-26 02:28:08', '2018-03-26 02:28:08'),
(89, 'test', 'aaaaaaaaaa aaaaaaaaaa aaaaaaaaaa aaaaaaaaaa aaaaaaaaaa aaaaaaaaa', 'wqewe', NULL, '2018-03-26 02:29:32', '2018-03-26 02:29:32'),
(90, 'hao', 'aaaaaaaaaa aaaaaaaaaa aaaaaaaaaa aaaaaaaaaa aaaaaaaaaa aaaaaaaa', 'test', NULL, '2018-03-26 02:31:46', '2018-03-26 02:31:46'),
(91, 'hao', 'aaaaaaaaaa aaaaaaaaaa aaaaaaaaaa aaaaaaaaaa aaaaaaaaaa aaaaaaaaa', 'wqewe', NULL, '2018-03-26 02:33:07', '2018-03-26 02:33:07'),
(92, 'aaaaaaaaaa', 'aaaaaaaaaa aaaaaaaaaa aaaaaaaaaa aaaaaaaaaa aaaaaaaaaa aaaaaaaaa', 'aa', NULL, '2018-03-26 02:38:38', '2018-03-26 02:38:38'),
(93, 'Phú Quốc', 'PQC', 'P', NULL, '2018-03-27 02:40:32', '2018-03-27 02:40:32'),
(94, 'test', 'asdasda dá asd asdasda dá asd asdasda dá asd asdasda dá asd asda', 'abc', NULL, '2018-03-27 06:48:09', '2018-03-27 06:48:09'),
(95, '111111', '111111', '111111', NULL, '2018-03-29 09:19:36', '2018-03-29 09:19:36');

-- --------------------------------------------------------

--
-- Table structure for table `api_campaign`
--

CREATE TABLE `api_campaign` (
  `id` int(10) UNSIGNED NOT NULL,
  `creator_id` int(11) NOT NULL,
  `date_start` date DEFAULT NULL,
  `date_end` date DEFAULT NULL,
  `title` varchar(255) COLLATE utf8mb4_unicode_ci DEFAULT NULL,
  `target` varchar(255) COLLATE utf8mb4_unicode_ci DEFAULT NULL,
  `description` text COLLATE utf8mb4_unicode_ci,
  `deleted_at` timestamp NULL DEFAULT NULL,
  `created_at` timestamp NULL DEFAULT NULL,
  `updated_at` timestamp NULL DEFAULT NULL
) ENGINE=InnoDB DEFAULT CHARSET=utf8mb4 COLLATE=utf8mb4_unicode_ci;

--
-- Dumping data for table `api_campaign`
--

INSERT INTO `api_campaign` (`id`, `creator_id`, `date_start`, `date_end`, `title`, `target`, `description`, `deleted_at`, `created_at`, `updated_at`) VALUES
(1, 1, '2018-01-20', '2018-02-20', NULL, NULL, NULL, '2018-03-06 03:22:50', '2018-02-22 04:27:17', '2018-03-06 03:22:50'),
(2, 1, '2018-01-20', '2018-02-20', 'tieu de tieng a11', 'target 2', 'des 2', '2018-02-22 06:35:08', '2018-02-22 04:30:50', '2018-02-22 06:35:08'),
(3, 1, '2018-01-20', '2018-02-20', 'tieu de tieng 3', 'target 3', 'des 3', '2018-03-06 03:21:51', '2018-02-22 06:32:38', '2018-03-06 03:21:51'),
(4, 1, '2018-01-20', '2018-02-20', 'Campaign 2018', 'target 3', 'des 3', '2018-03-06 03:20:47', '2018-02-28 04:38:16', '2018-03-06 03:20:47'),
(5, 1, '2018-03-05', '2018-03-05', 'John Doe', 'J0hnD03!x4', 'J0hnD03!x4', '2018-03-06 01:29:32', '2018-03-05 10:31:58', '2018-03-06 01:29:32'),
(6, 1, '2018-03-06', '2018-03-06', 'John Doe', 'J0hnD03!x4', 'J0hnD03!x4', '2018-03-06 06:52:27', '2018-03-06 03:24:37', '2018-03-06 06:52:27'),
(7, 1, '2018-01-20', '2018-02-20', 'Campaign 2018 2', 'target 3', 'des 3', '2018-03-06 06:56:02', '2018-03-06 03:54:12', '2018-03-06 06:56:02'),
(8, 1, '2018-03-06', '2018-03-06', 'John Doe', 'J0hnD03!x4', 'J0hnD03!x4', '2018-03-06 06:53:45', '2018-03-06 06:53:37', '2018-03-06 06:53:45'),
(9, 1, '2018-03-06', '2018-03-06', 'John Doe', 'J0hnD03!x4', 'J0hnD03!x4', '2018-03-06 15:39:05', '2018-03-06 06:56:21', '2018-03-06 15:39:05'),
(10, 1, '2018-03-06', '2018-03-06', 'John Doe', 'J0hnD03!x4', 'J0hnD03!x4', '2018-03-06 07:01:07', '2018-03-06 06:58:55', '2018-03-06 07:01:07'),
(11, 1, '2018-03-06', '2018-03-06', 'John Doe', 'J0hnD03!x4', 'J0hnD03!x4', '2018-03-07 02:04:09', '2018-03-06 15:35:20', '2018-03-07 02:04:09'),
(12, 1, '2018-03-06', '2018-03-06', 'John Doe', 'J0hnD03!x4', 'J0hnD03!x4', '2018-03-07 02:49:24', '2018-03-06 15:38:05', '2018-03-07 02:49:24'),
(13, 1, '2018-03-06', '2018-03-06', 'John Doe', 'J0hnD03!x4', 'J0hnD03!x4', '2018-03-07 04:12:10', '2018-03-06 15:39:20', '2018-03-07 04:12:10'),
(14, 1, '2018-03-06', '2018-03-06', 'Thien Phu', 'J0hnD03!x4', 'J0hnD03!x4', '2018-03-23 08:49:12', '2018-03-06 15:40:57', '2018-03-23 08:49:12'),
(15, 1, '2018-03-06', '2018-03-06', 'John Doe', 'J0hnD03!x4', 'J0hnD03!x4', '2018-03-07 02:08:25', '2018-03-06 15:41:03', '2018-03-07 02:08:25'),
(16, 1, '2018-03-06', '2018-03-06', 'John Doe', 'J0hnD03!x4', 'J0hnD03!x4', '2018-03-07 04:19:16', '2018-03-06 15:41:11', '2018-03-07 04:19:16'),
(17, 1, '2018-03-06', '2018-03-06', 'hao', 'hao', 'J0hnD03!x4', '2018-03-07 04:18:55', '2018-03-06 15:41:41', '2018-03-07 04:18:55'),
(18, 3, '2018-03-07', '2018-03-07', 'John Doe', 'J0hnD03!x4', 'J0hnD03!x4', '2018-03-07 04:14:18', '2018-03-07 01:59:26', '2018-03-07 04:14:18'),
(19, 12, '2018-03-11', '2018-03-11', 'bachnguyen1', 'demo bachnguyen1', 'des campaign bachnguyen1', '2018-03-13 07:15:24', '2018-03-11 16:57:47', '2018-03-13 07:15:24'),
(20, 12, '2018-03-12', '2018-03-12', 'bachnguyen2', '123', '12312312', '2018-03-11 17:06:54', '2018-03-11 17:01:57', '2018-03-11 17:06:54'),
(21, 3, '2018-03-12', '2018-03-12', 'test01', '01', 'lorem', '2018-03-12 04:42:54', '2018-03-12 04:25:39', '2018-03-12 04:42:54'),
(22, 1, '2018-03-12', '2018-03-12', 'hao', 'hao', 'test', '2018-03-12 04:29:10', '2018-03-12 04:28:55', '2018-03-12 04:29:10'),
(23, 3, '2018-03-12', '2018-03-12', 'test02', '02', 'Lorem', '2018-03-12 04:39:42', '2018-03-12 04:31:19', '2018-03-12 04:39:42'),
(24, 3, '2018-03-12', '2018-03-12', 'test03', '03', 'Lorem', '2018-03-12 04:38:56', '2018-03-12 04:36:55', '2018-03-12 04:38:56'),
(25, 1, '2018-03-12', '2018-03-12', 'dfsad', 'asd', 'asd', '2018-03-12 04:45:35', '2018-03-12 04:45:23', '2018-03-12 04:45:35'),
(26, 1, '2018-03-12', '2018-03-12', 'sdff', 'dfds', 'sdfasd', '2018-03-12 04:46:26', '2018-03-12 04:46:03', '2018-03-12 04:46:26'),
(27, 3, '2018-03-12', '2018-03-12', 'test045', '04', 'LorEm', '2018-03-12 04:55:45', '2018-03-12 04:46:08', '2018-03-12 04:55:45'),
(28, 3, '2018-03-12', '2018-03-12', 'test04', '03', 'âsđâsd', '2018-03-12 04:55:00', '2018-03-12 04:49:39', '2018-03-12 04:55:00'),
(29, 3, '2018-03-12', '2018-03-12', 'test04', 'áđa', 'áda', '2018-03-12 04:55:00', '2018-03-12 04:52:19', '2018-03-12 04:55:00'),
(30, 12, '2018-03-12', '2018-03-12', 'bachnguyen campaign 2', 'bachnguyen campaign 2', 'bachnguyen campaign 2', '2018-03-13 07:14:14', '2018-03-12 09:15:27', '2018-03-13 07:14:14'),
(31, 12, '2018-07-14', '2018-09-07', 'aaaaa', 'bbbb', 'vvvvvv', '2018-03-13 07:12:54', '2018-03-13 03:22:36', '2018-03-13 07:12:54'),
(32, 3, '2018-02-27', '2018-03-28', 'MHX', '2', 'lorem', '2018-03-13 07:11:12', '2018-03-13 04:00:18', '2018-03-13 07:11:12'),
(33, 1, '2018-03-07', '2018-03-13', 'hao', 'hao', 'sdfdsffd', '2018-03-13 07:24:31', '2018-03-13 07:24:14', '2018-03-13 07:24:31'),
(34, 1, '2018-03-13', '2018-03-13', 'asd', 'asd', 'asd', '2018-03-13 07:51:29', '2018-03-13 07:50:54', '2018-03-13 07:51:29'),
(35, 1, '2018-03-13', '2018-03-13', 'asd', 'asd', 'sad', '2018-03-13 07:53:18', '2018-03-13 07:51:19', '2018-03-13 07:53:18'),
(36, 1, '2018-03-13', '2018-03-13', 'sdfsad', 'asdsds', 'asawqd', '2018-03-13 07:56:01', '2018-03-13 07:55:43', '2018-03-13 07:56:01'),
(37, 11, '2018-03-14', '2018-03-31', 'Campaign 2', 'N/A', 'N/A', NULL, '2018-03-14 04:43:40', '2018-03-14 04:43:40'),
(38, 24, '2018-03-27', '2018-05-31', 'Campaign QC', 'N/A', NULL, NULL, '2018-03-14 05:00:46', '2018-04-19 08:43:31'),
(39, 50, '2018-03-06', '2018-03-29', 'Campaign 1', 'test', NULL, '2018-03-14 11:31:58', '2018-03-14 11:07:51', '2018-03-14 11:31:58'),
(40, 11, '2017-03-01', '2018-04-01', 'FY_2017_2018', 'Success', NULL, NULL, '2018-03-19 01:40:28', '2018-03-19 01:40:28'),
(41, 12, '2018-03-22', '2018-06-29', 'Bach test campaign', 'Bach test campaign', 'Bach test campaign', NULL, '2018-03-21 04:09:11', '2018-03-21 04:09:11'),
(42, 12, '2018-03-22', '2018-03-24', 'Bach test campaign 2', 'Bach test campaign 2', 'Bach test campaign 2', NULL, '2018-03-21 04:09:51', '2018-03-21 04:09:51'),
(43, 11, '2017-01-01', '2018-03-01', 'Campaign 26/03/2018', NULL, 'abc', NULL, '2018-03-26 07:42:34', '2018-03-26 07:42:34'),
(44, 2, '2018-03-29', '2019-03-20', 'FY_2018', NULL, 'Campaign for year 2018', NULL, '2018-03-29 07:44:41', '2018-03-29 07:45:49'),
(45, 2, '2018-04-04', '2018-04-30', 'Campaign 04/04/2018', NULL, 'abc', NULL, '2018-04-04 03:16:55', '2018-04-04 03:16:55'),
(46, 2, '2018-04-06', '2018-04-30', 'Campaign 06/04/2018', 'a', 'a', NULL, '2018-04-06 06:21:05', '2018-04-06 06:21:05'),
(47, 3, '2018-04-01', '2018-04-30', 'Hao Test', 'Hao Test', 'qweqwe', NULL, '2018-04-13 07:21:33', '2018-04-13 07:21:33'),
(48, 2, '2018-04-17', '2018-04-20', 'Chất lượng cuộc sống', 'Chất lượng cuộc sống', NULL, NULL, '2018-04-17 02:46:44', '2018-04-17 02:46:44');

-- --------------------------------------------------------

--
-- Table structure for table `api_department`
--

CREATE TABLE `api_department` (
  `id` int(10) UNSIGNED NOT NULL,
  `name` varchar(128) COLLATE utf8mb4_unicode_ci NOT NULL,
  `code` varchar(20) COLLATE utf8mb4_unicode_ci NOT NULL,
  `branch_id` int(11) DEFAULT NULL,
  `division_id` int(11) DEFAULT NULL,
  `deleted_at` timestamp NULL DEFAULT NULL,
  `created_at` timestamp NULL DEFAULT NULL,
  `updated_at` timestamp NULL DEFAULT NULL
) ENGINE=InnoDB DEFAULT CHARSET=utf8mb4 COLLATE=utf8mb4_unicode_ci;

--
-- Dumping data for table `api_department`
--

INSERT INTO `api_department` (`id`, `name`, `code`, `branch_id`, `division_id`, `deleted_at`, `created_at`, `updated_at`) VALUES
(1, 'Route Sales', '2D', 5, 8, NULL, NULL, '2018-03-10 08:48:58'),
(2, 'UP Service', '3S', NULL, NULL, NULL, NULL, NULL),
(3, 'Design and Consult', '2K', NULL, NULL, NULL, NULL, NULL),
(4, 'Project Sales', '2N', NULL, NULL, NULL, NULL, NULL),
(5, 'Management', 'N/A', NULL, NULL, NULL, NULL, NULL),
(6, 'UP Maintenance ', '3M', NULL, NULL, NULL, NULL, NULL),
(7, 'Spare Parts Sales', '3P', NULL, NULL, NULL, NULL, NULL),
(8, 'Accounting', '7A', NULL, NULL, NULL, NULL, NULL),
(9, 'Logistics', '8L', NULL, NULL, NULL, NULL, NULL),
(10, 'AP Service', '3Q', NULL, NULL, NULL, NULL, NULL),
(11, 'Training', '4T', NULL, NULL, NULL, NULL, NULL),
(12, 'IT', '9I', NULL, NULL, NULL, NULL, NULL),
(13, 'BOD', 'DAV', NULL, NULL, NULL, NULL, NULL),
(14, 'Route Sales - City', '2D', NULL, NULL, NULL, NULL, NULL),
(15, 'Route Sales - UPC', '2E', NULL, NULL, NULL, NULL, NULL),
(16, 'MDC Sales', '2M', NULL, NULL, NULL, NULL, NULL),
(17, 'High Residential A/C Sales', '2H', NULL, NULL, NULL, NULL, NULL),
(18, 'National Account', '2J', NULL, NULL, NULL, NULL, NULL),
(19, 'AP Sales', '2Q', NULL, NULL, NULL, NULL, NULL),
(20, 'Solution Business', '2S', NULL, NULL, NULL, NULL, NULL),
(21, 'Development Service Business', '3B', NULL, NULL, NULL, NULL, NULL),
(22, 'Call Center', '3C', NULL, NULL, NULL, NULL, NULL),
(23, 'Product Marketing', '5R', NULL, NULL, NULL, NULL, NULL),
(24, 'General Affairs', '9G', NULL, NULL, NULL, NULL, NULL),
(25, 'Humman Resources', '9H', NULL, NULL, NULL, NULL, NULL),
(26, 'Development Dealer Business', '2B', NULL, NULL, '2018-03-15 06:41:58', NULL, '2018-03-15 06:41:58'),
(27, 'Retail Support', '2R', NULL, NULL, NULL, NULL, NULL),
(28, 'QC Management - UP', '3U', NULL, NULL, '2018-03-15 06:42:05', NULL, '2018-03-15 06:42:05'),
(29, 'Engineering Support', '2D', NULL, NULL, NULL, NULL, NULL),
(30, 'Advertisement and Promotion', '5P', NULL, NULL, NULL, NULL, NULL),
(31, 'Internal Audit', '6C', NULL, NULL, NULL, NULL, NULL),
(32, 'Planning', '6P', NULL, NULL, NULL, NULL, NULL),
(33, 'Finance Management (Innovation & Development, Internal Control)', '7F', 66, 79, NULL, NULL, '2018-03-14 03:51:29'),
(34, 'Innovation & Planning123', '8Bbb', 1, 5, '2018-03-14 03:50:30', NULL, '2018-03-14 03:50:30'),
(35, 'Procurement', '8V', NULL, NULL, '2018-03-12 02:31:20', NULL, '2018-03-12 02:31:20'),
(36, 'Legal', '9C', NULL, NULL, '2018-03-12 02:29:46', NULL, '2018-03-12 02:29:46'),
(38, 'dep 1', '111', NULL, NULL, '2018-03-08 03:04:18', '2018-02-09 02:52:41', '2018-03-08 03:04:18'),
(39, '100', '100', NULL, NULL, '2018-03-08 03:03:49', '2018-03-06 15:55:40', '2018-03-08 03:03:49'),
(40, 'bbb', 'aaa', NULL, NULL, '2018-03-12 02:29:46', '2018-03-10 03:40:16', '2018-03-12 02:29:46'),
(41, 'bbb', 'aaa', NULL, NULL, '2018-03-12 02:29:39', '2018-03-10 03:41:29', '2018-03-12 02:29:39'),
(42, 'vv', 'bb', 0, 1, '2018-03-10 09:05:47', '2018-03-10 03:54:19', '2018-03-10 09:05:47'),
(43, 'bach 1', 'bach1', 0, 4, '2018-03-10 09:05:47', '2018-03-10 04:00:44', '2018-03-10 09:05:47'),
(44, '1', '1', 3, 8, '2018-03-10 09:05:22', '2018-03-10 04:02:16', '2018-03-10 09:05:22'),
(45, '2', '2', 15, 25, '2018-03-10 09:05:17', '2018-03-10 04:02:33', '2018-03-10 09:05:17'),
(46, 'bach test 1', 'bachtest 1', 2, 1, '2018-03-10 08:56:07', '2018-03-10 08:49:52', '2018-03-10 08:56:07'),
(47, 'IT', '3X', 11, 9, '2018-03-12 02:29:39', '2018-03-12 02:23:14', '2018-03-12 02:29:39'),
(48, 'Salses', '0224', 3, 5, '2018-03-13 10:26:52', '2018-03-12 08:44:26', '2018-03-13 10:26:52'),
(49, 'test', 'test', 5, 5, '2018-03-13 06:37:55', '2018-03-13 06:36:57', '2018-03-13 06:37:55'),
(50, 'test 1', 'test', 4, 2, '2018-03-13 06:37:39', '2018-03-13 06:37:20', '2018-03-13 06:37:39'),
(51, 'test', 'test', 4, 2, '2018-03-13 06:42:34', '2018-03-13 06:42:19', '2018-03-13 06:42:34'),
(52, 'qwew', 'Dwqe', 4, 2, '2018-03-13 06:44:28', '2018-03-13 06:44:15', '2018-03-13 06:44:28'),
(53, 'rwf', 'we', 5, 5, '2018-03-13 06:46:51', '2018-03-13 06:46:38', '2018-03-13 06:46:51'),
(54, '123', '132', 5, 5, '2018-03-13 10:26:52', '2018-03-13 06:48:43', '2018-03-13 10:26:52'),
(55, '345', '345', 5, 2, '2018-03-13 06:50:20', '2018-03-13 06:48:59', '2018-03-13 06:50:20'),
(56, '456', '546', 3, 5, '2018-03-13 06:50:20', '2018-03-13 06:49:15', '2018-03-13 06:50:20'),
(57, 'Dep 1', '111', 2, 2, '2018-03-14 03:50:30', '2018-03-14 02:48:00', '2018-03-14 03:50:30'),
(58, 'R', 'TR', 2, 5, '2018-03-21 07:33:06', '2018-03-15 06:43:57', '2018-03-21 07:33:06'),
(59, 'Planning', '6P', 93, 84, NULL, '2018-03-27 02:51:17', '2018-03-27 02:51:17');

-- --------------------------------------------------------

--
-- Table structure for table `api_division`
--

CREATE TABLE `api_division` (
  `id` int(10) UNSIGNED NOT NULL,
  `name` varchar(128) COLLATE utf8mb4_unicode_ci NOT NULL,
  `code` varchar(20) COLLATE utf8mb4_unicode_ci NOT NULL,
  `deleted_at` timestamp NULL DEFAULT NULL,
  `created_at` timestamp NULL DEFAULT NULL,
  `updated_at` timestamp NULL DEFAULT NULL
) ENGINE=InnoDB DEFAULT CHARSET=utf8mb4 COLLATE=utf8mb4_unicode_ci;

--
-- Dumping data for table `api_division`
--

INSERT INTO `api_division` (`id`, `name`, `code`, `deleted_at`, `created_at`, `updated_at`) VALUES
(1, 'Sales', '2', '2018-03-12 08:43:06', NULL, '2018-03-12 08:43:06'),
(2, 'After Sales Service', '3', '2018-03-23 05:11:32', NULL, '2018-03-23 05:11:32'),
(3, 'Finance & Accounting', '7', '2018-03-13 02:02:42', NULL, '2018-03-13 02:02:42'),
(4, 'Supply Chain Management', '8', '2018-03-13 02:02:42', NULL, '2018-03-13 02:02:42'),
(5, 'Technical Support', '4', NULL, '2018-03-09 07:39:25', NULL),
(6, 'Management Resources Units', '9', NULL, NULL, NULL),
(7, 'BOD', 'N/A', '2018-03-13 02:00:05', NULL, '2018-03-13 02:00:05'),
(8, 'Marketing & Advertisement', '5', '2018-03-13 08:52:14', NULL, '2018-03-13 08:52:14'),
(9, 'Internal Audit & Planning', '6', '2018-03-13 08:52:09', NULL, '2018-03-13 08:52:09'),
(10, 'Tan test', 't01', '2018-03-09 07:48:26', '2018-03-09 07:39:25', '2018-03-09 07:48:26'),
(11, 'Tan test', 't03', '2018-03-09 07:54:14', '2018-03-09 07:53:56', '2018-03-09 07:54:14'),
(12, 'Tan test', 't04', '2018-03-09 07:57:51', '2018-03-09 07:57:42', '2018-03-09 07:57:51'),
(13, 'Tan test', 't05', '2018-03-09 08:02:28', '2018-03-09 08:00:09', '2018-03-09 08:02:28'),
(14, 'asda', 'asd', '2018-03-09 08:10:57', '2018-03-09 08:10:49', '2018-03-09 08:10:57'),
(15, 'dfas2', 'abc3', '2018-03-09 08:22:08', '2018-03-09 08:13:47', '2018-03-09 08:22:08'),
(16, 'Tan test', 't06', '2018-03-09 08:23:05', '2018-03-09 08:22:57', '2018-03-09 08:23:05'),
(17, 'Tan test', 't07', '2018-03-09 08:23:51', '2018-03-09 08:23:42', '2018-03-09 08:23:51'),
(18, 'Tan test', 't08', '2018-03-09 08:25:55', '2018-03-09 08:25:44', '2018-03-09 08:25:55'),
(19, 'Tan test 1', 't09aa', '2018-03-10 03:04:26', '2018-03-09 08:36:40', '2018-03-10 03:04:26'),
(20, 'Tan test', 't010', '2018-03-10 03:04:37', '2018-03-09 08:38:46', '2018-03-10 03:04:37'),
(21, 'Tan test', 't011', '2018-03-12 02:29:07', '2018-03-09 08:39:58', '2018-03-12 02:29:07'),
(22, 'Tan test', 't012', '2018-03-12 02:32:52', '2018-03-09 08:41:00', '2018-03-12 02:32:52'),
(23, 'Tan test', 't013', '2018-03-12 02:28:32', '2018-03-09 08:41:50', '2018-03-12 02:28:32'),
(24, 'Tan test', 't014', '2018-03-12 02:27:17', '2018-03-09 08:42:07', '2018-03-12 02:27:17'),
(25, 'Tan test', 't015', '2018-03-12 02:26:24', '2018-03-09 08:44:38', '2018-03-12 02:26:24'),
(26, '<script>alert(\'oke\')</script>', 't016', '2018-03-12 02:01:10', '2018-03-09 08:45:15', '2018-03-12 02:01:10'),
(27, 'Tan test', 't0188', '2018-03-10 03:24:29', '2018-03-09 08:54:01', '2018-03-10 03:24:29'),
(28, 'John Doe', 'bachtest', '2018-03-10 03:24:18', '2018-03-10 03:10:16', '2018-03-10 03:24:18'),
(29, 'bach test 2', 'bach', '2018-03-10 03:24:04', '2018-03-10 03:12:21', '2018-03-10 03:24:04'),
(30, 'hao test', 'vd01', '2018-03-12 02:29:56', '2018-03-12 02:29:35', '2018-03-12 02:29:56'),
(31, 'hao test', 'vd01', '2018-03-12 02:30:43', '2018-03-12 02:29:37', '2018-03-12 02:30:43'),
(32, 'Nhanh', '333', '2018-03-12 02:37:57', '2018-03-12 02:32:03', '2018-03-12 02:37:57'),
(33, 'Tan test', 't019', '2018-03-12 02:56:11', '2018-03-12 02:55:30', '2018-03-12 02:56:11'),
(34, 'hao', 'hao', '2018-03-12 03:23:06', '2018-03-12 03:01:03', '2018-03-12 03:23:06'),
(35, 'test', 'hao', '2018-03-12 03:24:39', '2018-03-12 03:04:09', '2018-03-12 03:24:39'),
(36, 'hao', 'hao', '2018-03-12 03:24:39', '2018-03-12 03:05:16', '2018-03-12 03:24:39'),
(37, '1111', 'hao', '2018-03-12 03:24:39', '2018-03-12 03:08:12', '2018-03-12 03:24:39'),
(38, 'sd', 'sd', '2018-03-12 03:24:58', '2018-03-12 03:11:30', '2018-03-12 03:24:58'),
(39, 'sd', 'sd', '2018-03-12 03:24:58', '2018-03-12 03:12:38', '2018-03-12 03:24:58'),
(40, 'hao', 'hao', '2018-03-12 03:24:39', '2018-03-12 03:14:40', '2018-03-12 03:24:39'),
(41, 'hao', 'hao', '2018-03-12 03:31:45', '2018-03-12 03:15:31', '2018-03-12 03:31:45'),
(42, 'sd', 'sd', '2018-03-12 03:44:59', '2018-03-12 03:16:43', '2018-03-12 03:44:59'),
(43, 'qw', 'wq', '2018-03-12 03:44:59', '2018-03-12 03:17:20', '2018-03-12 03:44:59'),
(44, '3X', '333', '2018-03-12 03:45:17', '2018-03-12 03:18:23', '2018-03-12 03:45:17'),
(45, 'df', 'daf', '2018-03-12 03:45:17', '2018-03-12 03:22:23', '2018-03-12 03:45:17'),
(46, 'test', 'hao', '2018-03-12 04:40:10', '2018-03-12 03:22:24', '2018-03-12 04:40:10'),
(47, 'hao', 'hao', '2018-03-12 04:40:58', '2018-03-12 03:55:26', '2018-03-12 04:40:58'),
(48, 'hao', 'hao1', '2018-03-12 06:48:55', '2018-03-12 03:55:53', '2018-03-12 06:48:55'),
(49, 'hao', 'hao', '2018-03-12 06:49:05', '2018-03-12 03:57:23', '2018-03-12 06:49:05'),
(50, 'hao', 'hao', '2018-03-12 06:51:07', '2018-03-12 06:50:42', '2018-03-12 06:51:07'),
(51, 'qwe', 'we', '2018-03-12 06:51:53', '2018-03-12 06:51:46', '2018-03-12 06:51:53'),
(52, 'qwe', 'w', '2018-03-12 06:52:41', '2018-03-12 06:52:34', '2018-03-12 06:52:41'),
(53, 'qw', 'qw', '2018-03-12 07:39:41', '2018-03-12 07:39:34', '2018-03-12 07:39:41'),
(54, 'QC group', '9', '2018-03-13 03:24:24', '2018-03-12 08:28:00', '2018-03-13 03:24:24'),
(55, 'Name', '022', '2018-03-12 09:53:07', '2018-03-12 09:15:27', '2018-03-12 09:53:07'),
(56, 'team 1', '2', '2018-03-13 03:24:08', '2018-03-12 10:29:29', '2018-03-13 03:24:08'),
(57, 'team 2', '4', '2018-03-13 03:23:02', '2018-03-12 10:42:22', '2018-03-13 03:23:02'),
(58, 'name', '023', '2018-03-13 03:22:12', '2018-03-13 01:58:42', '2018-03-13 03:22:12'),
(59, 'aaaaaaaaaaaaaaaaaaaaaaaaaaaaaaaaaaaaaaaaaaaaaaaaaaaaaaaaaaaaaaaaaaaaa', '90555555555555555555', '2018-03-13 03:11:44', '2018-03-13 02:08:43', '2018-03-13 03:11:44'),
(60, 'ád', 't019', '2018-03-13 03:14:59', '2018-03-13 03:14:45', '2018-03-13 03:14:59'),
(61, 'ádsdfsf', 't016', '2018-03-13 03:16:46', '2018-03-13 03:16:27', '2018-03-13 03:16:46'),
(62, 'sfsffggfh', 'áda', '2018-03-13 03:19:16', '2018-03-13 03:19:03', '2018-03-13 03:19:16'),
(63, '242545', 'fsffg', '2018-03-13 03:19:45', '2018-03-13 03:19:30', '2018-03-13 03:19:45'),
(64, '35gdg', 't016', '2018-03-13 03:28:24', '2018-03-13 03:28:16', '2018-03-13 03:28:24'),
(65, 'áđâ', 'dsfsf', '2018-03-13 03:33:39', '2018-03-13 03:33:27', '2018-03-13 03:33:39'),
(66, '123134', '435', '2018-03-13 03:34:55', '2018-03-13 03:34:44', '2018-03-13 03:34:55'),
(67, 'dfgdfg', 'sd', '2018-03-13 03:49:37', '2018-03-13 03:49:28', '2018-03-13 03:49:37'),
(68, 'sdfsgf', 'ẳ', '2018-03-13 03:56:07', '2018-03-13 03:51:48', '2018-03-13 03:56:07'),
(69, 'ạdjakjd', '385jjd', '2018-03-13 03:55:22', '2018-03-13 03:53:00', '2018-03-13 03:55:22'),
(70, '01', 't016', '2018-03-13 04:11:38', '2018-03-13 04:03:57', '2018-03-13 04:11:38'),
(71, '02', 't017', '2018-03-13 06:34:01', '2018-03-13 04:04:10', '2018-03-13 06:34:01'),
(72, '03', 't018', '2018-03-13 04:11:38', '2018-03-13 04:04:24', '2018-03-13 04:11:38'),
(73, '04', 't019', '2018-03-13 04:11:38', '2018-03-13 04:04:40', '2018-03-13 04:11:38'),
(74, '425', 't20', '2018-03-13 04:11:29', '2018-03-13 04:04:55', '2018-03-13 04:11:29'),
(75, 'Tan test', 't016', '2018-03-13 08:13:47', '2018-03-13 08:13:00', '2018-03-13 08:13:47'),
(76, 'Tan test', 't017', '2018-03-13 08:13:47', '2018-03-13 08:13:12', '2018-03-13 08:13:47'),
(77, 'Tan test', 't018', '2018-03-13 08:13:40', '2018-03-13 08:13:23', '2018-03-13 08:13:40'),
(78, 'team 3', '100', '2018-03-13 10:12:01', '2018-03-13 09:30:09', '2018-03-13 10:12:01'),
(79, 'division 1', '8', '2018-03-14 03:51:47', '2018-03-14 02:47:28', '2018-03-14 03:51:47'),
(80, 'eqsdsd', 'adq', '2018-03-20 10:10:37', '2018-03-20 10:10:26', '2018-03-20 10:10:37'),
(81, 'sad', 'ads', '2018-03-21 06:47:35', '2018-03-21 06:47:25', '2018-03-21 06:47:35'),
(82, 'dsadwewq', 'asdsad', '2018-03-21 06:50:51', '2018-03-21 06:49:30', '2018-03-21 06:50:51'),
(83, 'wqe', 'wew', '2018-03-23 06:27:11', '2018-03-23 06:26:46', '2018-03-23 06:27:11'),
(84, 'Internal Audit & Planning', '6', NULL, '2018-03-27 02:49:37', '2018-03-27 02:49:37');

-- --------------------------------------------------------

--
-- Table structure for table `api_employee`
--

CREATE TABLE `api_employee` (
  `id` int(10) UNSIGNED NOT NULL,
  `user_id` int(10) UNSIGNED NOT NULL,
  `dept_code` varchar(255) COLLATE utf8mb4_unicode_ci DEFAULT NULL,
  `current_code` varchar(255) COLLATE utf8mb4_unicode_ci DEFAULT NULL,
  `full_name` varchar(255) COLLATE utf8mb4_unicode_ci DEFAULT NULL,
  `phone` varchar(191) COLLATE utf8mb4_unicode_ci DEFAULT NULL,
  `branch_id` int(10) UNSIGNED NOT NULL,
  `division_id` int(10) UNSIGNED NOT NULL,
  `position_id` int(10) UNSIGNED NOT NULL,
  `gender` int(11) NOT NULL COMMENT '1: Male , 2 : FeMale',
  `id_card` varchar(191) COLLATE utf8mb4_unicode_ci DEFAULT NULL,
  `birthday` date DEFAULT NULL,
  `join_date` date DEFAULT NULL,
  `deleted_at` timestamp NULL DEFAULT NULL,
  `created_at` timestamp NULL DEFAULT NULL,
  `updated_at` timestamp NULL DEFAULT NULL
) ENGINE=InnoDB DEFAULT CHARSET=utf8mb4 COLLATE=utf8mb4_unicode_ci;

--
-- Dumping data for table `api_employee`
--

INSERT INTO `api_employee` (`id`, `user_id`, `dept_code`, `current_code`, `full_name`, `phone`, `branch_id`, `division_id`, `position_id`, `gender`, `id_card`, `birthday`, `join_date`, `deleted_at`, `created_at`, `updated_at`) VALUES
(17, 41, 'A3', '111', 'bachnguyen', '12312312312', 1, 2, 54, 1, '2611798359999', '2018-03-14', '2018-03-14', NULL, '2018-03-13 07:54:37', '2018-03-13 07:54:37'),
(18, 42, 'D33S', '123', 'b5', '12312312312', 5, 2, 54, 1, '2611798359999', '2018-03-28', '2018-03-28', NULL, '2018-03-13 07:54:37', '2018-03-13 08:48:08'),
(21, 2, 'ADMIN', 'ADMIN', 'Admin', NULL, 1, 1, 4, 1, '25652326', '1994-04-16', '2018-03-28', NULL, '2018-03-13 07:54:37', '2018-03-13 08:54:32'),
(24, 45, 'C9', '222', 'view2', '123456', 3, 6, 35, 1, '123456', '2018-03-14', '2018-03-14', NULL, '2018-03-13 07:54:37', '2018-03-14 03:10:07'),
(25, 46, 'B32K', '123', 'view3', '12312312312', 2, 2, 32, 1, '2611798359999', '2018-03-14', '2018-03-14', NULL, '2018-03-13 07:54:37', '2018-03-14 03:12:20'),
(26, 47, 'G43S', '123456', 'view4', '12312312312', 4, 5, 34, 1, '111', '2018-03-16', '2018-03-29', NULL, '2018-03-13 07:54:37', '2018-03-14 03:13:42'),
(27, 37, 'G32N', '22', '33', '0099012424', 4, 2, 32, 1, '1', '2014-03-19', '2014-03-29', NULL, '2018-03-13 07:54:37', '2018-03-14 07:20:32'),
(28, 38, 'G42K', '33', '33', '009901', 4, 5, 32, 1, '1', '2018-01-02', '2014-03-25', NULL, '2018-03-13 07:54:37', '2018-03-14 07:22:09'),
(29, 48, 'B4', '33', 'Nguyen van c', '0099012424', 2, 5, 32, 1, '3', '2018-03-14', '2018-03-31', NULL, '2018-03-13 07:54:37', '2018-03-14 07:51:42'),
(30, 49, 'B32K', '33', 'Nguyen van dd', '0099012424', 2, 2, 34, 2, '1', '2018-03-13', '2018-03-14', NULL, '2018-03-13 07:54:37', '2018-03-14 07:53:08'),
(31, 51, 'G33S', '1111', 'hao', '0332645876', 4, 2, 32, 1, '12343', '2018-03-04', '2018-03-21', NULL, '2018-03-13 07:54:37', '2018-03-16 02:43:58'),
(32, 12, 'C49I', '123456', 'Nguyen Thanh Bach', '0938256270', 3, 84, 34, 1, '2611798359999', '2018-03-21', '2018-03-21', NULL, '2018-03-13 07:54:37', '2018-03-18 14:04:37'),
(33, 52, 'A42R', '111', 'Phạm Hương', '1234567890', 1, 5, 32, 2, '1234567890', '1995-06-17', '2018-03-27', NULL, '2018-03-13 07:54:37', '2018-03-27 08:45:12'),
(34, 53, 'A42D', '1111', 'Lan Khuê', '098765432', 1, 5, 32, 2, '0987654321', '1991-02-05', '2018-03-23', NULL, '2018-03-13 07:54:37', '2018-03-27 10:15:39'),
(35, 54, 'B33S', 'DOD123456', 'Nguyen Tan Phat', '0120158525', 2, 2, 32, 1, '025658959', '1996-06-30', '2017-05-15', NULL, '2018-03-13 07:54:37', '2018-03-20 01:35:14'),
(36, 55, 'A42N', '123456', 'adminhrkpi', '0938256270', 1, 5, 32, 1, '2611798359999', '2018-03-15', '2018-03-20', NULL, '2018-03-13 07:54:37', '2018-03-25 03:50:05'),
(37, 56, 'A4N/A', 'GUEST', 'Guestt', '0125658569', 1, 5, 33, 1, '0256598946', '1995-06-13', '2018-03-05', NULL, '2018-03-13 07:54:37', '2018-04-10 09:46:09'),
(38, 11, 'A42K', 'CODE', 'Phat Nguyen', '01207577026', 1, 5, 32, 1, '025646858', '1996-06-30', '2026-03-10', NULL, '2018-03-13 07:54:37', '2018-03-26 01:59:43'),
(39, 57, 'A42K', '1111', 'hao', '0938256270', 1, 5, 54, 1, '2611798359999', '2018-03-25', '2018-03-26', NULL, '2018-03-13 07:54:37', '2018-03-26 04:42:01'),
(40, 3, 'A42D', 'AA12', 'Tan Nguyen', '01229125354', 1, 5, 32, 1, '999', '2026-03-02', '2026-03-30', NULL, '2018-03-13 07:54:37', '2018-03-26 09:32:42'),
(41, 58, 'hao43S', 'AA12', 'Tan Nguyen', '01229125354', 85, 5, 32, 2, '999', '2018-03-27', '2018-03-27', NULL, '2018-03-13 07:54:37', '2018-03-27 03:15:43'),
(45, 50, 'hao93S', '123456789', 'https://www.google.com.vn/imghp?hl=en&tab=wi', '1234567890', 85, 6, 33, 2, '345678697865', '2004-06-21', '2018-02-26', NULL, '2018-03-13 07:54:37', '2018-03-27 10:15:00'),
(46, 60, 'P9N/A', '123456', 'Nguyễn Trung Tấn', '12345678900', 93, 6, 33, 2, '12345678900', '2018-03-28', '2018-03-28', NULL, '2018-03-13 07:54:37', '2018-03-28 04:44:28'),
(47, 61, 'wqewe42K', '1654234567', 'Approver QC', '12345678', 89, 5, 34, 1, '7654345678i', '2018-03-28', '2018-03-28', NULL, '2018-03-13 07:54:37', '2018-03-28 09:07:58'),
(48, 62, 'hao43S', 'admin', 'admin', '098765432', 85, 5, 32, 1, '0256462315', '2018-03-28', '2018-03-28', NULL, '2018-03-13 07:54:37', '2018-03-28 10:43:28'),
(49, 63, 'test62K', '123456', '1111111111111', '11111111', 86, 84, 60, 1, '11111111', '2018-03-29', '2018-03-29', NULL, '2018-03-13 07:54:37', '2018-03-29 02:25:03'),
(50, 64, 'test92N', 'AA12', 'adsf', '01229125354', 86, 6, 32, 1, '999', '2018-03-29', '2018-03-19', NULL, '2018-03-13 07:54:37', '2018-03-29 05:01:24'),
(51, 65, 'test43S', '111', 'ANC', '1234567890', 88, 5, 32, 1, '999', '2018-03-29', '2018-03-29', NULL, '2018-03-13 07:54:37', '2018-03-29 06:34:42'),
(52, 66, 'P4N/A', '119411', 'Mr John', '01229125354', 93, 5, 32, 1, '999', '2018-03-29', '2018-03-29', NULL, '2018-03-13 07:54:37', '2018-03-29 08:45:28'),
(53, 68, 'A42D', '123', 'bach2', '12312312312', 1, 5, 32, 1, '2611798359999', '2018-04-02', '2018-04-18', NULL, '2018-03-13 07:54:37', '2018-04-02 15:31:27'),
(54, 69, 'A43S', '123', 'bach33', '12312312312', 1, 5, 32, 1, '123456', '2018-04-02', '2018-04-02', NULL, '2018-03-13 07:54:37', '2018-04-02 15:33:40'),
(55, 70, 'A43S', '123456', 'bach44', '12312312312', 1, 5, 32, 1, '2611798359999', '2018-04-02', '2018-04-02', NULL, '2018-03-13 07:54:37', '2018-04-02 15:34:36'),
(56, 71, 'hao43S', 'bach6', 'bach6', '0938256270', 85, 5, 32, 1, '2611798359999', '2018-04-04', '2018-04-04', NULL, '2018-03-13 07:54:37', '2018-04-04 15:27:36'),
(57, 72, 'hao93S', 'bach7', 'bach7', '1234', 85, 6, 54, 1, '131', '2018-04-04', '2018-04-04', NULL, '2018-03-13 07:54:37', '2018-04-04 15:43:33'),
(58, 73, 'test43S', '123', 'bach8 e', '123', 86, 5, 32, 1, '1312312', '2018-04-16', '2018-04-16', NULL, '2018-03-13 07:54:37', '2018-04-05 04:48:31'),
(59, 75, 'A42D', 'GUEST5', 'Guest5', '0123456789', 1, 5, 54, 1, '25652326', '2018-04-18', '2018-03-28', NULL, '2018-03-13 07:54:37', '2018-04-11 08:43:44'),
(745, 765, 'A2D', 'A2DG0454', 'Đậu Mạnh Hường', NULL, 1, 1, 16, 1, '182419619', '1981-03-26', '2017-12-25', NULL, '2018-03-13 07:54:37', NULL),
(746, 766, 'A2D', 'A2DH0001', 'Cao Ngọc Sỹ', NULL, 1, 1, 16, 1, '186477705', '1988-10-18', '2018-01-02', NULL, '2018-03-13 07:54:37', NULL),
(747, 767, 'A3S', 'A3S12010', 'Phạm Văn Vũ', NULL, 1, 2, 9, 1, '183436648', '1987-01-03', '2012-04-02', NULL, '2018-03-13 07:54:37', NULL),
(748, 768, 'A3S', 'A3S15038', 'Nguyễn Văn Ngụy', NULL, 1, 2, 14, 1, '183704295', '1989-06-21', '2015-04-20', NULL, '2018-03-13 07:54:37', NULL),
(749, 769, 'A3S', 'A3S15072', 'Hoàng Hùng', NULL, 1, 2, 11, 1, '186961987', '1990-02-22', '2015-08-01', NULL, '2018-03-13 07:54:37', NULL),
(750, 770, 'A3S', 'A3S16065', 'Nguyễn Quốc Đức', NULL, 1, 2, 11, 1, '187157685', '1992-01-08', '2016-06-01', NULL, '2018-03-13 07:54:37', NULL),
(751, 771, 'A3S', 'A3S16109', 'Lương Sỹ Quý', NULL, 1, 2, 11, 1, '183597552', '1989-07-25', '2016-08-10', NULL, '2018-03-13 07:54:37', NULL),
(752, 772, 'A3S', 'A3SG0097', 'Nguyễn Thị Minh Trang', NULL, 1, 2, 16, 2, '186944987', '1993-01-06', '2017-05-08', NULL, '2018-03-13 07:54:37', NULL),
(753, 773, 'A3S', 'A3SH0274', 'Đinh Ngọc Tuấn', NULL, 1, 2, 11, 1, '187394600', '1994-03-27', '2018-02-22', NULL, '2018-03-13 07:54:37', NULL),
(754, 774, 'B2D', 'B2DG0385', 'Lâm Văn Vũ', NULL, 2, 1, 10, 1, '212475553', '1995-10-28', '2017-11-27', NULL, '2018-03-13 07:54:37', NULL),
(755, 775, 'B3S', 'B3S10007', 'Nguyễn Trần Kim Lân', NULL, 2, 2, 9, 1, '250467359', '1979-05-05', '2010-03-05', NULL, '2018-03-13 07:54:37', NULL),
(756, 776, 'B3S', 'B3S13042', 'Lê Dũng Tân', NULL, 2, 2, 11, 1, '312146106', '1991-10-12', '2013-10-15', NULL, '2018-03-13 07:54:37', NULL),
(757, 777, 'B3S', 'B3S15057', 'Lê Tuấn Anh', NULL, 2, 2, 11, 1, '273367125', '1992-03-17', '2015-07-01', NULL, '2018-03-13 07:54:37', NULL),
(758, 778, 'B3S', 'B3S15058', 'Tăng Hữu Huy', NULL, 2, 2, 11, 1, '334552738', '1990-12-17', '2015-07-01', NULL, '2018-03-13 07:54:37', NULL),
(759, 779, 'B3S', 'B3S15070', 'Lê Phi Long', NULL, 2, 2, 11, 1, '261112414', '1988-09-27', '2015-08-01', NULL, '2018-03-13 07:54:37', NULL),
(760, 780, 'B3S', 'B3SG0115', 'Lương Ngọc Huyên', NULL, 2, 2, 11, 1, '212666257', '1994-04-18', '2017-06-01', NULL, '2018-03-13 07:54:37', NULL),
(761, 781, 'B3S', 'B3SG0257', 'Nguyễn Thị Bích Liên', NULL, 2, 2, 16, 2, '221390734', '1995-09-30', '2017-09-25', NULL, '2018-03-13 07:54:37', NULL),
(762, 782, 'C2D', 'C2D15005', 'Lê Minh Tâm', NULL, 3, 1, 9, 1, '23361592', '1980-03-16', '2015-01-05', NULL, '2018-03-13 07:54:37', NULL),
(763, 783, 'C2D', 'C2D15106', 'Đổ Cao Trí', NULL, 3, 1, 16, 1, '351719511', '1987-01-01', '2015-12-14', NULL, '2018-03-13 07:54:37', NULL),
(764, 784, 'C2D', 'C2D15110', 'Võ Ngọc Mai', NULL, 3, 1, 15, 2, '331539878', '1990-03-27', '2015-12-21', NULL, '2018-03-13 07:54:37', NULL),
(765, 785, 'C2D', 'C2D16016', 'Huỳnh Thị Hồng Lĩnh', NULL, 3, 1, 16, 2, '362516327', '1986-11-06', '2016-02-16', NULL, '2018-03-13 07:54:37', NULL),
(766, 786, 'C2D', 'C2D16030', 'Tiêu Thị Mỹ Hạnh', NULL, 3, 1, 16, 2, '362344548', '1991-05-18', '2016-04-04', NULL, '2018-03-13 07:54:37', NULL),
(767, 787, 'C2D', 'C2D16168', 'Lương Thị Mỹ Hằng', NULL, 3, 1, 15, 2, '82189000129', '1989-06-19', '2016-11-02', NULL, '2018-03-13 07:54:37', NULL),
(768, 788, 'C2D', 'C2DG0263', 'Trần Chí Trung', NULL, 3, 1, 16, 1, '331477029', '1986-10-17', '2017-10-02', NULL, '2018-03-13 07:54:37', NULL),
(769, 789, 'C2D', 'C2DG0264', 'Trương Minh Quân', NULL, 3, 1, 16, 1, '352107592', '1994-11-07', '2017-10-02', NULL, '2018-03-13 07:54:37', NULL),
(770, 790, 'C2K', 'C2KG0224', 'Trương Bảo Thiện', NULL, 3, 1, 10, 1, '241427581', '1995-09-21', '2017-09-05', NULL, '2018-03-13 07:54:37', NULL),
(771, 791, 'C2K', 'C2KH0061', 'Nguyễn Văn Tấn', NULL, 3, 1, 10, 1, '312232953', '1995-08-25', '2018-01-22', NULL, '2018-03-13 07:54:37', NULL),
(772, 792, 'C2Z', 'C2Z12031', 'Châu Khắc Hoàng', NULL, 3, 1, 5, 1, '200882315', '1966-06-21', '2012-11-01', NULL, '2018-03-13 07:54:37', NULL),
(773, 793, 'C3M', 'C3M15084', 'Dương Tấn Phát', NULL, 3, 2, 11, 1, '312199274', '1993-07-28', '2015-09-01', NULL, '2018-03-13 07:54:37', NULL),
(774, 794, 'C3P', 'C3PH0058', 'Thái Vũ Quỳnh Trâm', NULL, 3, 2, 16, 2, '362490149', '1994-03-11', '2018-01-15', NULL, '2018-03-13 07:54:37', NULL),
(775, 795, 'C3S', 'C3S08009', 'Nguyễn Trí Phương', NULL, 3, 2, 8, 1, '301046002', '1982-01-01', '2008-03-06', NULL, '2018-03-13 07:54:37', NULL),
(776, 796, 'C3S', 'C3S15009', 'Lê Chí Trung', NULL, 3, 2, 11, 1, '351998802', '1991-09-09', '2015-01-05', NULL, '2018-03-13 07:54:37', NULL),
(777, 797, 'C3S', 'C3S15027', 'Trần Minh Khôi', NULL, 3, 2, 11, 1, '301438168', '1992-03-12', '2015-03-16', NULL, '2018-03-13 07:54:37', NULL),
(778, 798, 'C3S', 'C3S15036', 'Trần Minh Toàn', NULL, 3, 2, 11, 1, '334727817', '1993-07-02', '2015-04-06', NULL, '2018-03-13 07:54:37', NULL),
(779, 799, 'C3S', 'C3S16092', 'Nguyễn Thị Ngọc Hân ', NULL, 3, 2, 16, 2, '385480580CTH', '1990-12-09', '2016-07-04', NULL, '2018-03-13 07:54:37', NULL),
(780, 800, 'C3S', 'C3SG0225', 'Dương Minh Trí', NULL, 3, 2, 11, 1, '366032118', '1995-01-19', '2017-09-05', NULL, '2018-03-13 07:54:37', NULL),
(781, 801, 'C3S', 'C3SG0226', 'Lê Hữu Toàn', NULL, 3, 2, 11, 1, '341854819', '1995-08-14', '2017-09-05', NULL, '2018-03-13 07:54:37', NULL),
(782, 802, 'C3S', 'C3SH0339', 'Quách Diễm Thúy', NULL, 3, 2, 16, 2, '381692160', '1991-03-10', '2018-03-19', NULL, '2018-03-13 07:54:37', NULL),
(783, 803, 'C7A', 'C7A15002', 'Nguyễn Thị Thúy Hằng', NULL, 3, 3, 7, 2, '221087976', '1983-11-14', '2015-01-05', NULL, '2018-03-13 07:54:37', NULL),
(784, 804, 'C7A', 'C7A15101', 'Lê Thị Yến Linh', NULL, 3, 3, 16, 2, '335022819', '1991-01-01', '2015-11-16', NULL, '2018-03-13 07:54:37', NULL),
(785, 805, 'C7A', 'C7AG0199', 'Kim Thạch Bích Nga', NULL, 3, 3, 16, 2, '362387722', '1992-03-01', '2017-08-07', NULL, '2018-03-13 07:54:37', NULL),
(786, 806, 'C8L', 'C8L15018', 'Nguyễn Thanh Tùng', NULL, 3, 4, 9, 1, '341144796', '1983-03-08', '2015-02-04', NULL, '2018-03-13 07:54:37', NULL),
(787, 807, 'C8L', 'C8L15111', 'Nguyễn Quốc Bảo', NULL, 3, 4, 16, 1, '361967025', '1983-12-11', '2015-12-24', NULL, '2018-03-13 07:54:37', NULL),
(788, 808, 'C8L', 'C8L16053', 'Phan Hồng Ngân', NULL, 3, 4, 16, 2, '362129504', '1987-08-11', '2016-05-09', NULL, '2018-03-13 07:54:37', NULL),
(789, 809, 'D2D', 'D2DH0386', 'Trương Dư Ân', NULL, 5, 1, 16, 1, '191725410', '1991-01-04', '2018-04-02', NULL, '2018-03-13 07:54:37', NULL),
(790, 810, 'D2D', 'D2D06017', 'Nguyễn Trương Huỳnh Anh', NULL, 5, 1, 16, 1, '201805930', '1984-06-13', '2006-09-01', NULL, '2018-03-13 07:54:37', NULL),
(791, 811, 'D2D', 'D2D07018', 'Lưu Văn Minh', NULL, 5, 1, 9, 1, '201468707', '1983-01-19', '2007-11-01', NULL, '2018-03-13 07:54:37', NULL),
(792, 812, 'D2D', 'D2D11035', 'Nguyễn Thị Thu Trang', NULL, 5, 1, 16, 2, '80447538', '1986-11-23', '2011-10-24', NULL, '2018-03-13 07:54:37', NULL),
(793, 813, 'D2D', 'D2D14052', 'Lê Vĩnh Bảo', NULL, 5, 1, 10, 1, '201529827', '1986-05-11', '2014-10-06', NULL, '2018-03-13 07:54:37', NULL),
(794, 814, 'D2D', 'D2D16009', 'Dương Tôn Duệ', NULL, 5, 1, 16, 1, '201561195', '1988-08-22', '2016-01-04', NULL, '2018-03-13 07:54:37', NULL),
(795, 815, 'D2D', 'D2D16075', 'Lê Na', NULL, 5, 1, 15, 2, '201560641', '1988-03-31', '2016-06-01', NULL, '2018-03-13 07:54:37', NULL),
(796, 816, 'D2D', 'D2D16148', 'Phạm Hoàn Vĩnh Nghinh', NULL, 5, 1, 16, 1, '201615345', '1991-05-29', '2016-10-03', NULL, '2018-03-13 07:54:37', NULL),
(797, 817, 'D2D', 'D2DG0200', 'Phan Thị Bích Trâm', NULL, 5, 1, 15, 2, '201591928', '1991-05-24', '2017-08-08', NULL, '2018-03-13 07:54:37', NULL),
(798, 818, 'D2D', 'D2DG0227', 'Trương Quang Trung', NULL, 5, 1, 16, 1, '201593775', '1991-05-16', '2017-09-05', NULL, '2018-03-13 07:54:37', NULL),
(799, 819, 'D2D', 'D2DG0258', 'Nguyễn Phạm Thục Trinh', NULL, 5, 1, 16, 2, '201684373', '1994-09-29', '2017-09-25', NULL, '2018-03-13 07:54:37', NULL),
(800, 820, 'D2D', 'D2DH0066', 'Đặng Thanh Hải', NULL, 5, 1, 16, 1, '194399030', '1991-08-29', '2018-01-25', NULL, '2018-03-13 07:54:37', NULL),
(801, 821, 'D2K', 'D2K08018', 'Nguyễn Ngọc Linh', NULL, 5, 1, 8, 1, '201511682', '1985-01-01', '2008-08-01', NULL, '2018-03-13 07:54:37', NULL),
(802, 822, 'D2K', 'D2K15086', 'Nguyễn Thị Vy', NULL, 5, 1, 10, 2, '205233094', '1987-02-20', '2015-09-01', NULL, '2018-03-13 07:54:37', NULL),
(803, 823, 'D2K', 'D2K16074', 'Nguyễn Công Châu', NULL, 5, 1, 10, 1, '201553650', '1989-04-15', '2016-06-06', NULL, '2018-03-13 07:54:37', NULL),
(804, 824, 'D2K', 'D2KG0129', 'Nguyễn Hoàng Hòa', NULL, 5, 1, 10, 1, '187359252', '1994-03-16', '2017-07-03', NULL, '2018-03-13 07:54:37', NULL),
(805, 825, 'D2K', 'D2KG0222', 'Nguyễn Thị Nam Phương', NULL, 5, 1, 10, 2, '205442924', '1991-08-15', '2017-09-01', NULL, '2018-03-13 07:54:37', NULL),
(806, 826, 'D2N', 'D2N03001', 'Hồ Thái Phong', NULL, 5, 1, 7, 1, '24554593', '1979-06-15', '2003-04-01', NULL, '2018-03-13 07:54:37', NULL),
(807, 827, 'D2N', 'D2N08024', 'Lê Thị Thủy', NULL, 5, 1, 10, 2, '201479146', '1984-09-28', '2008-10-01', NULL, '2018-03-13 07:54:37', NULL),
(808, 828, 'D2N', 'D2N08025', 'Phạm Phú Quý', NULL, 5, 1, 9, 1, '205188071', '1984-02-15', '2008-10-01', NULL, '2018-03-13 07:54:37', NULL),
(809, 829, 'D2N', 'D2N12025', 'Phan Quốc Din', NULL, 5, 1, 10, 1, '183711579', '1989-10-28', '2012-08-01', NULL, '2018-03-13 07:54:37', NULL),
(810, 830, 'D2N', 'D2N13014', 'Trương Đình Vũ', NULL, 5, 1, 10, 1, '230715861', '1989-06-23', '2013-05-02', NULL, '2018-03-13 07:54:37', NULL),
(811, 831, 'D2N', 'D2N14046', 'Bùi Thị Thanh Lan', NULL, 5, 1, 15, 2, '205459021', '1990-10-09', '2014-09-15', NULL, '2018-03-13 07:54:37', NULL),
(812, 832, 'D2N', 'D2N16008', 'Trần Thị Hoàng Nhi', NULL, 5, 1, 13, 2, '201628215', '1991-10-12', '2016-01-04', NULL, '2018-03-13 07:54:37', NULL),
(813, 833, 'D2N', 'D2NG0228', 'Đặng Thị Ngọc Hạnh', NULL, 5, 1, 15, 2, '201655890', '1993-01-25', '2017-09-05', NULL, '2018-03-13 07:54:37', NULL),
(814, 834, 'D2N', 'D2NH0282', 'Tạ Quang Hiếu', NULL, 5, 1, 13, 1, '201668358', '1993-02-23', '2018-02-23', NULL, '2018-03-13 07:54:37', NULL),
(815, 835, 'D2N', 'D2NH0292', 'Võ Thành Một', NULL, 5, 1, 10, 1, '205565951', '1991-03-13', '2018-03-12', NULL, '2018-03-13 07:54:37', NULL),
(816, 836, 'D2Z', 'D2Z12033', 'Tôn Thất Minh Quân', NULL, 5, 1, 5, 1, '191492742', '1982-03-28', '2012-12-03', NULL, '2018-03-13 07:54:37', NULL),
(817, 837, 'D3M', 'D3M10002', 'Hồ Minh Đức', NULL, 5, 2, 9, 1, '201470387', '1983-06-27', '2010-01-15', NULL, '2018-03-13 07:54:37', NULL),
(818, 838, 'D3M', 'D3MG0033', 'Hoàng Văn Toàn', NULL, 5, 2, 14, 1, '187326332', '1993-07-09', '2017-02-10', NULL, '2018-03-13 07:54:37', NULL),
(819, 839, 'D3M', 'D3MG0064', 'Dương Ngọc Chinh', NULL, 5, 2, 11, 1, '201836778', '1988-08-02', '2017-04-01', NULL, '2018-03-13 07:54:37', NULL),
(820, 840, 'D3M', 'D3MG0198', 'Võ Hoàng Quang', NULL, 5, 2, 14, 1, '205813272', '1993-10-04', '2017-08-03', NULL, '2018-03-13 07:54:37', NULL),
(821, 841, 'D3P', 'D3P08027', 'Văn Thị Ngọc Hạnh', NULL, 5, 2, 9, 2, '201519006', '1985-04-08', '2008-10-01', NULL, '2018-03-13 07:54:37', NULL),
(822, 842, 'D3P', 'D3P13037', 'Trần Thị Thanh Thảo', NULL, 5, 2, 16, 2, '201619812', '1991-12-17', '2013-09-16', NULL, '2018-03-13 07:54:37', NULL),
(823, 843, 'D3P', 'D3P16156', 'Lê Mỹ Thanh', NULL, 5, 2, 16, 2, '201610389', '1990-06-03', '2016-10-17', NULL, '2018-03-13 07:54:37', NULL),
(824, 844, 'D3Q', 'D3Q02004', 'Huỳnh Quý Hùng', NULL, 5, 2, 9, 1, '201302874', '1973-11-18', '2002-08-01', NULL, '2018-03-13 07:54:37', NULL),
(825, 845, 'D3Q', 'D3QG0223', 'Lê Duy Hòa', NULL, 5, 2, 11, 1, '197212345', '1987-06-09', '2017-09-01', NULL, '2018-03-13 07:54:37', NULL),
(826, 846, 'D3S', 'D3SH0387', 'Nguyễn Lê Mai Thảo', NULL, 5, 2, 16, 2, '191789420', '1993-02-24', '2018-04-02', NULL, '2018-03-13 07:54:37', NULL),
(827, 847, 'D3S', 'D3SH0388', 'Nguyễn Phúc Hưng', NULL, 5, 2, 11, 1, '191709025', '1989-03-15', '2018-04-03', NULL, '2018-03-13 07:54:37', NULL),
(828, 848, 'D3S', 'D3S02002', 'Nguyễn Lê Bảo Huân', NULL, 5, 2, 7, 1, '201430087', '1979-05-20', '2002-01-01', NULL, '2018-03-13 07:54:37', NULL),
(829, 849, 'D3S', 'D3S06020', 'Võ Thanh Dũng', NULL, 5, 2, 9, 1, '201787722', '1983-12-08', '2006-10-01', NULL, '2018-03-13 07:54:37', NULL),
(830, 850, 'D3S', 'D3S08012', 'Lê Văn Quảng', NULL, 5, 2, 11, 1, '201442530', '1981-01-04', '2008-03-01', NULL, '2018-03-13 07:54:37', NULL),
(831, 851, 'D3S', 'D3S08026', 'Võ Anh Dũng', NULL, 5, 2, 11, 1, '205269166', '1985-10-04', '2008-10-01', NULL, '2018-03-13 07:54:37', NULL),
(832, 852, 'D3S', 'D3S09028', 'Phan Văn Huệ', NULL, 5, 2, 11, 1, '205264280', '1987-03-10', '2009-08-01', NULL, '2018-03-13 07:54:37', NULL),
(833, 853, 'D3S', 'D3S13031', 'Trần Anh Khoa', NULL, 5, 2, 11, 1, '201593092', '1990-10-11', '2013-08-01', NULL, '2018-03-13 07:54:37', NULL),
(834, 854, 'D3S', 'D3S14001', 'Đặng Thị Ngọc Hiệp', NULL, 5, 2, 16, 2, '201635155', '1991-10-18', '2014-01-06', NULL, '2018-03-13 07:54:37', NULL),
(835, 855, 'D3S', 'D3S14017', 'Phan Quốc Cường', NULL, 5, 2, 11, 1, '201553100', '1988-02-27', '2014-04-01', NULL, '2018-03-13 07:54:37', NULL),
(836, 856, 'D3S', 'D3S14055', 'Nguyễn Hoàng Triêu', NULL, 5, 2, 11, 1, '201637905', '1991-10-02', '2014-10-20', NULL, '2018-03-13 07:54:37', NULL),
(837, 857, 'D3S', 'D3S15047', 'Nguyễn Văn Thành', NULL, 5, 2, 11, 1, '201612414', '1990-02-01', '2015-06-01', NULL, '2018-03-13 07:54:37', NULL),
(838, 858, 'D3S', 'D3S15048', 'Tạ Bảo Long', NULL, 5, 2, 11, 1, '201597064', '1991-10-26', '2015-06-01', NULL, '2018-03-13 07:54:37', NULL),
(839, 859, 'D3S', 'D3S15049', 'Lê Thị Sâm', NULL, 5, 2, 16, 2, '205497435', '1990-11-14', '2015-06-01', NULL, '2018-03-13 07:54:37', NULL),
(840, 860, 'D3S', 'D3S16029', 'Trần Đức Hoàng Trung', NULL, 5, 2, 11, 1, '201637506', '1991-09-17', '2016-04-01', NULL, '2018-03-13 07:54:37', NULL),
(841, 861, 'D3S', 'D3S16054', 'Phạm Văn Lanh', NULL, 5, 2, 14, 1, '205720617', '1994-10-01', '2016-05-09', NULL, '2018-03-13 07:54:37', NULL),
(842, 862, 'D3S', 'D3SG0188', 'Huỳnh Ngọc Thiện', NULL, 5, 2, 14, 1, '215204688', '1993-05-01', '2017-08-01', NULL, '2018-03-13 07:54:37', NULL),
(843, 863, 'D3S', 'D3SH0275', 'Huỳnh Thanh Tùng', NULL, 5, 2, 11, 1, '205490784', '1992-04-16', '2018-02-22', NULL, '2018-03-13 07:54:37', NULL),
(844, 864, 'D3S', 'D3SH0341', 'Hoàng Thế Vinh', NULL, 5, 2, 14, 1, '192167220', '1995-07-05', '2018-03-26', NULL, '2018-03-13 07:54:37', NULL),
(845, 865, 'D4T', 'D4T06021', 'Nguyễn Văn Giáo', NULL, 5, 5, 9, 1, '201788024', '1984-02-01', '2006-10-01', NULL, '2018-03-13 07:54:37', NULL),
(846, 866, 'D4T', 'D4T16123', 'Đinh Tấn Đạt', NULL, 5, 5, 11, 1, '212759682', '1993-06-20', '2016-09-01', NULL, '2018-03-13 07:54:37', NULL),
(847, 867, 'D7A', 'D7A06018', 'Ngô Tấn Việt', NULL, 5, 3, 16, 1, '200268203', '1964-01-04', '2006-09-01', NULL, '2018-03-13 07:54:37', NULL),
(848, 868, 'D7A', 'D7A06019', 'Nguyễn Thị Hồng Lý', NULL, 5, 3, 7, 2, '201390514', '1978-07-12', '2006-09-01', NULL, '2018-03-13 07:54:37', NULL),
(849, 869, 'D7A', 'D7A07017', 'Nguyễn Ngọc Nguyên Vy', NULL, 5, 3, 16, 2, '201471570', '1983-06-13', '2007-10-01', NULL, '2018-03-13 07:54:37', NULL),
(850, 870, 'D7A', 'D7A08015', 'Nguyễn Thị Bình', NULL, 5, 3, 16, 2, '201463140', '1983-08-15', '2008-05-01', NULL, '2018-03-13 07:54:37', NULL),
(851, 871, 'D7A', 'D7A10025', 'Nguyễn Ngọc Diệu My', NULL, 5, 3, 16, 2, '201555480', '1987-11-01', '2010-08-10', NULL, '2018-03-13 07:54:37', NULL),
(852, 872, 'D7A', 'D7AH0291', 'Nguyễn Hà Thanh', NULL, 5, 3, 16, 2, '201658878', '1994-01-16', '2018-03-09', NULL, '2018-03-13 07:54:37', NULL),
(853, 873, 'D8L', 'D8L08011', 'Trần Thị Thanh Khuyên', NULL, 5, 4, 8, 2, '201484978', '1983-10-11', '2008-03-01', NULL, '2018-03-13 07:54:37', NULL),
(854, 874, 'D8L', 'D8L09017', 'Bùi Vĩnh Phát', NULL, 5, 4, 16, 1, '201523426', '1986-04-25', '2009-06-01', NULL, '2018-03-13 07:54:37', NULL),
(855, 875, 'D8L', 'D8L11005', 'Bùi Vĩnh Khương', NULL, 5, 4, 16, 1, '201356457', '1977-01-11', '2011-01-01', NULL, '2018-03-13 07:54:37', NULL),
(856, 876, 'D8L', 'D8L11014', 'Ngô Tấn Hùng', NULL, 5, 4, 16, 1, '201269278', '1975-03-29', '2011-03-12', NULL, '2018-03-13 07:54:37', NULL),
(857, 877, 'D8L', 'D8L11033', 'Hà Đức Long', NULL, 5, 4, 16, 1, '201585474', '1990-05-27', '2011-09-01', NULL, '2018-03-13 07:54:37', NULL),
(858, 878, 'D8L', 'D8L14025', 'Đỗ Kiều Ngân', NULL, 5, 4, 16, 2, '201607863', '1990-11-23', '2014-05-20', NULL, '2018-03-13 07:54:37', NULL),
(859, 879, 'D8L', 'D8L16042', 'Phạm Ngọc Hồng', NULL, 5, 4, 16, 2, '201493920', '1984-08-24', '2016-05-03', NULL, '2018-03-13 07:54:37', NULL),
(860, 880, 'D8L', 'D8LG0100', 'Nguyễn Thị Hoàng Yến', NULL, 5, 4, 16, 2, '201682649', '1993-04-02', '2017-05-10', NULL, '2018-03-13 07:54:37', NULL),
(861, 881, 'D9I', 'D9I12018', 'Hoàng Thế Hạnh', NULL, 5, 6, 16, 1, '201509923', '1984-01-08', '2012-06-04', NULL, '2018-03-13 07:54:37', NULL),
(862, 882, 'DAV', 'DAV16096', 'Yuichi Kitada', NULL, 6, 7, 2, 1, 'TZ0823008', '1981-07-22', '2016-07-07', NULL, '2018-03-13 07:54:37', NULL),
(863, 883, 'DAV', 'DAV95001', 'Lý Thị Phương Trang', NULL, 6, 7, 1, 2, '20668908', '1963-11-24', '1995-03-01', NULL, '2018-03-13 07:54:37', NULL),
(864, 884, 'DAV', 'DAVG0062', 'Ogami Noriyoshi', NULL, 6, 7, 2, 1, 'TZ1280290', '1964-06-16', '2017-03-08', NULL, '2018-03-13 07:54:37', NULL),
(865, 885, 'DAV', 'DAVG0256', 'Mushiake Shunichi', NULL, 7, 7, 2, 1, 'TR5998866', '1964-07-22', '2017-09-01', NULL, '2018-03-13 07:54:37', NULL),
(866, 886, 'F3P', 'F3P09030', 'Ngô Nguyệt Hằng', NULL, 8, 2, 16, 2, '12373668', '1984-09-10', '2009-08-03', NULL, '2018-03-13 07:54:37', NULL),
(867, 887, 'F3P', 'F3PG0078', 'Nguyễn Thị Hải Ninh', NULL, 8, 2, 16, 2, '101178722', '1993-01-18', '2017-04-17', NULL, '2018-03-13 07:54:37', NULL),
(868, 888, 'F3S', 'F3S13002', 'Nguyễn Đức Long', NULL, 8, 2, 9, 1, '13335846', '1973-04-19', '2013-01-02', NULL, '2018-03-13 07:54:37', NULL),
(869, 889, 'F3S', 'F3S13003', 'Nguyễn Văn Việt', NULL, 8, 2, 11, 1, '12887931', '1989-03-01', '2013-01-25', NULL, '2018-03-13 07:54:37', NULL),
(870, 890, 'F3S', 'F3S13024', 'Phan Phú Quang', NULL, 8, 2, 9, 1, '142580056', '1990-09-16', '2013-07-10', NULL, '2018-03-13 07:54:37', NULL),
(871, 891, 'F3S', 'F3S15022', 'Đặng Trần Tùng', NULL, 8, 2, 14, 1, '12805848', '1973-11-12', '2015-03-02', NULL, '2018-03-13 07:54:37', NULL),
(872, 892, 'F3S', 'F3S15073', 'Nguyễn Quyết', NULL, 8, 2, 11, 1, '17037100', '1991-12-20', '2015-08-01', NULL, '2018-03-13 07:54:37', NULL),
(873, 893, 'F3S', 'F3S15093', 'Phạm Văn Thành', NULL, 8, 2, 11, 1, '163194134', '1992-08-01', '2015-10-01', NULL, '2018-03-13 07:54:37', NULL),
(874, 894, 'F3S', 'F3S15099', 'Hoàng Văn Chương', NULL, 8, 2, 11, 1, '63377527', '1993-10-03', '2015-11-01', NULL, '2018-03-13 07:54:37', NULL),
(875, 895, 'F3S', 'F3S16006', 'Nguyễn Hồng Tuấn', NULL, 8, 2, 11, 1, '112359707', '1989-07-24', '2016-01-04', NULL, '2018-03-13 07:54:37', NULL),
(876, 896, 'F3S', 'F3S16022', 'Nguyễn Trương Viễn', NULL, 8, 2, 11, 1, '132197770', '1992-05-20', '2016-03-21', NULL, '2018-03-13 07:54:37', NULL),
(877, 897, 'F3S', 'F3S16135', 'Lương Văn Định', NULL, 8, 2, 14, 1, '172767936', '1987-09-10', '2016-09-12', NULL, '2018-03-13 07:54:37', NULL),
(878, 898, 'F3S', 'F3SG0067', 'Lê Viết Hiến', NULL, 8, 2, 11, 1, '13383584', '1994-11-09', '2017-04-01', NULL, '2018-03-13 07:54:37', NULL),
(879, 899, 'F3S', 'F3SG0329', 'Nguyễn Văn Khiết', NULL, 8, 2, 11, 1, '125592517', '1995-01-19', '2017-11-15', NULL, '2018-03-13 07:54:37', NULL),
(880, 900, 'F3S', 'F3SG0330', 'Đỗ Văn Chiến', NULL, 8, 2, 11, 1, '31839438', '1995-07-03', '2017-11-15', NULL, '2018-03-13 07:54:37', NULL),
(881, 901, 'F3S', 'F3SG0331', 'Nguyễn Văn Tuấn', NULL, 8, 2, 11, 1, '163301660', '1995-10-25', '2017-11-15', NULL, '2018-03-13 07:54:37', NULL),
(882, 902, 'F3S', 'F3SG0412', 'Vũ Đức Lợi', NULL, 8, 2, 16, 1, '162894188', '1986-04-10', '2017-12-06', NULL, '2018-03-13 07:54:37', NULL),
(883, 903, 'F3S', 'F3SH0006', 'Nguyễn Duy Nam', NULL, 8, 2, 11, 1, '13186546', '1990-05-30', '2018-01-02', NULL, '2018-03-13 07:54:37', NULL),
(884, 904, 'F3S', 'F3SH0285', 'Hoàng Thị Hồng Hạnh', NULL, 8, 2, 16, 2, '113748011', '1995-07-14', '2018-03-01', NULL, '2018-03-13 07:54:37', NULL),
(885, 905, 'G2D', 'G2DH0002', 'Ngô Văn Sơn', NULL, 4, 1, 16, 1, '215241282', '1992-08-28', '2018-01-02', NULL, '2018-03-13 07:54:37', NULL),
(886, 906, 'G2D', 'G2DH0008', 'Huỳnh Công Tài', NULL, 4, 1, 9, 1, '351481422', '1978-02-10', '2018-01-08', NULL, '2018-03-13 07:54:37', NULL),
(887, 907, 'G3S', 'G3SH0293', 'Ông Thị Tiết Mỹ', NULL, 4, 2, 16, 2, '365973070', '1994-04-06', '2018-03-12', NULL, '2018-03-13 07:54:37', NULL),
(888, 908, 'H2D', 'H2D01002', 'Nguyễn Thu Hồng', NULL, 7, 1, 6, 2, '131345882', '1977-10-26', '2001-05-26', NULL, '2018-03-13 07:54:37', NULL),
(889, 909, 'H2D', 'H2D08019', 'Nguyễn Thị Thuận ', NULL, 7, 1, 9, 2, '172642783', '1986-03-26', '2008-08-14', NULL, '2018-03-13 07:54:37', NULL),
(890, 910, 'H2D', 'H2D11039', 'Hà Tuấn Huy', NULL, 7, 1, 10, 1, '121824788', '1988-06-02', '2011-11-07', NULL, '2018-03-13 07:54:37', NULL),
(891, 911, 'H2D', 'H2D12026', 'Vũ Tuấn Anh', NULL, 7, 1, 10, 1, '131509723', '1985-10-13', '2012-08-06', NULL, '2018-03-13 07:54:37', NULL),
(892, 912, 'H2D', 'H2D13019', 'Trần Thị Tuyết Anh', NULL, 7, 1, 16, 2, '31396643', '1987-09-20', '2013-05-02', NULL, '2018-03-13 07:54:37', NULL),
(893, 913, 'H2D', 'H2D14041', 'Đặng Trần Thuần', NULL, 7, 1, 10, 1, '112497431', '1991-01-20', '2014-09-01', NULL, '2018-03-13 07:54:37', NULL),
(894, 914, 'H2D', 'H2D15095', 'Lý Tuấn Linh', NULL, 7, 1, 15, 1, '151914447', '1990-10-27', '2015-10-01', NULL, '2018-03-13 07:54:37', NULL),
(895, 915, 'H2D', 'H2D16181', 'Trần Mai Anh', NULL, 7, 1, 15, 2, '1194006727', '1994-06-09', '2016-12-19', NULL, '2018-03-13 07:54:37', NULL),
(896, 916, 'H2D', 'H2DG0037', 'Phạm Thị Phương Thảo', NULL, 7, 1, 15, 2, '142479287', '1991-07-13', '2017-02-20', NULL, '2018-03-13 07:54:37', NULL),
(897, 917, 'H2D', 'H2DG0275', 'Hà Thị Thu Hường', NULL, 7, 1, 15, 2, '1195003740', '1995-03-12', '2017-10-04', NULL, '2018-03-13 07:54:37', NULL),
(898, 918, 'H2D', 'H2DG0276', 'Trần Vương Cường', NULL, 7, 1, 16, 1, '31198436', '1981-05-22', '2017-10-09', NULL, '2018-03-13 07:54:37', NULL),
(899, 919, 'H2D', 'H2DG0277', 'Hoàng Mai Linh', NULL, 7, 1, 15, 2, '168558162', '1995-10-02', '2017-10-09', NULL, '2018-03-13 07:54:37', NULL),
(900, 920, 'H2D', 'H2DH0003', 'Nguyễn Anh Dũng', NULL, 7, 1, 16, 1, '1081001102', '1981-11-30', '2018-01-02', NULL, '2018-03-13 07:54:37', NULL),
(901, 921, 'H2D', 'H2DH0276', 'Lê Đăng Anh', NULL, 7, 1, 10, 1, '38086000084', '1986-11-04', '2018-02-22', NULL, '2018-03-13 07:54:37', NULL),
(902, 922, 'H2E', 'H2E03004', 'Vương Chí Hùng', NULL, 7, 1, 10, 1, '11976746', '1979-06-01', '2003-06-01', NULL, '2018-03-13 07:54:37', NULL),
(903, 923, 'H2E', 'H2E09029', 'Nguyễn Thị Chung', NULL, 7, 1, 16, 2, '12430275', '1986-01-29', '2009-08-03', NULL, '2018-03-13 07:54:37', NULL),
(904, 924, 'H2E', 'H2E10042', 'Phạm Văn Linh', NULL, 7, 1, 8, 1, '11838197', '1978-10-12', '2010-12-01', NULL, '2018-03-13 07:54:37', NULL),
(905, 925, 'H2E', 'H2E14042', 'Nguyễn Chí Trung', NULL, 7, 1, 16, 1, '12905615', '1990-07-31', '2014-09-01', NULL, '2018-03-13 07:54:37', NULL),
(906, 926, 'H2E', 'H2E16083', 'Dương Hoàng Tùng', NULL, 7, 1, 16, 1, '12395777', '1987-06-27', '2016-06-20', NULL, '2018-03-13 07:54:37', NULL),
(907, 927, 'H2E', 'H2E16132', 'Phạm Hồng Hải', NULL, 7, 1, 16, 1, '12712017', '1990-06-28', '2016-09-05', NULL, '2018-03-13 07:54:37', NULL),
(908, 928, 'H2E', 'H2EG0265', 'Nguyễn Quốc Thắng', NULL, 7, 1, 16, 1, '112244570', '1988-07-09', '2017-10-02', NULL, '2018-03-13 07:54:37', NULL),
(909, 929, 'H2E', 'H2EG0278', 'Trịnh Bảo Khánh', NULL, 7, 1, 16, 1, '12882457', '1991-10-02', '2017-10-09', NULL, '2018-03-13 07:54:37', NULL),
(910, 930, 'H2E', 'H2EH0063', 'Lê Văn Phú', NULL, 7, 1, 16, 1, '31089002247', '1989-10-27', '2018-01-22', NULL, '2018-03-13 07:54:37', NULL),
(911, 931, 'H2H', 'H2H10015', 'Phạm Duy Phong', NULL, 7, 1, 9, 1, '100662210', '1979-06-01', '2010-06-01', NULL, '2018-03-13 07:54:37', NULL),
(912, 932, 'H2H', 'H2HG0174', 'Đoàn Văn Đức', NULL, 7, 1, 16, 1, '27093000086', '1993-10-23', '2017-07-20', NULL, '2018-03-13 07:54:37', NULL),
(913, 933, 'H2H', 'H2HG0189', 'Lưu Tuấn Quang', NULL, 7, 1, 16, 1, '187215838', '1993-10-11', '2017-08-02', NULL, '2018-03-13 07:54:37', NULL),
(914, 934, 'H2H', 'H2HG0321', 'Phạm Tiến Thành', NULL, 7, 1, 16, 1, '22088000449', '1988-08-09', '2017-11-06', NULL, '2018-03-13 07:54:37', NULL),
(915, 935, 'H2H', 'H2HG0411', 'Đỗ Thị Bích Nguyệt', NULL, 7, 1, 15, 2, '12933853', '1992-01-13', '2017-12-06', NULL, '2018-03-13 07:54:37', NULL),
(916, 936, 'H2H', 'H2HG0413', 'Nguyễn Văn Đức', NULL, 7, 1, 10, 1, '101024129', '1989-08-12', '2017-12-15', NULL, '2018-03-13 07:54:37', NULL),
(917, 937, 'H2J', 'H2J16142', 'Đặng Thanh Sơn', NULL, 7, 1, 16, 1, '12448015', '1987-10-10', '2016-10-01', NULL, '2018-03-13 07:54:37', NULL),
(918, 938, 'H2J', 'H2J16144', 'Nguyễn Thị Lan Anh', NULL, 7, 1, 16, 2, '91769285', '1994-11-29', '2016-10-01', NULL, '2018-03-13 07:54:37', NULL),
(919, 939, 'H2K', 'H2K00001', 'Nguyễn Đức Hoàng', NULL, 7, 1, 7, 1, '11806444', '1977-08-21', '2000-09-29', NULL, '2018-03-13 07:54:37', NULL),
(920, 940, 'H2K', 'H2K03005', 'Nguyễn Văn Toản', NULL, 7, 1, 10, 1, '125221952', '1979-01-02', '2003-06-25', NULL, '2018-03-13 07:54:37', NULL),
(921, 941, 'H2K', 'H2K07005', 'Phạm Văn Tiến', NULL, 7, 1, 10, 1, '162492836', '1982-12-04', '2007-03-12', NULL, '2018-03-13 07:54:37', NULL),
(922, 942, 'H2K', 'H2K08003', 'Lê Văn Cường', NULL, 7, 1, 9, 1, '145160608', '1984-10-20', '2008-02-01', NULL, '2018-03-13 07:54:37', NULL),
(923, 943, 'H2K', 'H2K13013', 'Nguyễn Thủy Vân Anh', NULL, 7, 1, 10, 2, '13215708', '1977-04-28', '2013-05-02', NULL, '2018-03-13 07:54:37', NULL),
(924, 944, 'H2K', 'H2K14037', 'Trần Anh Đức', NULL, 7, 1, 10, 1, '12181682', '1983-04-08', '2014-08-01', NULL, '2018-03-13 07:54:37', NULL),
(925, 945, 'H2K', 'H2K16027', 'Trần Văn Thọ', NULL, 7, 1, 10, 1, '31825592', '1993-08-03', '2016-04-01', NULL, '2018-03-13 07:54:37', NULL),
(926, 946, 'H2K', 'H2K16082', 'Hoàng Thế Chiến', NULL, 7, 1, 10, 1, '145566240', '1993-11-24', '2016-06-15', NULL, '2018-03-13 07:54:37', NULL),
(927, 947, 'H2K', 'H2K16093', 'Nguyễn Tự Phòng', NULL, 7, 1, 10, 1, '135653738', '1993-12-19', '2016-07-04', NULL, '2018-03-13 07:54:37', NULL),
(928, 948, 'H2K', 'H2K16141', 'Nguyễn Thị Dung', NULL, 7, 1, 13, 2, '162562556', '1983-10-20', '2016-10-01', NULL, '2018-03-13 07:54:37', NULL),
(929, 949, 'H2K', 'H2K16159', 'Nguyễn Hà Phương', NULL, 7, 1, 15, 2, '13001134', '1993-06-24', '2016-10-21', NULL, '2018-03-13 07:54:37', NULL),
(930, 950, 'H2K', 'H2KG0094', 'Đỗ Tất Thắng', NULL, 7, 1, 10, 1, '37086000047', '1986-01-03', '2017-05-15', NULL, '2018-03-13 07:54:37', NULL),
(931, 951, 'H2K', 'H2KG0133', 'Trần Quang Đức', NULL, 7, 1, 10, 1, '1086000223', '1986-01-31', '2017-07-03', NULL, '2018-03-13 07:54:37', NULL),
(932, 952, 'H2K', 'H2KH0005', 'Phạm Văn Thắng', NULL, 7, 1, 10, 1, '125604109', '1993-02-16', '2018-01-02', NULL, '2018-03-13 07:54:37', NULL),
(933, 953, 'H2K', 'H2KH0009', 'Nguyễn Thị Dung', NULL, 7, 1, 10, 2, '151791095', '1989-02-15', '2018-01-08', NULL, '2018-03-13 07:54:37', NULL),
(934, 954, 'H2M', 'H2M10004', 'Nguyễn Tuấn Dũng', NULL, 7, 1, 9, 1, '11852722', '1979-11-26', '2010-02-22', NULL, '2018-03-13 07:54:37', NULL),
(935, 955, 'H2M', 'H2MH0004', 'Nguyễn Mạnh Phúc', NULL, 7, 1, 16, 1, '31095002897', '1995-05-02', '2018-01-02', NULL, '2018-03-13 07:54:37', NULL),
(936, 956, 'H2M', 'H2MH0389', 'Bùi Văn Cường', NULL, 7, 1, 16, 1, '36090002420', '1990-10-15', '2018-04-03', NULL, '2018-03-13 07:54:37', NULL),
(937, 957, 'H2N', 'H2N05002', 'Nguyễn Việt Dũng', NULL, 7, 1, 8, 1, '164102178', '1982-08-26', '2005-02-16', NULL, '2018-03-13 07:54:37', NULL),
(938, 958, 'H2N', 'H2N06003', 'Nguyễn Thị Thu Hằng', NULL, 7, 1, 8, 2, '162379318', '1983-02-15', '2006-01-17', NULL, '2018-03-13 07:54:37', NULL),
(939, 959, 'H2N', 'H2N06007', 'Nguyễn Phúc Cường', NULL, 7, 1, 9, 1, '12114085', '1983-01-07', '2006-02-16', NULL, '2018-03-13 07:54:37', NULL),
(940, 960, 'H2N', 'H2N10014', 'Phạm Thị Lựu', NULL, 7, 1, 10, 2, '11990241', '1975-06-09', '2010-06-01', NULL, '2018-03-13 07:54:37', NULL),
(941, 961, 'H2N', 'H2N10016', 'Nguyễn Hải Nam', NULL, 7, 1, 10, 1, '50381338', '1980-09-12', '2010-06-01', NULL, '2018-03-13 07:54:37', NULL),
(942, 962, 'H2N', 'H2N13012', 'Nguyễn Thạc Cường', NULL, 7, 1, 10, 1, '12255849', '1983-07-03', '2013-05-02', NULL, '2018-03-13 07:54:37', NULL),
(943, 963, 'H2N', 'H2N13034', 'Ngô Hoài Thu', NULL, 7, 1, 10, 2, '12159254', '1982-03-19', '2013-08-15', NULL, '2018-03-13 07:54:37', NULL),
(944, 964, 'H2N', 'H2N14003', 'Nguyễn Ngọc Bích', NULL, 7, 1, 15, 2, '112401966', '1989-07-08', '2014-02-10', NULL, '2018-03-13 07:54:37', NULL),
(945, 965, 'H2N', 'H2N15051', 'Lê Quang Dũng', NULL, 7, 1, 10, 1, '1086000979', '1986-07-15', '2015-06-15', NULL, '2018-03-13 07:54:37', NULL),
(946, 966, 'H2N', 'H2N15087', 'Nguyễn Quang Huy', NULL, 7, 1, 10, 1, '12959591', '1992-10-10', '2015-09-03', NULL, '2018-03-13 07:54:37', NULL),
(947, 967, 'H2N', 'H2N16060', 'Lê Hồng Anh', NULL, 7, 1, 15, 2, '1191000256', '1991-09-14', '2016-05-17', NULL, '2018-03-13 07:54:37', NULL),
(948, 968, 'H2N', 'H2N16111', 'Vũ Hiệp', NULL, 7, 1, 10, 1, '1087004454', '1987-07-13', '2016-08-15', NULL, '2018-03-13 07:54:37', NULL),
(949, 969, 'H2N', 'H2N16136', 'Takuya Kurosawa', NULL, 7, 1, 16, 1, 'TK7600849', '1988-03-17', '2016-09-12', NULL, '2018-03-13 07:54:37', NULL),
(950, 970, 'H2N', 'H2N16182', 'Nguyễn Thu Trang', NULL, 7, 1, 15, 2, '174550772', '1994-08-10', '2016-12-26', NULL, '2018-03-13 07:54:37', NULL),
(951, 971, 'H2N', 'H2NG0096', 'Nguyễn Trường Quân', NULL, 7, 1, 10, 1, '1086001890', '1986-05-04', '2017-05-08', NULL, '2018-03-13 07:54:37', NULL),
(952, 972, 'H2N', 'H2NG0109', 'Trần Quang Tiến', NULL, 7, 1, 10, 1, '12616473', '1987-11-13', '2017-05-22', NULL, '2018-03-13 07:54:37', NULL),
(953, 973, 'H2N', 'H2NG0125', 'Phạm Minh Tú', NULL, 7, 1, 10, 1, '12662160', '1987-05-28', '2017-07-01', NULL, '2018-03-13 07:54:37', NULL),
(954, 974, 'H2N', 'H2NH0390', 'Phạm Tất Hiếu', NULL, 7, 1, 10, 1, '162584093', '1986-05-31', '2018-04-02', NULL, '2018-03-13 07:54:37', NULL),
(955, 975, 'H2N', 'H2NH0286', 'Vũ Đại Nghĩa', NULL, 7, 1, 16, 1, '12279688', '1985-09-19', '2018-03-01', NULL, '2018-03-13 07:54:37', NULL),
(956, 976, 'H2Q', 'H2Q12007', 'Nguyễn Thị Thanh Hoa', NULL, 7, 1, 7, 2, '11940023', '1973-02-28', '2012-04-02', NULL, '2018-03-13 07:54:37', NULL),
(957, 977, 'H2Q', 'H2Q14038', 'Trần Huy Nam', NULL, 7, 1, 10, 1, '17047039', '1991-08-15', '2014-08-01', NULL, '2018-03-13 07:54:37', NULL),
(958, 978, 'H2Q', 'H2Q14050', 'Lương Tiến Thành', NULL, 7, 1, 10, 1, '1081001544', '1981-08-10', '2014-10-01', NULL, '2018-03-13 07:54:37', NULL),
(959, 979, 'H2Q', 'H2Q16138', 'Nguyễn Song Hào', NULL, 7, 1, 10, 1, '112105771', '1987-03-23', '2016-09-15', NULL, '2018-03-13 07:54:37', NULL),
(960, 980, 'H2Q', 'H2Q16143', 'Hồ Hải Nam', NULL, 7, 1, 13, 1, '187321619', '1993-05-05', '2016-10-01', NULL, '2018-03-13 07:54:37', NULL),
(961, 981, 'H2Q', 'H2QG0190', 'Nguyễn Đình Hòa', NULL, 7, 1, 9, 1, '194245508', '1984-01-20', '2017-08-01', NULL, '2018-03-13 07:54:37', NULL),
(962, 982, 'H2Q', 'H2QH0277', 'Phạm Thị Trang Nhung', NULL, 7, 1, 15, 2, '184175588', '1995-12-07', '2018-02-22', NULL, '2018-03-13 07:54:37', NULL),
(963, 983, 'H2S', 'H2S15039', 'Lê Tuấn Minh', NULL, 7, 1, 8, 1, '11784646', '1978-02-06', '2015-04-15', NULL, '2018-03-13 07:54:37', NULL),
(964, 984, 'H2S', 'H2S16137', 'Vũ Duy Khánh', NULL, 7, 1, 10, 1, '31739083', '1993-04-25', '2016-09-15', NULL, '2018-03-13 07:54:37', NULL),
(965, 985, 'H2Z', 'H2Z10013', 'Dương Mạnh Tiến', NULL, 7, 1, 4, 1, '11740090', '1975-06-20', '2010-06-01', NULL, '2018-03-13 07:54:37', NULL),
(966, 986, 'H2Z', 'H2Z15033', 'Hirohide Kinugawa', NULL, 7, 1, 3, 1, 'TZ1204138', '1966-11-26', '2015-03-02', NULL, '2018-03-13 07:54:37', NULL),
(967, 987, 'H3B', 'H3B16064', 'Kishi Yuta', NULL, 7, 2, 8, 1, 'TK5977488', '1987-12-24', '2016-06-01', NULL, '2018-03-13 07:54:37', NULL),
(968, 988, 'H3B', 'H3BG0320', 'Nguyễn Thị Oanh', NULL, 7, 2, 16, 2, '142675560', '1994-01-17', '2017-11-01', NULL, '2018-03-13 07:54:37', NULL),
(969, 989, 'H3C', 'H3C11032', 'Nguyễn Thị Thủy', NULL, 7, 2, 9, 2, '113219042', '1987-10-05', '2011-08-15', NULL, '2018-03-13 07:54:37', NULL),
(970, 990, 'H3C', 'H3C12012', 'Nguyễn Thị Lụa', NULL, 7, 2, 16, 2, '112420697HAN', '1989-08-20', '2012-04-09', NULL, '2018-03-13 07:54:37', NULL),
(971, 991, 'H3C', 'H3C16015', 'Dương Thùy Dung', NULL, 7, 2, 16, 2, '24964612', '1993-10-23', '2016-02-15', NULL, '2018-03-13 07:54:37', NULL),
(972, 992, 'H3C', 'H3CG0099', 'Nguyễn Tuyết Phương', NULL, 7, 2, 16, 2, '1192001914', '1992-11-20', '2017-05-03', NULL, '2018-03-13 07:54:37', NULL),
(973, 993, 'H3M', 'H3M10018', 'Hồ Nam Sơn', NULL, 7, 2, 9, 1, '186508526', '1987-02-06', '2010-06-01', NULL, '2018-03-13 07:54:37', NULL),
(974, 994, 'H3M', 'H3M11016', 'Nguyễn Minh Thông', NULL, 7, 2, 11, 1, '186477048', '1986-01-30', '2011-03-10', NULL, '2018-03-13 07:54:37', NULL),
(975, 995, 'H3M', 'H3M15071', 'Trịnh Văn Chiến', NULL, 7, 2, 14, 1, '1092002664', '1992-09-17', '2015-08-01', NULL, '2018-03-13 07:54:37', NULL),
(976, 996, 'H3M', 'H3M16044', 'Bùi Văn Tài', NULL, 7, 2, 11, 1, '113537194', '1991-04-06', '2016-05-03', NULL, '2018-03-13 07:54:37', NULL),
(977, 997, 'H3M', 'H3MG0139', 'Bùi Thị Ly Ly', NULL, 7, 2, 16, 2, '152107258', '1995-07-13', '2017-07-03', NULL, '2018-03-13 07:54:37', NULL),
(978, 998, 'H3M', 'H3MG0409', 'Đỗ Hoàng Long', NULL, 7, 2, 11, 1, '13151481', '1995-12-09', '2017-12-01', NULL, '2018-03-13 07:54:37', NULL),
(979, 999, 'H3P', 'H3P08014', 'Nguyễn Thị Ánh Linh', NULL, 7, 2, 16, 2, '12184563', '1982-03-20', '2008-03-01', NULL, '2018-03-13 07:54:37', NULL),
(980, 1000, 'H3P', 'H3P12001', 'An Thị Châm', NULL, 7, 2, 9, 2, '142154692', '1984-02-20', '2012-01-01', NULL, '2018-03-13 07:54:37', NULL),
(981, 1001, 'H3P', 'H3P14024', 'Tạ Thị Mỹ', NULL, 7, 2, 16, 2, '163055144', '1989-12-26', '2014-05-05', NULL, '2018-03-13 07:54:37', NULL),
(982, 1002, 'H3P', 'H3P16043', 'Nguyễn Thị Phương', NULL, 7, 2, 16, 2, '132065353', '1990-01-05', '2016-05-03', NULL, '2018-03-13 07:54:37', NULL),
(983, 1003, 'H3P', 'H3PG0201', 'Phạm Thanh Tùng', NULL, 7, 2, 16, 1, '1085007292', '1985-11-20', '2017-08-08', NULL, '2018-03-13 07:54:37', NULL),
(984, 1004, 'H3Q', 'H3Q07010', 'Nguyễn Văn Hào', NULL, 7, 2, 9, 1, '182539734', '1983-08-27', '2007-06-25', NULL, '2018-03-13 07:54:37', NULL),
(985, 1005, 'H3Q', 'H3Q10019', 'Thái Văn Thắng', NULL, 7, 2, 6, 1, '49072000001', '1972-11-10', '2010-06-01', NULL, '2018-03-13 07:54:37', NULL),
(986, 1006, 'H3Q', 'H3Q10037', 'Bùi Quang Việt', NULL, 7, 2, 11, 1, '121766457', '1988-10-04', '2010-10-01', NULL, '2018-03-13 07:54:37', NULL),
(987, 1007, 'H3Q', 'H3Q12020', 'Nguyễn Hữu Dũng', NULL, 7, 2, 9, 1, '125370743', '1989-11-01', '2012-06-25', NULL, '2018-03-13 07:54:37', NULL),
(988, 1008, 'H3Q', 'H3Q14006', 'Nguyễn Thị Hương', NULL, 7, 2, 16, 2, '151832104', '1991-12-24', '2014-03-01', NULL, '2018-03-13 07:54:37', NULL),
(989, 1009, 'H3Q', 'H3Q14053', 'Nguyễn Đình Cường', NULL, 7, 2, 11, 1, '125206888', '1987-12-24', '2014-10-10', NULL, '2018-03-13 07:54:37', NULL),
(990, 1010, 'H3Q', 'H3Q15059', 'Vũ Thành Luân', NULL, 7, 2, 11, 1, '151621062', '1988-02-22', '2015-07-01', NULL, '2018-03-13 07:54:37', NULL),
(991, 1011, 'H3Q', 'H3Q16007', 'Phan Tiến Lực', NULL, 7, 2, 11, 1, '162796105', '1987-01-14', '2016-01-04', NULL, '2018-03-13 07:54:37', NULL),
(992, 1012, 'H3Q', 'H3Q16024', 'Trần Minh Tiến', NULL, 7, 2, 11, 1, '187064794', '1992-10-26', '2016-03-21', NULL, '2018-03-13 07:54:37', NULL),
(993, 1013, 'H3Q', 'H3Q16104', 'Nguyễn Khắc Hoàng Thành', NULL, 7, 2, 11, 1, '145496549', '1993-09-18', '2016-08-01', NULL, '2018-03-13 07:54:37', NULL),
(994, 1014, 'H3Q', 'H3Q16163', 'Nguyễn Văn Hưng', NULL, 7, 2, 11, 1, '152053094', '1993-12-19', '2016-11-01', NULL, '2018-03-13 07:54:37', NULL),
(995, 1015, 'H3Q', 'H3QG0029', 'Nguyễn Văn Đoàn', NULL, 7, 2, 11, 1, '187425755', '1994-09-10', '2017-02-06', NULL, '2018-03-13 07:54:37', NULL),
(996, 1016, 'H3S', 'H3S06014', 'Vũ Việt Phương', NULL, 7, 2, 7, 1, '12122807', '1982-06-23', '2006-08-02', NULL, '2018-03-13 07:54:37', NULL),
(997, 1017, 'H3S', 'H3S07002', 'Đào Trọng Trường', NULL, 7, 2, 9, 1, '162670107', '1984-10-15', '2007-01-15', NULL, '2018-03-13 07:54:37', NULL),
(998, 1018, 'H3S', 'H3S11012', 'Nguyễn Đức Mạnh', NULL, 7, 2, 9, 1, '12487778', '1988-07-30', '2011-02-08', NULL, '2018-03-13 07:54:37', NULL),
(999, 1019, 'H3S', 'H3S13026', 'Đặng Văn Hòa', NULL, 7, 2, 11, 1, '151768806', '1990-11-21', '2013-07-10', NULL, '2018-03-13 07:54:37', NULL),
(1000, 1020, 'H3S', 'H3S14031', 'Phạm Anh Tuấn', NULL, 7, 2, 11, 1, '162948258', '1988-09-11', '2014-06-02', NULL, '2018-03-13 07:54:37', NULL),
(1001, 1021, 'H3S', 'H3S14058', 'Nguyễn Ngọc Tân', NULL, 7, 2, 11, 1, '163097289', '1990-09-30', '2014-12-15', NULL, '2018-03-13 07:54:37', NULL),
(1002, 1022, 'H3S', 'H3S15045', 'Lê Văn Trung', NULL, 7, 2, 16, 1, '91568120', '1989-01-12', '2015-05-27', NULL, '2018-03-13 07:54:37', NULL),
(1003, 1023, 'H3S', 'H3S15060', 'Lê Văn Chiến', NULL, 7, 2, 11, 1, '151810208', '1991-10-30', '2015-07-01', NULL, '2018-03-13 07:54:37', NULL),
(1004, 1024, 'H3S', 'H3S15098', 'Phạm Văn Minh', NULL, 7, 2, 11, 1, '12818643', '1989-05-24', '2015-11-01', NULL, '2018-03-13 07:54:37', NULL),
(1005, 1025, 'H3S', 'H3S16005', 'Tạ Thị Hải Thanh', NULL, 7, 2, 16, 2, '013350089HAN', '1981-07-25', '2016-01-04', NULL, '2018-03-13 07:54:37', NULL),
(1006, 1026, 'H3S', 'H3S16025', 'Tạ Tuấn Hiệp', NULL, 7, 2, 11, 1, '1080005216', '1980-04-13', '2016-03-21', NULL, '2018-03-13 07:54:37', NULL),
(1007, 1027, 'H3S', 'H3S16066', 'Hoàng Phi Phong', NULL, 7, 2, 11, 1, '85021531', '1992-07-16', '2016-06-01', NULL, '2018-03-13 07:54:37', NULL),
(1008, 1028, 'H3S', 'H3S16090', 'Nguyễn Thu Hương', NULL, 7, 2, 16, 2, '1193001734', '1993-10-16', '2016-07-01', NULL, '2018-03-13 07:54:37', NULL),
(1009, 1029, 'H3S', 'H3S16120', 'Nguyễn Đức Thiệp', NULL, 7, 2, 11, 1, '125170671', '1987-07-04', '2016-08-16', NULL, '2018-03-13 07:54:37', NULL),
(1010, 1030, 'H3S', 'H3S16155', 'Bùi Khánh Sơn', NULL, 7, 2, 11, 1, '168276373', '1989-09-02', '2016-10-15', NULL, '2018-03-13 07:54:37', NULL),
(1011, 1031, 'H3S', 'H3SG0030', 'Trương Văn Trường', NULL, 7, 2, 11, 1, '17345856', '1994-09-26', '2017-02-06', NULL, '2018-03-13 07:54:37', NULL),
(1012, 1032, 'H3S', 'H3SG0202', 'Nguyễn Văn Đạt', NULL, 7, 2, 14, 1, '371794683', '1992-09-02', '2017-08-21', NULL, '2018-03-13 07:54:37', NULL),
(1013, 1033, 'H3S', 'H3SG0266', 'Nguyễn Mai Hồng', NULL, 7, 2, 16, 2, '13475325', '1995-06-07', '2017-10-02', NULL, '2018-03-13 07:54:37', NULL),
(1014, 1034, 'H3Z', 'H3Z05009', 'Bùi Tuấn Anh', NULL, 7, 2, 5, 1, '12015990', '1979-06-14', '2005-06-13', NULL, '2018-03-13 07:54:37', NULL),
(1015, 1035, 'H4T', 'H4T08001', 'Phạm Hồng Thịnh ', NULL, 7, 5, 8, 1, '13585866', '1984-03-09', '2008-01-01', NULL, '2018-03-13 07:54:37', NULL),
(1016, 1036, 'H4T', 'H4T16059', 'Trần Quỳnh Trang', NULL, 7, 5, 16, 2, '12868928', '1992-01-31', '2016-05-17', NULL, '2018-03-13 07:54:37', NULL),
(1017, 1037, 'H4T', 'H4TG0279', 'Hoàng Văn Phong', NULL, 7, 5, 16, 1, '151612347', '1988-09-26', '2017-10-10', NULL, '2018-03-13 07:54:37', NULL),
(1018, 1038, 'H4T', 'H4TG0315', 'Vũ Quốc Hóa', NULL, 7, 5, 16, 1, '168484106', '1995-10-26', '2017-11-01', NULL, '2018-03-13 07:54:37', NULL),
(1019, 1039, 'H5R', 'H5R15034', 'Lê Ngọc Quỳnh', NULL, 7, 8, 12, 1, '1086000977', '1986-11-09', '2015-04-01', NULL, '2018-03-13 07:54:37', NULL),
(1020, 1040, 'H7A', 'H7A07008', 'Nguyễn Thị Thu Hà', NULL, 7, 3, 16, 2, '162563052', '1983-08-14', '2007-05-21', NULL, '2018-03-13 07:54:37', NULL),
(1021, 1041, 'H7A', 'H7A09012', 'Vũ Ngọc Sơn', NULL, 7, 3, 7, 1, '13189658', '1983-12-01', '2009-05-15', NULL, '2018-03-13 07:54:37', NULL),
(1022, 1042, 'H7A', 'H7A12017', 'Nguyễn Thị Phan', NULL, 7, 3, 9, 2, '145177764', '1985-08-18', '2012-05-14', NULL, '2018-03-13 07:54:37', NULL),
(1023, 1043, 'H7A', 'H7A16063', 'Nguyễn Thu Hương', NULL, 7, 3, 16, 2, '151543240', '1984-04-03', '2016-05-23', NULL, '2018-03-13 07:54:37', NULL),
(1024, 1044, 'H7A', 'H7A16086', 'Nguyễn Thị Thanh Hoa', NULL, 7, 3, 16, 2, '112176659', '1990-07-23', '2016-06-14', NULL, '2018-03-13 07:54:37', NULL),
(1025, 1045, 'H7A', 'H7AG0010', 'Nguyễn Trọng Thịnh', NULL, 7, 3, 16, 1, '121952861', '1990-10-24', '2017-01-16', NULL, '2018-03-13 07:54:37', NULL),
(1026, 1046, 'H7A', 'H7AG0063', 'Nguyễn Thị Bích Thuận', NULL, 7, 3, 16, 2, '186768483', '1990-10-15', '2017-03-28', NULL, '2018-03-13 07:54:37', NULL),
(1027, 1047, 'H8L', 'H8L06022', 'Dương Thị Tuyết', NULL, 7, 4, 16, 2, '14561694', '1970-02-27', '2006-10-02', NULL, '2018-03-13 07:54:37', NULL),
(1028, 1048, 'H8L', 'H8L07006', 'Trần Văn Tường', NULL, 7, 4, 7, 1, '162464859', '1983-09-25', '2007-05-07', NULL, '2018-03-13 07:54:37', NULL),
(1029, 1049, 'H8L', 'H8L08004', 'Phạm Thị Duyên ', NULL, 7, 4, 16, 2, '162739304', '1985-09-28', '2008-02-01', NULL, '2018-03-13 07:54:37', NULL),
(1030, 1050, 'H8L', 'H8L08005', 'Lê Văn Khoẻ ', NULL, 7, 4, 16, 1, '142016277', '1983-07-07', '2008-02-01', NULL, '2018-03-13 07:54:37', NULL),
(1031, 1051, 'H8L', 'H8L09022', 'Nguyễn Triệu Sơn', NULL, 7, 4, 16, 1, '12365171', '1986-11-02', '2009-07-01', NULL, '2018-03-13 07:54:37', NULL),
(1032, 1052, 'H8L', 'H8L09023', 'Đỗ Đức Huân', NULL, 7, 4, 16, 1, '162111206', '1975-12-21', '2009-07-07', NULL, '2018-03-13 07:54:37', NULL),
(1033, 1053, 'H8L', 'H8L10010', 'Nguyễn Văn Sao', NULL, 7, 4, 16, 1, '121665064', '1985-08-19', '2010-05-24', NULL, '2018-03-13 07:54:37', NULL),
(1034, 1054, 'H8L', 'H8L10021', 'Vũ Thị Thu Hà', NULL, 7, 4, 9, 2, '151257023', '1981-08-05', '2010-06-01', NULL, '2018-03-13 07:54:37', NULL),
(1035, 1055, 'H8L', 'H8L10038', 'Lý Xuân Hoàn', NULL, 7, 4, 16, 1, '12445891', '1985-09-24', '2010-10-01', NULL, '2018-03-13 07:54:37', NULL),
(1036, 1056, 'H8L', 'H8L10039', 'Nguyễn Trọng Hiếu', NULL, 7, 4, 16, 1, '112150978', '1986-10-12', '2010-10-01', NULL, '2018-03-13 07:54:37', NULL),
(1037, 1057, 'H8L', 'H8L11028', 'Bùi Thị Thủy', NULL, 7, 4, 16, 2, '31297717', '1986-01-02', '2011-07-11', NULL, '2018-03-13 07:54:37', NULL),
(1038, 1058, 'H8L', 'H8L12027', 'Phùng Thị Thủy', NULL, 7, 4, 16, 2, '111732868', '1983-11-09', '2012-08-06', NULL, '2018-03-13 07:54:37', NULL),
(1039, 1059, 'H8L', 'H8L14026', 'Lê Đình Thắng', NULL, 7, 4, 16, 1, '1083001259', '1983-12-29', '2014-05-19', NULL, '2018-03-13 07:54:37', NULL),
(1040, 1060, 'H8L', 'H8L15023', 'Trần Quốc Toản', NULL, 7, 4, 9, 1, '11930599', '1978-05-30', '2015-03-02', NULL, '2018-03-13 07:54:37', NULL),
(1041, 1061, 'H8L', 'H8L15024', 'Nguyễn Huy Tuấn', NULL, 7, 4, 16, 1, '164086970', '1982-11-04', '2015-03-02', NULL, '2018-03-13 07:54:37', NULL),
(1042, 1062, 'H8L', 'H8L16070', 'Nguyễn Anh Thư', NULL, 7, 4, 16, 2, '12976442', '1993-06-27', '2016-06-01', NULL, '2018-03-13 07:54:37', NULL),
(1043, 1063, 'H8L', 'H8L16133', 'Nguyễn Văn Đạt', NULL, 7, 4, 16, 1, '122005839', '1992-08-15', '2016-09-05', NULL, '2018-03-13 07:54:37', NULL),
(1044, 1064, 'H8L', 'H8LG0027', 'Trịnh Thị Ánh Tuyết', NULL, 7, 4, 16, 2, '142677788', '1993-05-23', '2017-02-06', NULL, '2018-03-13 07:54:37', NULL),
(1045, 1065, 'H8L', 'H8LG0028', 'Nguyễn Thị Việt Hương', NULL, 7, 4, 16, 2, '91853249', '1994-06-22', '2017-02-06', NULL, '2018-03-13 07:54:37', NULL),
(1046, 1066, 'H9G', 'H9G10022', 'Vũ Thị Loan', NULL, 7, 6, 7, 2, '100632559', '1975-06-20', '2010-06-01', NULL, '2018-03-13 07:54:37', NULL),
(1047, 1067, 'H9G', 'H9G11037', 'Trần Thu Hà', NULL, 7, 6, 16, 2, '11965126', '1981-04-11', '2011-10-04', NULL, '2018-03-13 07:54:37', NULL),
(1048, 1068, 'H9G', 'H9G12002', 'Nguyễn Thị Phương Thanh', NULL, 7, 6, 16, 2, '12625121', '1989-09-04', '2012-01-20', NULL, '2018-03-13 07:54:37', NULL),
(1049, 1069, 'H9G', 'H9G16106', 'Chử Phương Anh', NULL, 7, 6, 16, 2, '12768255', '1991-10-08', '2016-08-01', NULL, '2018-03-13 07:54:37', NULL),
(1050, 1070, 'H9G', 'H9GH0011', 'Nguyễn Thị Ngọc Ánh ', NULL, 7, 6, 16, 2, '12839684', '1991-10-22', '2018-01-10', NULL, '2018-03-13 07:54:37', NULL),
(1051, 1071, 'H9G', 'H9GH0278', 'Hoàng Thị Lân', NULL, 7, 6, 16, 2, '121534685', '1984-09-18', '2018-02-22', NULL, '2018-03-13 07:54:37', NULL),
(1052, 1072, 'H9G', 'H9GH0342', 'Nguyễn Tuyết Ngân', NULL, 7, 6, 17, 2, '101009972', '1991-07-19', '2018-03-26', NULL, '2018-03-13 07:54:37', NULL);
INSERT INTO `api_employee` (`id`, `user_id`, `dept_code`, `current_code`, `full_name`, `phone`, `branch_id`, `division_id`, `position_id`, `gender`, `id_card`, `birthday`, `join_date`, `deleted_at`, `created_at`, `updated_at`) VALUES
(1053, 1073, 'H9H', 'H9H14018', 'Nguyễn Thị Thu Huyền', NULL, 7, 6, 16, 2, '1191000863', '1991-09-20', '2014-04-11', NULL, '2018-03-13 07:54:37', NULL),
(1054, 1074, 'H9H', 'H9HG0408', 'Vũ Nguyệt Minh', NULL, 7, 6, 16, 2, '13193087', '1995-11-15', '2017-11-20', NULL, '2018-03-13 07:54:37', NULL),
(1055, 1075, 'H9I', 'H9I10031', 'Lê Quang Hưng', NULL, 7, 6, 9, 1, '12409744', '1985-09-03', '2010-09-17', NULL, '2018-03-13 07:54:37', NULL),
(1056, 1076, 'H9I', 'H9I16094', 'Bùi Văn Công', NULL, 7, 6, 16, 1, '145405245', '1991-04-11', '2016-07-04', NULL, '2018-03-13 07:54:37', NULL),
(1057, 1077, 'K2D', 'K2DG0098', 'Lê Hồng Phương', NULL, 9, 1, 10, 1, '241361618', '1994-04-12', '2017-05-08', NULL, '2018-03-13 07:54:37', NULL),
(1058, 1078, 'K2D', 'K2DG0116', 'Lê Hoàng Vũ', NULL, 9, 1, 16, 1, '201622736', '1991-12-23', '2017-06-01', NULL, '2018-03-13 07:54:37', NULL),
(1059, 1079, 'K2D', 'K2DG0117', 'Lê Chí Phương', NULL, 9, 1, 16, 1, '197282965', '1991-08-10', '2017-06-01', NULL, '2018-03-13 07:54:37', NULL),
(1060, 1080, 'K2D', 'K2DG0191', 'Nguyễn Tuấn Anh', NULL, 9, 1, 16, 1, '225302390', '1986-08-05', '2017-08-01', NULL, '2018-03-13 07:54:37', NULL),
(1061, 1081, 'K2D', 'K2DG0229', 'Trương Đình Hòa', NULL, 9, 1, 16, 1, '1092005772', '1992-03-02', '2017-09-05', NULL, '2018-03-13 07:54:37', NULL),
(1062, 1082, 'K2D', 'K2DG0230', 'Nguyễn Thị Thúy', NULL, 9, 1, 15, 2, '197348369', '1995-11-12', '2017-09-05', NULL, '2018-03-13 07:54:37', NULL),
(1063, 1083, 'K2K', 'K2KG0120', 'Võ Thành Lâm', NULL, 9, 1, 10, 1, '240882376', '1985-06-15', '2017-06-05', NULL, '2018-03-13 07:54:37', NULL),
(1064, 1084, 'K2N', 'K2NG0192', 'Võ Trần Minh Quý', NULL, 9, 1, 10, 1, '225563074', '1995-12-02', '2017-08-01', NULL, '2018-03-13 07:54:37', NULL),
(1065, 1085, 'K2Z', 'K2Z05011', 'Võ Đình Phương', NULL, 9, 1, 5, 1, '25796076', '1982-02-15', '2005-08-08', NULL, '2018-03-13 07:54:37', NULL),
(1066, 1086, 'K3S', 'K3S13048', 'Nguyễn Thành Tài', NULL, 9, 2, 9, 1, '264359774', '1991-09-17', '2013-12-23', NULL, '2018-03-13 07:54:37', NULL),
(1067, 1087, 'K3S', 'K3S15065', 'Phan Duy Tâm', NULL, 9, 2, 14, 1, '264339886', '1989-09-25', '2015-08-01', NULL, '2018-03-13 07:54:37', NULL),
(1068, 1088, 'K3S', 'K3S15067', 'Nguyễn Thành Du', NULL, 9, 2, 11, 1, '215218292', '1993-08-20', '2015-08-01', NULL, '2018-03-13 07:54:37', NULL),
(1069, 1089, 'K3S', 'K3S16102', 'Ngô Trọng Hiền', NULL, 9, 2, 11, 1, '225388059', '1988-12-26', '2016-08-01', NULL, '2018-03-13 07:54:37', NULL),
(1070, 1090, 'K3S', 'K3SG0102', 'Nguyễn Thị Kim Thi', NULL, 9, 2, 16, 2, '225423580', '1990-08-16', '2017-05-15', NULL, '2018-03-13 07:54:37', NULL),
(1071, 1091, 'K3S', 'K3SG0213', 'Nguyễn Đức Tâm', NULL, 9, 2, 14, 1, '225278008', '1988-08-02', '2017-08-15', NULL, '2018-03-13 07:54:37', NULL),
(1072, 1092, 'K3S', 'K3SG0306', 'Nguyễn Thành Long', NULL, 9, 2, 11, 1, '215187656', '1991-12-03', '2017-10-16', NULL, '2018-03-13 07:54:37', NULL),
(1073, 1093, 'K7A', 'K7AG0026', 'Lưu Thị Việt Hòa', NULL, 9, 3, 8, 2, '25024851', '1981-08-26', '2017-02-06', NULL, '2018-03-13 07:54:37', NULL),
(1074, 1094, 'K7A', 'K7AG0214', 'Nguyễn Thị Thùy Linh', NULL, 9, 3, 16, 2, '225285092', '1985-12-26', '2017-08-16', NULL, '2018-03-13 07:54:37', NULL),
(1075, 1095, 'K8L', 'K8L10001', 'Quang Vinh Quốc', NULL, 9, 4, 9, 1, '201494917', '1983-07-23', '2010-01-01', NULL, '2018-03-13 07:54:37', NULL),
(1076, 1096, 'K8L', 'K8LG0106', 'Nguyễn Thị Đài Trang', NULL, 9, 4, 16, 2, '225423008', '1990-07-01', '2017-05-18', NULL, '2018-03-13 07:54:37', NULL),
(1077, 1097, 'N3S', 'N3S15021', 'Nguyễn Kim Lượng', NULL, 10, 2, 9, 1, '121846887', '1988-07-19', '2015-03-02', NULL, '2018-03-13 07:54:37', NULL),
(1078, 1098, 'N3S', 'N3S16067', 'Nguyễn Văn Bình', NULL, 10, 2, 11, 1, '125540154', '1993-03-17', '2016-06-01', NULL, '2018-03-13 07:54:37', NULL),
(1079, 1099, 'N3S', 'N3S16134', 'Vũ Văn Quyền', NULL, 10, 2, 11, 1, '125540890', '1993-06-07', '2016-09-12', NULL, '2018-03-13 07:54:37', NULL),
(1080, 1100, 'N3S', 'N3SG0031', 'Phạm Duy Mạnh', NULL, 10, 2, 11, 1, '125531537', '1994-11-08', '2017-02-06', NULL, '2018-03-13 07:54:37', NULL),
(1081, 1101, 'N3S', 'N3SG0316', 'Nguyễn Mạnh Cường', NULL, 10, 2, 14, 1, '125117403', '1985-08-19', '2017-11-01', NULL, '2018-03-13 07:54:37', NULL),
(1082, 1102, 'O2B', 'O2BG0267', 'Trần Phú Hải', NULL, 6, 1, 16, 1, '351963135', '1989-05-04', '2017-10-02', NULL, '2018-03-13 07:54:37', NULL),
(1083, 1103, 'O2B', 'O2BG0453', 'Trần Hữu Vinh', NULL, 6, 1, 9, 1, '24889454', '1982-08-03', '2017-12-25', NULL, '2018-03-13 07:54:37', NULL),
(1084, 1104, 'O2J', 'O2J00003', 'Lê Anh Tuấn', NULL, 6, 1, 6, 1, '23077738', '1977-02-12', '2000-12-01', NULL, '2018-03-13 07:54:37', NULL),
(1085, 1105, 'O2J', 'O2J16150', 'Nguyễn Hưng Ngọc Quang', NULL, 6, 1, 16, 1, '23448366', '1984-09-22', '2016-10-10', NULL, '2018-03-13 07:54:37', NULL),
(1086, 1106, 'O2J', 'O2JG0132', 'Đặng Minh Kế', NULL, 6, 1, 8, 1, '79083006011', '1983-05-30', '2017-07-03', NULL, '2018-03-13 07:54:37', NULL),
(1087, 1107, 'O2J', 'O2JG0135', 'Trần Minh Tuấn', NULL, 6, 1, 16, 1, '79091004003', '1991-04-18', '2017-07-03', NULL, '2018-03-13 07:54:37', NULL),
(1088, 1108, 'O2J', 'O2JG0193', 'Hồ Thị Kim Ngọc ', NULL, 6, 1, 16, 2, '312045346', '1991-01-29', '2017-08-01', NULL, '2018-03-13 07:54:37', NULL),
(1089, 1109, 'O2J', 'O2JH0162', 'Lương Minh Phương', NULL, 6, 1, 16, 2, '12395914', '1987-12-08', '2018-01-29', NULL, '2018-03-13 07:54:37', NULL),
(1090, 1110, 'O2M', 'O2MH0391', 'Nguyễn Thị Hà Vi', NULL, 6, 1, 15, 2, '212300590', '1987-03-28', '2018-04-02', NULL, '2018-03-13 07:54:37', NULL),
(1091, 1111, 'O2M', 'O2M11006', 'Huỳnh Tấn Oanh', NULL, 6, 1, 16, 1, '23973307', '1985-03-27', '2011-02-21', NULL, '2018-03-13 07:54:37', NULL),
(1092, 1112, 'O2M', 'O2M12023', 'Châu Ngọc Bảo', NULL, 6, 1, 16, 1, '23707646', '1984-11-05', '2012-08-01', NULL, '2018-03-13 07:54:37', NULL),
(1093, 1113, 'O2M', 'O2MG0254', 'Phạm Hoàng Anh', NULL, 6, 1, 8, 1, '23383240', '1979-12-14', '2017-09-19', NULL, '2018-03-13 07:54:37', NULL),
(1094, 1114, 'O2M', 'O2MG0268', 'Tô Văn Bình', NULL, 6, 1, 16, 1, '23826432', '1984-12-05', '2017-10-02', NULL, '2018-03-13 07:54:37', NULL),
(1095, 1115, 'O2M', 'O2M', 'Nguyễn Thị Kim Chi', NULL, 6, 1, 15, 2, '24377813', '1988-04-08', '2018-04-09', NULL, '2018-03-13 07:54:37', NULL),
(1096, 1116, 'O2R', 'O2R16180', 'Vũ Ngọc Bích', NULL, 6, 1, 16, 2, '25102571', '1994-02-14', '2016-12-19', NULL, '2018-03-13 07:54:37', NULL),
(1097, 1117, 'O2R', 'O2RG0322', 'Phạm Thị Kiều', NULL, 6, 1, 16, 2, '205544687', '1991-06-19', '2017-11-06', NULL, '2018-03-13 07:54:37', NULL),
(1098, 1118, 'O2S', 'O2S10003', 'Ngụy Hoàng Dũng', NULL, 6, 1, 7, 1, '23521383', '1981-05-17', '2010-02-22', NULL, '2018-03-13 07:54:37', NULL),
(1099, 1119, 'O2S', 'O2SG0136', 'Nguyễn Hồng Ân', NULL, 6, 1, 10, 1, '290977728', '1990-02-07', '2017-07-03', NULL, '2018-03-13 07:54:37', NULL),
(1100, 1120, 'O2S', 'O2SH0053', 'Tăng Nguyễn Thạch Thảo', NULL, 6, 1, 15, 2, '285556004', '1995-06-19', '2018-01-15', NULL, '2018-03-13 07:54:37', NULL),
(1101, 1121, 'O2Z', 'O2Z00002', 'Trần Thanh Bình', NULL, 6, 1, 4, 1, '13417237', '1975-03-04', '2000-12-01', NULL, '2018-03-13 07:54:37', NULL),
(1102, 1122, 'O2Z', 'O2Z09003', 'Lee Boon Seng', NULL, 6, 1, 5, 1, 'E4112010H', '1969-09-11', '2009-04-01', NULL, '2018-03-13 07:54:37', NULL),
(1103, 1123, 'O2Z', 'O2ZG0070', 'Okita Kunihiko', NULL, 6, 1, 3, 1, 'TK7605627', '1970-02-13', '2017-04-01', NULL, '2018-03-13 07:54:37', NULL),
(1104, 1124, 'O3C', 'O3C09009', 'Trần Thị Thảo Vy', NULL, 6, 2, 8, 2, '24270925', '1987-11-27', '2009-05-15', NULL, '2018-03-13 07:54:37', NULL),
(1105, 1125, 'O3C', 'O3C11023', 'Vương Thị Huyền Châu', NULL, 6, 2, 16, 2, '25044306', '1987-08-30', '2011-05-16', NULL, '2018-03-13 07:54:37', NULL),
(1106, 1126, 'O3C', 'O3C13001', 'Đỗ Ngọc Châu', NULL, 6, 2, 16, 2, '82190000280', '1990-10-14', '2013-01-02', NULL, '2018-03-13 07:54:37', NULL),
(1107, 1127, 'O3C', 'O3C14020', 'Nguyễn Hạ Châu', NULL, 6, 2, 16, 2, '250758576', '1991-06-11', '2014-05-02', NULL, '2018-03-13 07:54:37', NULL),
(1108, 1128, 'O3C', 'O3CG0203', 'Trịnh Thị Bích Thảo', NULL, 6, 2, 16, 2, '24944139', '1993-05-19', '2017-08-15', NULL, '2018-03-13 07:54:37', NULL),
(1109, 1129, 'O3U', 'O3U14044', 'Phùng Văn Thái', NULL, 6, 2, 9, 1, '24654687', '1992-08-20', '2014-09-03', NULL, '2018-03-13 07:54:37', NULL),
(1110, 1130, 'O3Z', 'O3Z15046', 'Kiyoyuki Narahara', NULL, 6, 2, 3, 1, 'TK2616859', '1957-04-07', '2015-06-01', NULL, '2018-03-13 07:54:37', NULL),
(1111, 1131, 'O3Z', 'O3Z96005', 'Lê Hoàng Đạo', NULL, 6, 2, 4, 1, '25189984', '1975-07-07', '1996-12-01', NULL, '2018-03-13 07:54:37', NULL),
(1112, 1132, 'O4E', 'O4E15008', 'Vũ Hải Dương', NULL, 6, 5, 13, 1, '271999140', '1989-07-30', '2015-01-05', NULL, '2018-03-13 07:54:37', NULL),
(1113, 1133, 'O4E', 'O4E95003', 'Nguyễn Quốc Anh', NULL, 6, 5, 6, 1, '22073527', '1970-09-19', '1995-03-01', NULL, '2018-03-13 07:54:37', NULL),
(1114, 1134, 'O4E', 'O4E95006', 'Trần Trí Dũng', NULL, 6, 5, 7, 1, '1065005697', '1965-07-07', '1995-08-01', NULL, '2018-03-13 07:54:37', NULL),
(1115, 1135, 'O4E', 'O4EG0018', 'Lê Quý Đoàn', NULL, 6, 5, 13, 1, '25156575', '1994-10-24', '2017-02-06', NULL, '2018-03-13 07:54:37', NULL),
(1116, 1136, 'O4E', 'O4EG0019', 'Phạm Thanh Danh', NULL, 6, 5, 13, 1, '352119079', '1994-03-12', '2017-02-06', NULL, '2018-03-13 07:54:37', NULL),
(1117, 1137, 'O4E', 'O4EG0074', 'Phùng Ngọc Long', NULL, 6, 5, 13, 1, '25253186', '1994-01-02', '2017-04-17', NULL, '2018-03-13 07:54:37', NULL),
(1118, 1138, 'O4E', 'O4EG0194', 'Nguyễn Thành Long', NULL, 6, 5, 13, 1, '1093011423', '1993-08-25', '2017-08-01', NULL, '2018-03-13 07:54:37', NULL),
(1119, 1139, 'O4E', 'O4EG0231', 'Võ Lê Phú Huy', NULL, 6, 5, 13, 1, '321494685', '1994-04-24', '2017-09-05', NULL, '2018-03-13 07:54:37', NULL),
(1120, 1140, 'O4E', 'O4EG0232', 'Nguyễn Thanh Phong', NULL, 6, 5, 13, 1, '25615594', '1995-09-10', '2017-09-05', NULL, '2018-03-13 07:54:37', NULL),
(1121, 1141, 'O4T', 'O4T05010', 'Trần Quốc Trụ', NULL, 6, 5, 8, 1, '25224523', '1980-09-18', '2005-07-25', NULL, '2018-03-13 07:54:37', NULL),
(1122, 1142, 'O4T', 'O4T16126', 'Hồ Ngọc Vũ', NULL, 6, 5, 11, 1, '321511429', '1994-06-06', '2016-09-05', NULL, '2018-03-13 07:54:37', NULL),
(1123, 1143, 'O4T', 'O4TG0127', 'Võ Sỹ Liêm', NULL, 6, 5, 16, 1, '301545058', '1995-05-17', '2017-06-19', NULL, '2018-03-13 07:54:37', NULL),
(1124, 1144, 'O4T', 'O4TG0244', 'Lê Thị Thúy Hà', NULL, 6, 5, 16, 2, '273402520', '1991-05-05', '2017-09-11', NULL, '2018-03-13 07:54:37', NULL),
(1125, 1145, 'O5P', 'O5P16158', 'Đỗ Duy Vinh', NULL, 6, 8, 16, 1, '230831058', '1990-09-12', '2016-10-20', NULL, '2018-03-13 07:54:37', NULL),
(1126, 1146, 'O5P', 'O5PG0119', 'Nguyễn Huỳnh Thanh Hải', NULL, 6, 8, 16, 1, '280960766', '1990-09-27', '2017-06-01', NULL, '2018-03-13 07:54:37', NULL),
(1127, 1147, 'O5P', 'O5PG0332', 'Nguyễn Minh Hoàng', NULL, 6, 8, 16, 1, '24782331', '1989-11-15', '2017-11-16', NULL, '2018-03-13 07:54:37', NULL),
(1128, 1148, 'O5R', 'O5R12004', 'Nguyễn Thị Hồng Phúc', NULL, 6, 8, 7, 2, '205041629', '1980-12-20', '2012-03-01', NULL, '2018-03-13 07:54:37', NULL),
(1129, 1149, 'O5R', 'O5R15091', 'Tống Thiên Hổ', NULL, 6, 8, 9, 1, '271717006', '1986-11-12', '2015-10-01', NULL, '2018-03-13 07:54:37', NULL),
(1130, 1150, 'O5R', 'O5R16175', 'Đặng Thảo Uyên', NULL, 6, 8, 16, 2, '312193550', '1992-01-20', '2016-12-01', NULL, '2018-03-13 07:54:37', NULL),
(1131, 1151, 'O5R', 'O5RG0053', 'Trần Thị Mai Hoa', NULL, 6, 8, 16, 2, '241154150', '1989-05-17', '2017-03-16', NULL, '2018-03-13 07:54:37', NULL),
(1132, 1152, 'O5R', 'O5RG0072', 'Nguyễn Như Khuê', NULL, 6, 8, 16, 1, '366023578', '1994-06-17', '2017-04-13', NULL, '2018-03-13 07:54:37', NULL),
(1133, 1153, 'O5R', 'O5RG0204', 'Lê Thị Mai Quỳnh', NULL, 6, 8, 16, 2, '24422584', '1990-03-21', '2017-08-15', NULL, '2018-03-13 07:54:37', NULL),
(1134, 1154, 'O5R', 'O5RH0279', 'Đỗ Anh Thư', NULL, 6, 8, 9, 2, '25871274', '1984-10-26', '2018-02-22', NULL, '2018-03-13 07:54:37', NULL),
(1135, 1155, 'O5R', 'O5RH0340', 'Vũ Thị Tuyết Hồng', NULL, 6, 8, 7, 2, '311562291', '1979-07-06', '2018-03-19', NULL, '2018-03-13 07:54:37', NULL),
(1136, 1156, 'O5Z', 'O5Z09002', 'Châu Thị Mỹ Tiên', NULL, 6, 8, 5, 2, '280498091', '1972-11-20', '2009-03-01', NULL, '2018-03-13 07:54:37', NULL),
(1137, 1157, 'O6C', 'O6C09027', 'Phú Thị Diễm Chi', NULL, 6, 9, 7, 2, '300770745', '1975-09-19', '2009-08-03', NULL, '2018-03-13 07:54:37', NULL),
(1138, 1158, 'O6P', 'O6P14015', 'Phạm Hương Thảo', NULL, 6, 9, 16, 2, '341536690', '1991-04-01', '2014-04-01', NULL, '2018-03-13 07:54:37', NULL),
(1139, 1159, 'O6P', 'O6P16085', 'Nguyễn Phượng Linh', NULL, 6, 9, 16, 2, '24486298', '1991-04-03', '2016-06-20', NULL, '2018-03-13 07:54:37', NULL),
(1140, 1160, 'O6P', 'O6P16173', 'Yamada Osamu', NULL, 6, 9, 8, 1, '0', '1988-05-18', '2016-11-01', NULL, '2018-03-13 07:54:37', NULL),
(1141, 1161, 'O6P', 'O6PG0059', 'Đoàn Trần Thụy Anh', NULL, 6, 9, 16, 2, '25443978', '1995-05-19', '2017-03-27', NULL, '2018-03-13 07:54:37', NULL),
(1142, 1162, 'O6P', 'O6PH0287', 'Vũ Thị Thu Hà', NULL, 6, 9, 6, 2, '12518337', '1986-10-26', '2018-03-01', NULL, '2018-03-13 07:54:37', NULL),
(1143, 1163, 'O7A', 'O7A07015', 'Trần Thị Thu Hằng', NULL, 6, 3, 16, 2, '26074533', '1984-03-07', '2007-08-01', NULL, '2018-03-13 07:54:37', NULL),
(1144, 1164, 'O7A', 'O7A11020', 'Phạm Thị Huyền Trang', NULL, 6, 3, 16, 2, '241029755', '1989-08-16', '2011-04-01', NULL, '2018-03-13 07:54:37', NULL),
(1145, 1165, 'O7A', 'O7AH0345', 'Dương Ngọc Vỹ', NULL, 6, 3, 16, 1, '261171544', '1991-11-26', '2018-03-27', NULL, '2018-03-13 07:54:37', NULL),
(1146, 1166, 'O7F', 'O7F11025', 'Trần Thị Huyền', NULL, 6, 3, 16, 2, '91567810', '1988-06-20', '2011-07-27', NULL, '2018-03-13 07:54:37', NULL),
(1147, 1167, 'O7Z', 'O7Z12022', 'Vũ Thị Thu Thủy', NULL, 6, 3, 5, 2, '23325446', '1970-09-08', '2012-08-01', NULL, '2018-03-13 07:54:37', NULL),
(1148, 1168, 'O8B', 'O8B01003', 'Vũ Thanh Xuân', NULL, 6, 4, 7, 2, '23011890', '1977-02-16', '2001-08-01', NULL, '2018-03-13 07:54:37', NULL),
(1149, 1169, 'O8L', 'O8L14048', 'Hồ Thị Thu Hiền', NULL, 6, 4, 16, 2, '186747675', '1991-10-25', '2014-09-22', NULL, '2018-03-13 07:54:37', NULL),
(1150, 1170, 'O8L', 'O8L15012', 'Vũ Thị Hải', NULL, 6, 4, 16, 2, '164342560', '1989-10-13', '2015-01-05', NULL, '2018-03-13 07:54:37', NULL),
(1151, 1171, 'O8L', 'O8L16033', 'Nguyễn Duy Hòa', NULL, 6, 4, 16, 1, '273461379', '1992-10-08', '2016-04-06', NULL, '2018-03-13 07:54:37', NULL),
(1152, 1172, 'O8L', 'O8LG0259', 'Huỳnh Thị Kim Quyên', NULL, 6, 4, 16, 2, '221227144', '1991-05-16', '2017-09-25', NULL, '2018-03-13 07:54:37', NULL),
(1153, 1173, 'O8V', 'O8V01004', 'Ngô Nguyễn Hoàng Hải', NULL, 6, 4, 16, 1, '56075000062', '1975-09-16', '2001-12-01', NULL, '2018-03-13 07:54:37', NULL),
(1154, 1174, 'O8V', 'O8V04006', 'Phạm Ngọc Hiền', NULL, 6, 4, 9, 1, '25234634', '1980-08-22', '2004-11-01', NULL, '2018-03-13 07:54:37', NULL),
(1155, 1175, 'O8V', 'O8V07004', 'Ngô Thị Như Ý', NULL, 6, 4, 9, 2, '221090706', '1982-03-19', '2007-03-12', NULL, '2018-03-13 07:54:37', NULL),
(1156, 1176, 'O8V', 'O8V08022', 'Phạm Thị Tố Nhi', NULL, 6, 4, 16, 2, '24619159', '1983-04-28', '2008-09-21', NULL, '2018-03-13 07:54:37', NULL),
(1157, 1177, 'O8V', 'O8V14014', 'Tạ Thị Lan Hương', NULL, 6, 4, 16, 2, '24147806', '1987-02-28', '2014-04-01', NULL, '2018-03-13 07:54:37', NULL),
(1158, 1178, 'O8V', 'O8V14019', 'Nguyễn Thị Thùy Trang', NULL, 6, 4, 16, 2, '24169988', '1987-08-06', '2014-04-16', NULL, '2018-03-13 07:54:37', NULL),
(1159, 1179, 'O8V', 'O8V14039', 'Nguyễn Thị Kim', NULL, 6, 4, 7, 2, '25494089', '1982-05-25', '2014-08-04', NULL, '2018-03-13 07:54:37', NULL),
(1160, 1180, 'O8V', 'O8V15019', 'Nguyễn Vương Quốc Việt', NULL, 6, 4, 16, 1, '25346223', '1982-11-10', '2015-03-02', NULL, '2018-03-13 07:54:37', NULL),
(1161, 1181, 'O8V', 'O8VH0059', 'Vũ Thành Nhân', NULL, 6, 4, 16, 1, '24170868', '1988-05-18', '2018-01-18', NULL, '2018-03-13 07:54:37', NULL),
(1162, 1182, 'O8Z', 'O8Z09032', 'Lê Xuân Dương', NULL, 6, 4, 5, 1, '23031496', '1976-11-25', '2009-11-17', NULL, '2018-03-13 07:54:37', NULL),
(1163, 1183, 'O9C', 'O9C14028', 'Nguyễn Thị Hoài Diệu', NULL, 6, 6, 8, 2, '24416022', '1988-08-23', '2014-05-28', NULL, '2018-03-13 07:54:37', NULL),
(1164, 1184, 'O9C', 'O9CG0014', 'Lâm Thị Thu Hằng', NULL, 6, 6, 16, 2, '362366785', '1994-10-23', '2017-02-06', NULL, '2018-03-13 07:54:37', NULL),
(1165, 1185, 'O9G', 'O9G09004', 'Trần Thị Thu Trang', NULL, 6, 6, 16, 2, '23660080', '1983-09-10', '2009-04-10', NULL, '2018-03-13 07:54:37', NULL),
(1166, 1186, 'O9G', 'O9G09034', 'Vũ Đoàn Thị Thy Linh', NULL, 6, 6, 7, 2, '22548945', '1972-11-20', '2009-12-02', NULL, '2018-03-13 07:54:37', NULL),
(1167, 1187, 'O9G', 'O9G16151', 'Phạm Thị Kim Ngân', NULL, 6, 6, 17, 2, '25129594', '1994-08-02', '2016-10-10', NULL, '2018-03-13 07:54:37', NULL),
(1168, 1188, 'O9G', 'O9GG0089', 'Vũ Minh Ngọc', NULL, 6, 6, 17, 2, '12778575', '1991-04-17', '2017-05-03', NULL, '2018-03-13 07:54:37', NULL),
(1169, 1189, 'O9G', 'O9GG0280', 'Nguyễn Hoàng Ngọc Trâm', NULL, 6, 6, 16, 2, '272444466', '1994-10-25', '2017-10-11', NULL, '2018-03-13 07:54:37', NULL),
(1170, 1190, 'O9H', 'O9H11041', 'Phạm Thị Thu Hương', NULL, 6, 6, 16, 2, '271837019', '1987-11-15', '2011-12-19', NULL, '2018-03-13 07:54:37', NULL),
(1171, 1191, 'O9H', 'O9H16178', 'Dư Thị Minh Châu', NULL, 6, 6, 16, 2, '23860089', '1985-04-03', '2016-12-12', NULL, '2018-03-13 07:54:37', NULL),
(1172, 1192, 'O9H', 'O9HG0024', 'Nguyễn Thu Thủy', NULL, 6, 6, 16, 2, '25772151', '1982-01-10', '2017-02-06', NULL, '2018-03-13 07:54:37', NULL),
(1173, 1193, 'O9H', 'O9HG0032', 'Hồ Thị Thùy Trang', NULL, 6, 6, 16, 2, '25514607', '1979-10-25', '2017-02-08', NULL, '2018-03-13 07:54:37', NULL),
(1174, 1194, 'O9H', 'O9HG0034', 'Võ Hồng Uyên', NULL, 6, 6, 8, 2, '23273949', '1979-09-09', '2017-02-15', NULL, '2018-03-13 07:54:37', NULL),
(1175, 1195, 'O9H', 'O9HG0085', 'Nagata Moe', NULL, 6, 6, 16, 2, 'TR2602254', '1990-10-27', '2017-04-24', NULL, '2018-03-13 07:54:37', NULL),
(1176, 1196, 'O9H', 'O9HG0101', 'Nghiêm Thị Phượng', NULL, 6, 6, 16, 2, '142740811', '1994-02-09', '2017-05-15', NULL, '2018-03-13 07:54:37', NULL),
(1177, 1197, 'O9H', 'O9HG0134', 'Nguyễn Hoàng Thụy Thúy Vy', NULL, 6, 6, 16, 2, '23448049', '1984-01-30', '2017-07-03', NULL, '2018-03-13 07:54:37', NULL),
(1178, 1198, 'O9I', 'O9I07003', 'Hoàng Thế Long', NULL, 6, 6, 7, 1, '23467213', '1981-08-28', '2007-02-08', NULL, '2018-03-13 07:54:37', NULL),
(1179, 1199, 'O9I', 'O9I12014', 'Giang Văn Hoàng', NULL, 6, 6, 16, 1, '273258276', '1988-01-17', '2012-04-23', NULL, '2018-03-13 07:54:37', NULL),
(1180, 1200, 'O9I', 'O9I14011', 'Nguyễn Nhật Linh', NULL, 6, 6, 16, 1, '91594070', '1992-02-05', '2014-03-11', NULL, '2018-03-13 07:54:37', NULL),
(1181, 1201, 'O9I', 'O9I15053', 'Lâm Võ Trung Trực', NULL, 6, 6, 16, 1, '281034672', '1992-08-13', '2015-06-17', NULL, '2018-03-13 07:54:37', NULL),
(1182, 1202, 'O9I', 'O9I16169', 'Đỗ Quang Dũng', NULL, 6, 6, 16, 1, '241 056 493', '1989-08-18', '2016-11-07', NULL, '2018-03-13 07:54:37', NULL),
(1183, 1203, 'O9I', 'O9IG0051', 'Lê Văn Hiệp', NULL, 6, 6, 16, 1, '273294045', '1989-12-11', '2017-03-15', NULL, '2018-03-13 07:54:37', NULL),
(1184, 1204, 'O9I', 'O9IH0054', 'Nguyễn Thu Thủy', NULL, 6, 6, 16, 2, '23920037', '1984-11-12', '2018-01-15', NULL, '2018-03-13 07:54:37', NULL),
(1185, 1205, 'O9I', 'O9IH0280', 'Hoàng Minh Nhật', NULL, 6, 6, 16, 1, '24576860', '1991-09-07', '2018-02-22', NULL, '2018-03-13 07:54:37', NULL),
(1186, 1206, 'O9I', 'O9IH0283', 'Vũ Lê Thục Nhi', NULL, 6, 6, 16, 2, '205900688', '1994-04-25', '2018-02-23', NULL, '2018-03-13 07:54:37', NULL),
(1187, 1207, 'O9Z', 'O9Z11031', 'Nguyễn Thanh Thủy', NULL, 6, 6, 5, 2, '25051088', '1973-04-06', '2011-08-30', NULL, '2018-03-13 07:54:37', NULL),
(1188, 1208, 'P3S', 'P3S13040', 'Nguyễn Thế Mạnh', NULL, 12, 2, 9, 1, '215178710', '1990-10-22', '2013-10-01', NULL, '2018-03-13 07:54:37', NULL),
(1189, 1209, 'P3S', 'P3S15032', 'Huỳnh Tấn Nghiệm', NULL, 12, 2, 11, 1, '381419332', '1988-10-21', '2015-04-01', NULL, '2018-03-13 07:54:37', NULL),
(1190, 1210, 'P3S', 'P3S16166', 'Trần Minh Tuấn Anh', NULL, 12, 2, 11, 1, '334624015', '1993-10-01', '2016-11-01', NULL, '2018-03-13 07:54:37', NULL),
(1191, 1211, 'P3S', 'P3SG0250', 'Bùi Trường Giang', NULL, 12, 2, 14, 1, '371458534', '1993-12-30', '2017-09-15', NULL, '2018-03-13 07:54:37', NULL),
(1192, 1212, 'P3S', 'P3SG0251', 'Lê Thị Thùy Ngân', NULL, 12, 2, 16, 2, '363638727', '1992-02-27', '2017-09-15', NULL, '2018-03-13 07:54:37', NULL),
(1193, 1213, 'P3S', 'P3SH0007', 'Nguyễn Văn Quốc', NULL, 12, 2, 14, 1, '371731572', '1996-05-24', '2018-01-02', NULL, '2018-03-13 07:54:37', NULL),
(1194, 1214, 'R2D', 'R2D16091', 'Vũ Thị Thanh Thảo', NULL, 13, 1, 16, 2, '31396342', '1987-12-30', '2016-07-01', NULL, '2018-03-13 07:54:37', NULL),
(1195, 1215, 'R2D', 'R2D16146', 'Phạm Quốc Huy', NULL, 13, 1, 9, 1, '31082002380', '1982-02-02', '2016-10-01', NULL, '2018-03-13 07:54:37', NULL),
(1196, 1216, 'R2D', 'R2DG0065', 'Nguyễn Ngọc Dũng', NULL, 13, 1, 16, 1, '31324336', '1986-03-15', '2017-04-01', NULL, '2018-03-13 07:54:37', NULL),
(1197, 1217, 'R2D', 'R2DG0103', 'Đàm Quang Trung', NULL, 13, 1, 16, 1, '31908212', '1994-11-25', '2017-05-15', NULL, '2018-03-13 07:54:37', NULL),
(1198, 1218, 'R2D', 'R2DG0221', 'Nguyễn Thị Minh Trang', NULL, 13, 1, 15, 2, '31732377', '1993-07-09', '2017-08-29', NULL, '2018-03-13 07:54:37', NULL),
(1199, 1219, 'R2D', 'R2DH0064', 'Lê Văn Thắng', NULL, 13, 1, 16, 1, '31119067', '1982-02-22', '2018-01-22', NULL, '2018-03-13 07:54:37', NULL),
(1200, 1220, 'R2D', 'R2DH0289', 'Phạm Thanh Hải', NULL, 13, 1, 16, 1, '19090000036', '1990-08-10', '2018-03-05', NULL, '2018-03-13 07:54:37', NULL),
(1201, 1221, 'R2K', 'R2KG0008', 'Phạm Anh Tuấn', NULL, 13, 1, 10, 1, '31906684', '1994-10-05', '2017-01-06', NULL, '2018-03-13 07:54:37', NULL),
(1202, 1222, 'R2N', 'R2N16108', 'Nguyễn Văn Sơn', NULL, 13, 1, 10, 1, '31706297', '1993-06-06', '2016-08-08', NULL, '2018-03-13 07:54:37', NULL),
(1203, 1223, 'R2N', 'R2NG0326', 'Đỗ Đạt Cao Thành Nhân', NULL, 13, 1, 10, 1, '31093002041', '1993-08-28', '2017-11-08', NULL, '2018-03-13 07:54:37', NULL),
(1204, 1224, 'R2Z', 'R2Z02003', 'Nguyễn Trung Dũng', NULL, 13, 1, 5, 1, '111426024', '1979-08-10', '2002-06-01', NULL, '2018-03-13 07:54:37', NULL),
(1205, 1225, 'R3M', 'R3M16072', 'Phạm Văn Biền', NULL, 13, 2, 11, 1, '142142664', '1985-02-02', '2016-06-01', NULL, '2018-03-13 07:54:37', NULL),
(1206, 1226, 'R3P', 'R3P15063', 'Trần Thị Thanh Huyền', NULL, 13, 2, 16, 2, '31342580', '1985-11-01', '2015-07-15', NULL, '2018-03-13 07:54:37', NULL),
(1207, 1227, 'R3Q', 'R3Q13032', 'Nguyễn Văn Hà', NULL, 13, 2, 11, 1, '250768623', '1990-08-23', '2013-08-01', NULL, '2018-03-13 07:54:37', NULL),
(1208, 1228, 'R3Q', 'R3Q13043', 'Vũ Việt Dũng', NULL, 13, 2, 8, 1, '31466321', '1987-08-31', '2013-11-01', NULL, '2018-03-13 07:54:37', NULL),
(1209, 1229, 'R3S', 'R3S13039', 'Phạm Phương Thảo', NULL, 13, 2, 16, 2, '31718502', '1992-09-29', '2013-09-20', NULL, '2018-03-13 07:54:37', NULL),
(1210, 1230, 'R3S', 'R3S15050', 'Tô Đức Thắng', NULL, 13, 2, 11, 1, '121764805', '1989-05-25', '2015-06-03', NULL, '2018-03-13 07:54:37', NULL),
(1211, 1231, 'R3S', 'R3S15061', 'Bùi Trọng Nam', NULL, 13, 2, 11, 1, '31091001565', '1991-12-10', '2015-07-01', NULL, '2018-03-13 07:54:37', NULL),
(1212, 1232, 'R3S', 'R3S16038', 'Nguyễn Trọng Phúc', NULL, 13, 2, 11, 1, '151873054', '1992-06-18', '2016-04-19', NULL, '2018-03-13 07:54:37', NULL),
(1213, 1233, 'R3S', 'R3SG0036', 'Bùi Văn Tuấn', NULL, 13, 2, 14, 1, '31089000890', '1989-05-13', '2017-02-20', NULL, '2018-03-13 07:54:37', NULL),
(1214, 1234, 'R3S', 'R3SG0197', 'Hòa Việt Cường', NULL, 13, 2, 11, 1, '152017242', '1994-04-29', '2017-08-01', NULL, '2018-03-13 07:54:37', NULL),
(1215, 1235, 'R3S', 'R3SG0215', 'Ngô Thọ Huy', NULL, 13, 2, 16, 1, '31091000678', '1991-05-25', '2017-08-15', NULL, '2018-03-13 07:54:37', NULL),
(1216, 1236, 'R3S', 'R3SG0216', 'Lưu Quang Mạnh', NULL, 13, 2, 11, 1, '101227212', '1994-04-24', '2017-08-15', NULL, '2018-03-13 07:54:37', NULL),
(1217, 1237, 'R3S', 'R3SH0288', 'Nguyễn Văn Đông', NULL, 13, 2, 11, 1, '163017786', '1989-08-10', '2018-03-05', NULL, '2018-03-13 07:54:37', NULL),
(1218, 1238, 'R7A', 'R7A15062', 'Cung Thị Hồng Thúy', NULL, 13, 3, 7, 2, '31007745', '1979-10-22', '2015-07-06', NULL, '2018-03-13 07:54:37', NULL),
(1219, 1239, 'R7A', 'R7A16073', 'Nguyễn Thị Ngọc Ánh ', NULL, 13, 3, 16, 2, '31567416', '1990-05-05', '2016-06-02', NULL, '2018-03-13 07:54:37', NULL),
(1220, 1240, 'R8L', 'R8L16021', 'Vũ Hoàng Sơn', NULL, 13, 4, 16, 1, '31088002714', '1988-11-22', '2016-03-22', NULL, '2018-03-13 07:54:37', NULL),
(1221, 1241, 'R8L', 'R8L16026', 'Nguyễn Thị Hiền', NULL, 13, 4, 16, 2, '31560771', '1990-04-10', '2016-04-01', NULL, '2018-03-13 07:54:37', NULL),
(1222, 1242, 'R8L', 'R8L16055', 'Nguyễn Thế Định', NULL, 13, 4, 16, 1, '168306788', '1990-10-24', '2016-05-16', NULL, '2018-03-13 07:54:37', NULL),
(1223, 1243, 'R8L', 'R8LG0093', 'Nguyễn Thanh Ba', NULL, 13, 4, 16, 1, '31500059', '1989-07-28', '2017-05-08', NULL, '2018-03-13 07:54:37', NULL),
(1224, 1244, 'S2D', 'S2D08028', 'Nguyễn Đình Thụy My', NULL, 11, 1, 8, 2, '23445837', '1983-01-21', '2008-11-10', NULL, '2018-03-13 07:54:37', NULL),
(1225, 1245, 'S2D', 'S2D09018', 'Trần Thanh Phong', NULL, 11, 1, 6, 1, '25089060', '1978-05-11', '2009-07-01', NULL, '2018-03-13 07:54:37', NULL),
(1226, 1246, 'S2D', 'S2D09019', 'Phạm Quốc Đạt', NULL, 11, 1, 16, 1, '171639020', '1981-08-17', '2009-07-01', NULL, '2018-03-13 07:54:37', NULL),
(1227, 1247, 'S2D', 'S2D11013', 'Nguyễn Thái Quốc Hưng', NULL, 11, 1, 16, 1, '311531529', '1978-07-28', '2011-03-16', NULL, '2018-03-13 07:54:37', NULL),
(1228, 1248, 'S2D', 'S2D11019', 'Mai Đình Hải', NULL, 11, 1, 9, 1, '225298378', '1985-09-18', '2011-04-04', NULL, '2018-03-13 07:54:37', NULL),
(1229, 1249, 'S2D', 'S2D14043', 'Trần Thanh Phú', NULL, 11, 1, 10, 1, '301366023', '1991-10-09', '2014-09-03', NULL, '2018-03-13 07:54:37', NULL),
(1230, 1250, 'S2D', 'S2D15055', 'Phạm Hoàng Anh', NULL, 11, 1, 16, 2, '25009598', '1992-04-13', '2015-07-01', NULL, '2018-03-13 07:54:37', NULL),
(1231, 1251, 'S2D', 'S2D16002', 'Nguyễn Hữu Hậu', NULL, 11, 1, 10, 1, '250706790', '1987-01-17', '2016-01-04', NULL, '2018-03-13 07:54:37', NULL),
(1232, 1252, 'S2D', 'S2D16101', 'Hoàng Tiến Thành', NULL, 11, 1, 13, 1, '281004384', '1991-08-05', '2016-08-01', NULL, '2018-03-13 07:54:37', NULL),
(1233, 1253, 'S2D', 'S2D16121', 'Dương Minh Quang', NULL, 11, 1, 10, 1, '272271651', '1994-01-04', '2016-08-22', NULL, '2018-03-13 07:54:37', NULL),
(1234, 1254, 'S2D', 'S2D16125', 'Đoàn Thị Kim Ngọc', NULL, 11, 1, 15, 2, '272254556', '1991-08-04', '2016-09-05', NULL, '2018-03-13 07:54:37', NULL),
(1235, 1255, 'S2D', 'S2DG0006', 'Lê Hồng Hà', NULL, 11, 1, 10, 1, '281024817', '1993-10-01', '2017-01-03', NULL, '2018-03-13 07:54:37', NULL),
(1236, 1256, 'S2D', 'S2DG0015', 'Đỗ Danh Khoa', NULL, 11, 1, 13, 1, '25653845', '1994-09-24', '2017-02-06', NULL, '2018-03-13 07:54:37', NULL),
(1237, 1257, 'S2D', 'S2DG0060', 'Bùi Thị Tiểu Ý', NULL, 11, 1, 15, 2, '212702470', '1991-08-30', '2017-03-27', NULL, '2018-03-13 07:54:37', NULL),
(1238, 1258, 'S2D', 'S2DG0126', 'Nguyễn Hồng Phúc', NULL, 11, 1, 16, 1, '351866488', '1990-07-22', '2017-06-19', NULL, '2018-03-13 07:54:37', NULL),
(1239, 1259, 'S2D', 'S2DG0233', 'Phan Quang Kha', NULL, 11, 1, 10, 1, '212373968', '1995-09-02', '2017-09-05', NULL, '2018-03-13 07:54:37', NULL),
(1240, 1260, 'S2D', 'S2DG0410', 'Bùi Mỹ Ngọc Hân', NULL, 11, 1, 15, 2, '272391827', '1995-08-17', '2017-12-04', NULL, '2018-03-13 07:54:37', NULL),
(1241, 1261, 'S2D', 'S2DH0010', 'Huỳnh Lâm', NULL, 11, 1, 13, 1, '273571669', '1995-02-10', '2018-01-08', NULL, '2018-03-13 07:54:37', NULL),
(1242, 1262, 'S2E', 'S2E09020', 'Đặng Văn Thắng', NULL, 11, 1, 16, 1, '25560349', '1984-05-22', '2009-07-01', NULL, '2018-03-13 07:54:37', NULL),
(1243, 1263, 'S2E', 'S2E14049', 'Nguyễn Văn Phú', NULL, 11, 1, 10, 1, '225366146', '1988-02-01', '2014-10-01', NULL, '2018-03-13 07:54:37', NULL),
(1244, 1264, 'S2E', 'S2E15004', 'Thòng Quốc Vân', NULL, 11, 1, 8, 1, '271567241', '1984-03-20', '2015-01-05', NULL, '2018-03-13 07:54:37', NULL),
(1245, 1265, 'S2E', 'S2E16071', 'San Vinh Phát', NULL, 11, 1, 16, 1, '24636971', '1990-11-29', '2016-06-01', NULL, '2018-03-13 07:54:37', NULL),
(1246, 1266, 'S2E', 'S2EG0104', 'Hồ Xuân Viên', NULL, 11, 1, 16, 1, '212472853', '1994-12-20', '2017-05-15', NULL, '2018-03-13 07:54:37', NULL),
(1247, 1267, 'S2E', 'S2EG0323', 'Huỳnh Nguyễn Mai Khanh', NULL, 11, 1, 15, 2, '24978034', '1994-06-27', '2017-11-06', NULL, '2018-03-13 07:54:37', NULL),
(1248, 1268, 'S2H', 'S2H16087', 'Huỳnh Tuấn An', NULL, 11, 1, 10, 1, '321519401', '1994-11-28', '2016-07-01', NULL, '2018-03-13 07:54:37', NULL),
(1249, 1269, 'S2H', 'S2HG0105', 'Lê Văn Quang', NULL, 11, 1, 10, 1, '205822119', '1994-01-15', '2017-05-15', NULL, '2018-03-13 07:54:37', NULL),
(1250, 1270, 'S2H', 'S2HG0245', 'Phạm Như Thép', NULL, 11, 1, 9, 1, '23636570', '1982-10-17', '2017-09-11', NULL, '2018-03-13 07:54:37', NULL),
(1251, 1271, 'S2H', 'S2HG0252', 'Bùi Đức Thuận', NULL, 11, 1, 10, 1, '31612076', '1989-08-26', '2017-09-18', NULL, '2018-03-13 07:54:37', NULL),
(1252, 1272, 'S2H', 'S2HG0324', 'Trần Nguyễn Quỳnh Như', NULL, 11, 1, 15, 2, '25085870', '1993-06-13', '2017-11-06', NULL, '2018-03-13 07:54:37', NULL),
(1253, 1273, 'S2H', 'S2HH0343', 'Cao Thanh Long', NULL, 11, 1, 16, 1, '233177520', '1993-08-03', '2018-03-26', NULL, '2018-03-13 07:54:37', NULL),
(1254, 1274, 'S2K', 'S2K', 'Lê Trọng Duẩn', NULL, 11, 1, 13, 1, '5109300017', '1993-05-04', '2018-04-25', NULL, '2018-03-13 07:54:37', NULL),
(1255, 1275, 'S2K', 'S2K10026', 'Phạm Trung Kiên', NULL, 11, 1, 9, 1, '250500877', '1982-02-10', '2010-09-20', NULL, '2018-03-13 07:54:37', NULL),
(1256, 1276, 'S2K', 'S2K15007', 'Nguyễn Công Ngọc Đức', NULL, 11, 1, 10, 1, '205726052', '1992-12-13', '2015-01-05', NULL, '2018-03-13 07:54:37', NULL),
(1257, 1277, 'S2K', 'S2K16012', 'Nguyễn Hùng Vỹ', NULL, 11, 1, 10, 1, '24877033', '1993-04-26', '2016-02-15', NULL, '2018-03-13 07:54:37', NULL),
(1258, 1278, 'S2K', 'S2K16013', 'Mai Hoàng Khôi', NULL, 11, 1, 10, 1, '24861331', '1993-05-03', '2016-02-15', NULL, '2018-03-13 07:54:37', NULL),
(1259, 1279, 'S2K', 'S2K16097', 'Trịnh Thị Kiều Vân', NULL, 11, 1, 13, 2, '250892561', '1994-12-08', '2016-07-11', NULL, '2018-03-13 07:54:37', NULL),
(1260, 1280, 'S2K', 'S2K16107', 'Trần Văn Cường', NULL, 11, 1, 10, 1, '273585838', '1994-03-16', '2016-08-03', NULL, '2018-03-13 07:54:37', NULL),
(1261, 1281, 'S2K', 'S2KG0022', 'Trần Vũ Đại', NULL, 11, 1, 10, 1, '25785146', '1987-03-10', '2017-02-06', NULL, '2018-03-13 07:54:37', NULL),
(1262, 1282, 'S2K', 'S2KG0073', 'Trần Đức Duy', NULL, 11, 1, 13, 1, '25014388', '1994-12-01', '2017-04-17', NULL, '2018-03-13 07:54:37', NULL),
(1263, 1283, 'S2K', 'S2KG0107', 'Trần Minh Thi', NULL, 11, 1, 10, 1, '215288641', '1994-12-20', '2017-05-18', NULL, '2018-03-13 07:54:37', NULL),
(1264, 1284, 'S2K', 'S2KG0128', 'Đỗ Hoàng Anh Thi', NULL, 11, 1, 10, 1, '285359369', '1986-02-20', '2017-06-21', NULL, '2018-03-13 07:54:37', NULL),
(1265, 1285, 'S2K', 'S2KG0195', 'Nguyễn Trương Lâm Khanh', NULL, 11, 1, 10, 1, '212370888', '1994-04-11', '2017-08-01', NULL, '2018-03-13 07:54:37', NULL),
(1266, 1286, 'S2K', 'S2KH0344', 'Tạ Nhật Quang', NULL, 11, 1, 13, 1, '272235028', '1994-01-11', '2018-03-26', NULL, '2018-03-13 07:54:37', NULL),
(1267, 1287, 'S2N', 'S2NH0392', 'Võ Đại Cương', NULL, 11, 1, 10, 1, '273563610', '1995-01-01', '2018-04-02', NULL, '2018-03-13 07:54:37', NULL),
(1268, 1288, 'S2N', 'S2N06008', 'Phạm Văn Đức', NULL, 11, 1, 13, 1, '23460306', '1981-10-23', '2006-04-03', NULL, '2018-03-13 07:54:37', NULL),
(1269, 1289, 'S2N', 'S2N06010', 'Lê Phương Hải', NULL, 11, 1, 6, 1, '201492302', '1983-06-12', '2006-04-01', NULL, '2018-03-13 07:54:37', NULL),
(1270, 1290, 'S2N', 'S2N06015', 'Nguyễn Minh Luân', NULL, 11, 1, 7, 1, '23878708', '1983-06-25', '2006-09-25', NULL, '2018-03-13 07:54:37', NULL),
(1271, 1291, 'S2N', 'S2N06016', 'Đặng Văn Chiến', NULL, 11, 1, 9, 1, '25499897', '1982-10-24', '2006-09-25', NULL, '2018-03-13 07:54:37', NULL),
(1272, 1292, 'S2N', 'S2N07009', 'Nguyễn Thế Vinh', NULL, 11, 1, 10, 1, '225240482', '1984-03-02', '2007-06-27', NULL, '2018-03-13 07:54:37', NULL),
(1273, 1293, 'S2N', 'S2NH0393', 'Đinh Thái Sang', NULL, 11, 1, 10, 1, '301519936', '1995-10-08', '2018-04-02', NULL, '2018-03-13 07:54:37', NULL),
(1274, 1294, 'S2N', 'S2N11008', 'Võ Thành Trung', NULL, 11, 1, 10, 1, '24256854', '1988-08-30', '2011-02-28', NULL, '2018-03-13 07:54:37', NULL),
(1275, 1295, 'S2N', 'S2N15003', 'Trần Hải Anh', NULL, 11, 1, 10, 1, '13086801', '1992-06-19', '2015-01-05', NULL, '2018-03-13 07:54:37', NULL),
(1276, 1296, 'S2N', 'S2N15006', 'Nguyễn Quang Nhật', NULL, 11, 1, 10, 1, '280324306', '1984-05-03', '2015-01-05', NULL, '2018-03-13 07:54:37', NULL),
(1277, 1297, 'S2N', 'S2N15016', 'Huỳnh Ngọc Hoành', NULL, 11, 1, 10, 1, '273304093', '1989-02-26', '2015-02-02', NULL, '2018-03-13 07:54:37', NULL),
(1278, 1298, 'S2N', 'S2N15040', 'Võ Phước Nhẫn', NULL, 11, 1, 10, 1, '371278365', '1991-02-17', '2015-05-04', NULL, '2018-03-13 07:54:37', NULL),
(1279, 1299, 'S2N', 'S2N16003', 'Lê Văn Hợp', NULL, 11, 1, 10, 1, '273476974', '1992-01-01', '2016-01-04', NULL, '2018-03-13 07:54:37', NULL),
(1280, 1300, 'S2N', 'S2N16019', 'Trần Thị Phương Lan', NULL, 11, 1, 15, 2, '272232744', '1991-10-25', '2016-03-07', NULL, '2018-03-13 07:54:37', NULL),
(1281, 1301, 'S2N', 'S2N16115', 'Nguyễn Thanh Đạo', NULL, 11, 1, 13, 1, '25027622', '1994-06-14', '2016-08-16', NULL, '2018-03-13 07:54:37', NULL),
(1282, 1302, 'S2N', 'S2N16118', 'Nguyễn Nhật Tân', NULL, 11, 1, 10, 1, '312288893', '1994-01-13', '2016-08-16', NULL, '2018-03-13 07:54:37', NULL),
(1283, 1303, 'S2N', 'S2NG0004', 'Đặng Thành Công', NULL, 11, 1, 10, 1, '24603007', '1991-09-10', '2017-01-03', NULL, '2018-03-13 07:54:37', NULL),
(1284, 1304, 'S2N', 'S2NG0023', 'Huỳnh Thảo Nguyên', NULL, 11, 1, 15, 2, '285420781', '1992-12-02', '2017-02-06', NULL, '2018-03-13 07:54:37', NULL),
(1285, 1305, 'S2N', 'S2NG0124', 'Nguyễn Thị Kim Ngọc', NULL, 11, 1, 15, 2, '52187000049', '1987-04-17', '2017-06-16', NULL, '2018-03-13 07:54:37', NULL),
(1286, 1306, 'S2N', 'S2NG0234', 'Trần Nguyễn Phi Long', NULL, 11, 1, 10, 1, '290949069', '1989-09-03', '2017-09-05', NULL, '2018-03-13 07:54:37', NULL),
(1287, 1307, 'S2N', 'S2NG0317', 'Phạm Lâm Mỹ Liên', NULL, 11, 1, 15, 2, '25246417', '1995-11-04', '2017-11-01', NULL, '2018-03-13 07:54:37', NULL),
(1288, 1308, 'S2N', 'S2NH0056', 'Nguyễn Hoàng Dương', NULL, 11, 1, 10, 1, '25288670', '1995-12-14', '2018-01-15', NULL, '2018-03-13 07:54:37', NULL),
(1289, 1309, 'S2Q', 'S2Q06011', 'Phạm Trường Xuân', NULL, 11, 1, 8, 1, '25422183', '1982-01-02', '2006-05-15', NULL, '2018-03-13 07:54:37', NULL),
(1290, 1310, 'S2Q', 'S2Q09024', 'Nguyễn Thanh Quang', NULL, 11, 1, 7, 1, '25562782', '1981-02-28', '2009-08-01', NULL, '2018-03-13 07:54:37', NULL),
(1291, 1311, 'S2Q', 'S2Q11001', 'Thái Văn Ly', NULL, 11, 1, 9, 1, '26132099', '1982-11-20', '2011-01-11', NULL, '2018-03-13 07:54:37', NULL),
(1292, 1312, 'S2Q', 'S2Q13028', 'Nguyễn Viết Hùng Sinh', NULL, 11, 1, 10, 1, '225215503', '1984-02-08', '2013-07-18', NULL, '2018-03-13 07:54:37', NULL),
(1293, 1313, 'S2Q', 'S2Q13029', 'Đoàn Trần Quang', NULL, 11, 1, 10, 1, '23732218', '1984-07-24', '2013-07-18', NULL, '2018-03-13 07:54:37', NULL),
(1294, 1314, 'S2Q', 'S2Q15026', 'Đỗ Duy Minh', NULL, 11, 1, 10, 1, '24642817', '1992-02-10', '2015-03-16', NULL, '2018-03-13 07:54:37', NULL),
(1295, 1315, 'S2Q', 'S2Q15041', 'Nguyễn Nhật Linh', NULL, 11, 1, 10, 1, '215100914', '1990-03-06', '2015-05-04', NULL, '2018-03-13 07:54:37', NULL),
(1296, 1316, 'S2Q', 'S2Q16010', 'Huỳnh Thiện Tâm', NULL, 11, 1, 10, 1, '250955477', '1993-09-20', '2016-02-15', NULL, '2018-03-13 07:54:37', NULL),
(1297, 1317, 'S2Q', 'S2Q16160', 'Vương Thế Phong', NULL, 11, 1, 10, 1, '23610692', '1980-04-22', '2016-10-24', NULL, '2018-03-13 07:54:37', NULL),
(1298, 1318, 'S2Q', 'S2QG0021', 'Trương Vũ Như Hiếu', NULL, 11, 1, 15, 2, '272470180', '1995-04-15', '2017-02-06', NULL, '2018-03-13 07:54:37', NULL),
(1299, 1319, 'S2Q', 'S2QG0235', 'Nguyễn Bão Toàn', NULL, 11, 1, 13, 1, '331796992', '1995-05-31', '2017-09-05', NULL, '2018-03-13 07:54:37', NULL),
(1300, 1320, 'S2Q', 'S2QH0065', 'Phạm Nguyễn Hoàng Duy', NULL, 11, 1, 13, 1, '250950960', '1994-01-13', '2018-01-22', NULL, '2018-03-13 07:54:37', NULL),
(1301, 1321, 'S2Q', 'S2QH0281', 'Võ Lê Nguyên', NULL, 11, 1, 13, 1, '285666143', '1995-12-22', '2018-02-22', NULL, '2018-03-13 07:54:37', NULL),
(1302, 1322, 'S2Z', 'S2Z95002', 'Nguyễn Thị Lệ Thanh', NULL, 11, 1, 3, 2, '22616647', '1971-01-16', '1995-03-01', NULL, '2018-03-13 07:54:37', NULL),
(1303, 1323, 'S3M', 'S3M03006', 'Nguyễn Trọng Trí', NULL, 11, 2, 14, 1, '290781455', '1982-01-01', '2003-06-01', NULL, '2018-03-13 07:54:37', NULL),
(1304, 1324, 'S3M', 'S3M03007', 'Huỳnh Thanh Vũ', NULL, 11, 2, 14, 1, '320891380', '1974-10-20', '2003-10-01', NULL, '2018-03-13 07:54:37', NULL),
(1305, 1325, 'S3M', 'S3M06009', 'Đỗ Danh Lợi', NULL, 11, 2, 8, 1, '125112962', '1983-03-20', '2006-04-03', NULL, '2018-03-13 07:54:37', NULL),
(1306, 1326, 'S3M', 'S3M06023', 'Nguyễn Đình Thăng', NULL, 11, 2, 14, 1, '311896194', '1986-12-25', '2006-11-15', NULL, '2018-03-13 07:54:37', NULL),
(1307, 1327, 'S3M', 'S3M07012', 'Phạm Kim Long', NULL, 11, 2, 14, 1, '23126445', '1980-07-06', '2007-07-01', NULL, '2018-03-13 07:54:37', NULL),
(1308, 1328, 'S3M', 'S3M15064', 'Trần Bảo Tâm', NULL, 11, 2, 11, 1, '24495745', '1991-10-25', '2015-07-15', NULL, '2018-03-13 07:54:37', NULL),
(1309, 1329, 'S3M', 'S3M16088', 'Trương Vĩnh Thành', NULL, 11, 2, 11, 1, '280963920', '1991-07-21', '2016-07-01', NULL, '2018-03-13 07:54:37', NULL),
(1310, 1330, 'S3M', 'S3M16131', 'Hoàng Ngọc Diễm My', NULL, 11, 2, 11, 2, '250957809', '1994-10-08', '2016-09-05', NULL, '2018-03-13 07:54:37', NULL),
(1311, 1331, 'S3M', 'S3MG0075', 'Nguyễn Văn Thể', NULL, 11, 2, 14, 1, '273490751', '1992-12-09', '2017-04-17', NULL, '2018-03-13 07:54:37', NULL),
(1312, 1332, 'S3P', 'S3P10027', 'Nguyễn Thị Lệ Quyên', NULL, 11, 2, 9, 2, '281229375', '1986-04-02', '2010-09-20', NULL, '2018-03-13 07:54:37', NULL),
(1313, 1333, 'S3P', 'S3P14029', 'Nguyễn Thị Hoàng Lan', NULL, 11, 2, 16, 2, '24982850', '1991-02-03', '2014-05-29', NULL, '2018-03-13 07:54:37', NULL),
(1314, 1334, 'S3P', 'S3P15090', 'Ngụy Thanh Lam', NULL, 11, 2, 16, 2, '212259834', '1992-06-18', '2015-09-16', NULL, '2018-03-13 07:54:37', NULL),
(1315, 1335, 'S3P', 'S3PG0052', 'Nguyễn Thị Vân Anh', NULL, 11, 2, 16, 2, '241351222', '1994-04-20', '2017-03-16', NULL, '2018-03-13 07:54:37', NULL),
(1316, 1336, 'S3P', 'S3PG0108', 'Nguyễn Ngọc Quyên', NULL, 11, 2, 16, 2, '250782423', '1991-01-02', '2017-05-22', NULL, '2018-03-13 07:54:37', NULL),
(1317, 1337, 'S3P', 'S3PG0171', 'Trịnh Thị Dị Thảo', NULL, 11, 2, 16, 2, '212768940', '1994-03-18', '2017-07-20', NULL, '2018-03-13 07:54:37', NULL),
(1318, 1338, 'S3P', 'S3PG0384', 'Nguyễn Văn Nguyên', NULL, 11, 2, 16, 1, '212704420', '1991-01-01', '2017-11-23', NULL, '2018-03-13 07:54:37', NULL),
(1319, 1339, 'S3Q', 'S3Q05004', 'Nguyễn Văn Vinh', NULL, 11, 2, 9, 1, '25972087', '1982-04-24', '2005-04-01', NULL, '2018-03-13 07:54:37', NULL),
(1320, 1340, 'S3Q', 'S3Q05005', 'Nguyễn Hữu Long', NULL, 11, 2, 11, 1, '25427903', '1976-12-28', '2005-04-04', NULL, '2018-03-13 07:54:37', NULL),
(1321, 1341, 'S3Q', 'S3Q08007', 'Đinh Thái Sơn', NULL, 11, 2, 11, 1, '261322554', '1982-01-07', '2008-03-20', NULL, '2018-03-13 07:54:37', NULL),
(1322, 1342, 'S3Q', 'S3Q09026', 'Phạm Gia Đức', NULL, 11, 2, 7, 1, '20403454', '1962-09-29', '2009-08-01', NULL, '2018-03-13 07:54:37', NULL),
(1323, 1343, 'S3Q', 'S3Q11009', 'Lê Quang Dinh', NULL, 11, 2, 11, 1, '23745193', '1983-02-08', '2011-02-14', NULL, '2018-03-13 07:54:37', NULL),
(1324, 1344, 'S3Q', 'S3Q11010', 'Nguyễn Đỗ Anh Tuấn', NULL, 11, 2, 9, 1, '22725415', '1973-10-03', '2011-02-14', NULL, '2018-03-13 07:54:37', NULL),
(1325, 1345, 'S3Q', 'S3Q11011', 'Huỳnh Trung Tính', NULL, 11, 2, 11, 1, '311672212', '1980-01-16', '2011-02-14', NULL, '2018-03-13 07:54:37', NULL),
(1326, 1346, 'S3Q', 'S3Q14054', 'Võ Thị Thu Nguyệt', NULL, 11, 2, 16, 2, '212656631', '1991-06-08', '2014-10-20', NULL, '2018-03-13 07:54:37', NULL),
(1327, 1347, 'S3Q', 'S3Q15066', 'Nguyễn Thanh Tú', NULL, 11, 2, 11, 1, '285457429', '1993-01-19', '2015-08-01', NULL, '2018-03-13 07:54:37', NULL),
(1328, 1348, 'S3Q', 'S3Q16011', 'Lê Thanh Hiếu', NULL, 11, 2, 11, 1, '24607444', '1993-01-02', '2016-02-15', NULL, '2018-03-13 07:54:37', NULL),
(1329, 1349, 'S3Q', 'S3Q16031', 'Nguyễn Minh Phương', NULL, 11, 2, 16, 2, '25064880', '1993-06-25', '2016-04-06', NULL, '2018-03-13 07:54:37', NULL),
(1330, 1350, 'S3Q', 'S3QG0035', 'Nguyễn Thanh Duy', NULL, 11, 2, 11, 1, '311966124', '1989-05-01', '2017-02-20', NULL, '2018-03-13 07:54:37', NULL),
(1331, 1351, 'S3Q', 'S3QG0172', 'Trương Công Nguyên', NULL, 11, 2, 11, 1, '23434373', '1978-10-18', '2017-07-20', NULL, '2018-03-13 07:54:37', NULL),
(1332, 1352, 'S3Q', 'S3QG0313', 'Phan Minh Thuận', NULL, 11, 2, 14, 1, '301583834', '1996-01-02', '2017-10-26', NULL, '2018-03-13 07:54:37', NULL),
(1333, 1353, 'S3S', 'S3S03008', 'Mai Hữu Dương', NULL, 11, 2, 14, 1, '24603624', '1980-07-08', '2003-12-01', NULL, '2018-03-13 07:54:37', NULL),
(1334, 1354, 'S3S', 'S3S05003', 'Trần Xuân Phúc', NULL, 11, 2, 9, 1, '271227993', '1977-08-02', '2005-04-04', NULL, '2018-03-13 07:54:37', NULL),
(1335, 1355, 'S3S', 'S3S05012', 'Nguyễn Văn Thành', NULL, 11, 2, 14, 1, '172199009', '1985-03-05', '2005-08-25', NULL, '2018-03-13 07:54:37', NULL),
(1336, 1356, 'S3S', 'S3S06006', 'Phạm Ngọc Toản', NULL, 11, 2, 16, 1, '22065996', '1966-10-07', '2006-02-28', NULL, '2018-03-13 07:54:37', NULL),
(1337, 1357, 'S3S', 'S3S06024', 'Nguyễn Khắc Sinh', NULL, 11, 2, 11, 1, '211803941', '1982-06-12', '2006-11-22', NULL, '2018-03-13 07:54:37', NULL),
(1338, 1358, 'S3S', 'S3S07013', 'Nguyễn Văn Thảo', NULL, 11, 2, 7, 1, '75085000519', '1985-11-11', '2007-07-02', NULL, '2018-03-13 07:54:37', NULL),
(1339, 1359, 'S3S', 'S3S07016', 'Nguyễn Thành Tấn', NULL, 11, 2, 14, 1, '23830091', '1985-09-21', '2007-10-08', NULL, '2018-03-13 07:54:37', NULL),
(1340, 1360, 'S3S', 'S3S10006', 'Phạm Ngọc Hà', NULL, 11, 2, 14, 1, '161431176', '1985-02-26', '2010-03-03', NULL, '2018-03-13 07:54:37', NULL),
(1341, 1361, 'S3S', 'S3S10012', 'Vũ Hoàng Minh', NULL, 11, 2, 9, 1, '24031027', '1987-11-01', '2010-06-15', NULL, '2018-03-13 07:54:37', NULL),
(1342, 1362, 'S3S', 'S3S14007', 'Đỗ Minh Trí', NULL, 11, 2, 11, 1, '321418879', '1992-11-23', '2014-03-03', NULL, '2018-03-13 07:54:37', NULL),
(1343, 1363, 'S3S', 'S3S14047', 'Võ Thị Thanh Phượng', NULL, 11, 2, 16, 2, '24709723', '1990-02-16', '2014-10-01', NULL, '2018-03-13 07:54:37', NULL),
(1344, 1364, 'S3S', 'S3S15083', 'Bùi Minh Thanh', NULL, 11, 2, 11, 1, '212290049', '1986-04-30', '2015-09-01', NULL, '2018-03-13 07:54:37', NULL),
(1345, 1365, 'S3S', 'S3S15100', 'Đinh Văn Quy', NULL, 11, 2, 11, 1, '272143498', '1990-10-12', '2015-11-02', NULL, '2018-03-13 07:54:37', NULL),
(1346, 1366, 'S3S', 'S3S16049', 'Nguyễn Thanh Hậu', NULL, 11, 2, 11, 1, '291117226', '1994-06-10', '2016-05-03', NULL, '2018-03-13 07:54:37', NULL),
(1347, 1367, 'S3S', 'S3S16062', 'Nguyễn Phan Hải Đăng', NULL, 11, 2, 11, 1, '25118656', '1993-12-16', '2016-05-23', NULL, '2018-03-13 07:54:37', NULL),
(1348, 1368, 'S3S', 'S3S16077', 'Lâm Thạnh Khang', NULL, 11, 2, 14, 1, '352213207', '1995-05-28', '2016-06-13', NULL, '2018-03-13 07:54:37', NULL),
(1349, 1369, 'S3S', 'S3S16078', 'Nguyễn Văn Hậu', NULL, 11, 2, 14, 1, '312256667', '1995-11-28', '2016-06-13', NULL, '2018-03-13 07:54:37', NULL),
(1350, 1370, 'S3S', 'S3S16114', 'Nguyễn Văn Hảo', NULL, 11, 2, 11, 1, '341834160', '1994-08-16', '2016-08-16', NULL, '2018-03-13 07:54:37', NULL),
(1351, 1371, 'S3S', 'S3S16116', 'Lê Minh Huy', NULL, 11, 2, 11, 1, '215377978', '1994-08-16', '2016-08-16', NULL, '2018-03-13 07:54:37', NULL),
(1352, 1372, 'S3S', 'S3S16117', 'Huỳnh Ngọc Quân', NULL, 11, 2, 11, 1, '212261117', '1993-06-22', '2016-08-16', NULL, '2018-03-13 07:54:37', NULL),
(1353, 1373, 'S3S', 'S3S16119', 'Huỳnh Công Hiền', NULL, 11, 2, 11, 1, '301489938', '1994-09-14', '2016-08-16', NULL, '2018-03-13 07:54:37', NULL),
(1354, 1374, 'S3S', 'S3S16130', 'Trần Văn Việt', NULL, 11, 2, 11, 1, '273485302', '1994-10-04', '2016-09-05', NULL, '2018-03-13 07:54:37', NULL),
(1355, 1375, 'S3S', 'S3S16165', 'Nguyễn Quang Hậu', NULL, 11, 2, 11, 1, '285240630', '1994-08-02', '2016-11-01', NULL, '2018-03-13 07:54:37', NULL),
(1356, 1376, 'S3S', 'S3S16177', 'Nguyễn Hoàng Huy', NULL, 11, 2, 14, 1, '321495510', '1995-01-04', '2016-12-05', NULL, '2018-03-13 07:54:37', NULL),
(1357, 1377, 'S3S', 'S3S96006', 'Phạm Văn Đôn', NULL, 11, 2, 14, 1, '22015624', '1969-07-27', '1996-12-01', NULL, '2018-03-13 07:54:37', NULL),
(1358, 1378, 'S3S', 'S3S99002', 'Võ Tấn Khiết', NULL, 11, 2, 14, 1, '22683143', '1973-04-09', '1999-12-01', NULL, '2018-03-13 07:54:37', NULL),
(1359, 1379, 'S3S', 'S3SG0016', 'Phạm Thị Thùy Dương', NULL, 11, 2, 16, 2, '272448853', '1993-03-11', '2017-02-06', NULL, '2018-03-13 07:54:37', NULL),
(1360, 1380, 'S3S', 'S3SG0017', 'Nguyễn Khắc Hưng', NULL, 11, 2, 11, 1, '1944 81026', '1991-05-06', '2017-02-06', NULL, '2018-03-13 07:54:37', NULL),
(1361, 1381, 'S3S', 'S3SG0043', 'Vy Minh Ngữ', NULL, 11, 2, 11, 1, '371575364', '1994-08-27', '2017-03-01', NULL, '2018-03-13 07:54:37', NULL),
(1362, 1382, 'S3S', 'S3SG0084', 'Trương Đại Thành ', NULL, 11, 2, 11, 1, '241415016', '1993-10-30', '2017-04-24', NULL, '2018-03-13 07:54:37', NULL),
(1363, 1383, 'S3S', 'S3SG0118', 'Nguyễn Hữu Trí', NULL, 11, 2, 11, 1, '312203298', '1994-11-28', '2017-06-01', NULL, '2018-03-13 07:54:37', NULL),
(1364, 1384, 'S3S', 'S3SG0170', 'Nguyễn Tấn Thi ', NULL, 11, 2, 11, 1, '225606716', '1995-10-10', '2017-07-17', NULL, '2018-03-13 07:54:37', NULL),
(1365, 1385, 'S3S', 'S3SG0325', 'Iguchi Kazuya', NULL, 11, 2, 14, 1, 'TR8779421', '1988-03-07', '2017-10-20', NULL, '2018-03-13 07:54:37', NULL),
(1366, 1386, 'S3S', 'S3SG0328', 'Nguyễn Thị Thúy Hằng', NULL, 11, 2, 16, 2, '24148076', '1987-11-26', '2017-11-13', NULL, '2018-03-13 07:54:37', NULL),
(1367, 1387, 'S3S', 'S3SG0382', 'Nguyễn Đăng Tín', NULL, 11, 2, 11, 1, '187091411', '1991-05-17', '2017-11-20', NULL, '2018-03-13 07:54:37', NULL),
(1368, 1388, 'S3S', 'S3SH0290', 'Nguyễn Duy Hoàng Lộc', NULL, 11, 2, 14, 1, '79095004149', '1995-12-06', '2018-03-05', NULL, '2018-03-13 07:54:37', NULL),
(1369, 1389, 'S3S', 'S3SH0294', 'Nguyễn Đức Duy', NULL, 11, 2, 11, 1, '250785900', '1992-04-25', '2018-03-12', NULL, '2018-03-13 07:54:37', NULL),
(1370, 1390, 'S7A', 'S7A04003', 'Lê Thị Thu Huyền', NULL, 11, 3, 16, 2, '22316974', '1968-04-17', '2004-08-01', NULL, '2018-03-13 07:54:37', NULL),
(1371, 1391, 'S7A', 'S7A11040', 'Trần Ngọc Điệp', NULL, 11, 3, 8, 2, '24223354', '1989-03-26', '2011-12-01', NULL, '2018-03-13 07:54:37', NULL),
(1372, 1392, 'S7A', 'S7A14016', 'Trần Thị Duyên Anh', NULL, 11, 3, 16, 2, '24668230', '1990-10-03', '2014-04-01', NULL, '2018-03-13 07:54:37', NULL),
(1373, 1393, 'S7A', 'S7AG0003', 'Nguyễn Trọng Nam', NULL, 11, 3, 16, 1, '245249160', '1994-08-20', '2017-01-03', NULL, '2018-03-13 07:54:37', NULL),
(1374, 1394, 'S7A', 'S7AG0122', 'Nguyễn Thị Thủy', NULL, 11, 3, 16, 2, '230975032', '1995-06-19', '2017-06-13', NULL, '2018-03-13 07:54:37', NULL),
(1375, 1395, 'S7A', 'S7AG0123', 'Đoàn Thị Hương Giang', NULL, 11, 3, 16, 2, '25289360', '1994-09-11', '2017-06-13', NULL, '2018-03-13 07:54:37', NULL),
(1376, 1396, 'S7A', 'S7AG0246', 'Phạm Phương Hiếu', NULL, 11, 3, 16, 2, '215302648', '1995-09-27', '2017-09-11', NULL, '2018-03-13 07:54:37', NULL),
(1377, 1397, 'S7A', 'S7AG0255', 'Hà Thị Huyền', NULL, 11, 3, 16, 2, '285296162', '1992-07-13', '2017-09-21', NULL, '2018-03-13 07:54:37', NULL),
(1378, 1398, 'S8L', 'S8L06001', 'Nguyễn Văn Hoàng', NULL, 11, 4, 16, 1, '22948816', '1976-11-07', '2006-01-01', NULL, '2018-03-13 07:54:37', NULL),
(1379, 1399, 'S8L', 'S8L07011', 'Phạm Thị Phương Lan', NULL, 11, 4, 16, 2, '24507333', '1977-06-30', '2007-07-02', NULL, '2018-03-13 07:54:37', NULL),
(1380, 1400, 'S8L', 'S8L08006', 'Nguyễn Trường Tam', NULL, 11, 4, 16, 1, '205419853', '1990-01-01', '2008-03-04', NULL, '2018-03-13 07:54:37', NULL),
(1381, 1401, 'S8L', 'S8L08021', 'Hà Văn Nhân', NULL, 11, 4, 16, 1, '24706848', '1979-10-20', '2008-09-06', NULL, '2018-03-13 07:54:37', NULL),
(1382, 1402, 'S8L', 'S8L09001', 'Phạm Văn Tấn', NULL, 11, 4, 16, 1, '271720140', '1980-11-20', '2009-02-01', NULL, '2018-03-13 07:54:37', NULL),
(1383, 1403, 'S8L', 'S8L09014', 'Trần Công Địch', NULL, 11, 4, 16, 1, '270570227', '1965-02-02', '2009-06-25', NULL, '2018-03-13 07:54:37', NULL),
(1384, 1404, 'S8L', 'S8L10024', 'Nguyễn Thành Quí', NULL, 11, 4, 16, 1, '24014930', '1977-01-20', '2010-08-16', NULL, '2018-03-13 07:54:37', NULL),
(1385, 1405, 'S8L', 'S8L13010', 'Trương Ngọc Thiên Nhị', NULL, 11, 4, 8, 2, '25725968', '1988-09-16', '2013-04-15', NULL, '2018-03-13 07:54:37', NULL),
(1386, 1406, 'S8L', 'S8L15077', 'Lê Duy Khánh', NULL, 11, 4, 16, 1, '290968544\n072091001353 - CMND mới', '1991-10-03', '2015-08-17', NULL, '2018-03-13 07:54:37', NULL),
(1387, 1407, 'S8L', 'S8L15079', 'Trần Thị Thanh Thảo', NULL, 11, 4, 16, 2, '250551300', '1984-06-18', '2015-09-01', NULL, '2018-03-13 07:54:37', NULL),
(1388, 1408, 'S8L', 'S8L15108', 'Nguyễn Võ Thu Nhi', NULL, 11, 4, 9, 2, '211770906', '1984-08-14', '2015-12-21', NULL, '2018-03-13 07:54:37', NULL),
(1389, 1409, 'S8L', 'S8L16017', 'Hoàng Sĩ Dũng', NULL, 11, 4, 16, 1, '172668496', '1988-03-10', '2016-02-22', NULL, '2018-03-13 07:54:37', NULL),
(1390, 1410, 'S8L', 'S8L16047', 'Lê Yến Nhi', NULL, 11, 4, 16, 2, '301347943', '1990-03-03', '2016-05-03', NULL, '2018-03-13 07:54:37', NULL),
(1391, 1411, 'S8L', 'S8L95005', 'Trần Mạnh Dũng', NULL, 11, 4, 16, 1, '22576195', '1960-05-25', '1995-07-01', NULL, '2018-03-13 07:54:37', NULL),
(1392, 1412, 'S8L', 'S8L96002', 'Nguyễn Thị Hồng Cúc', NULL, 11, 4, 16, 2, '22228218', '1969-10-11', '1996-09-01', NULL, '2018-03-13 07:54:37', NULL),
(1393, 1413, 'S8L', 'S8L96004', 'Phạm Văn Đô', NULL, 11, 4, 16, 1, '22015927', '1966-10-14', '1996-12-01', NULL, '2018-03-13 07:54:37', NULL),
(1394, 1414, 'S8L', 'S8LG0013', 'Phạm Công Doanh', NULL, 11, 4, 16, 1, '24204564', '1989-07-05', '2017-02-06', NULL, '2018-03-13 07:54:37', NULL);
INSERT INTO `api_employee` (`id`, `user_id`, `dept_code`, `current_code`, `full_name`, `phone`, `branch_id`, `division_id`, `position_id`, `gender`, `id_card`, `birthday`, `join_date`, `deleted_at`, `created_at`, `updated_at`) VALUES
(1395, 1415, 'S8L', 'S8LG0196', 'Đặng Phan Hoài Phương', NULL, 11, 4, 16, 1, '24417787', '1991-05-23', '2017-08-01', NULL, '2018-03-13 07:54:37', NULL),
(1396, 1416, 'S8L', 'S8LG0217', 'Đặng Huỳnh Phương Trang', NULL, 11, 4, 16, 2, '25022549', '1994-10-30', '2017-08-25', NULL, '2018-03-13 07:54:37', NULL),
(1397, 1417, 'S8L', 'S8LG0236', 'Nguyễn Văn Dự', NULL, 11, 4, 16, 1, '151412457', '1985-03-04', '2017-09-05', NULL, '2018-03-13 07:54:37', NULL),
(1398, 1418, 'S8L', 'S8LG0318', 'Nguyễn Thị Lệ Hà', NULL, 11, 4, 16, 2, '212332898', '1994-01-11', '2017-11-01', NULL, '2018-03-13 07:54:37', NULL),
(1399, 1419, 'S9G', 'S9G08002', 'Nguyễn Ngọc Đan Như', NULL, 11, 6, 16, 2, '24399252', '1980-10-01', '2008-02-01', NULL, '2018-03-13 07:54:37', NULL),
(1400, 1420, 'S9G', 'S9G10029', 'Trương Thị Trâm Anh', NULL, 11, 6, 16, 2, '24694840', '1972-09-25', '2010-09-01', NULL, '2018-03-13 07:54:37', NULL),
(1401, 1421, 'S9G', 'S9G10033', 'Đỗ Văn Vận', NULL, 11, 6, 16, 1, '23824199', '1970-12-22', '2010-10-01', NULL, '2018-03-13 07:54:37', NULL),
(1402, 1422, 'S9G', 'S9G12013', 'Lê Văn Lộc', NULL, 11, 6, 16, 1, '22018781', '1969-07-26', '2012-04-20', NULL, '2018-03-13 07:54:37', NULL),
(1403, 1423, 'S9G', 'S9GG0009', 'Trần Thị Thảo Quyên', NULL, 11, 6, 17, 2, '25050755', '1994-10-08', '2017-01-16', NULL, '2018-03-13 07:54:37', NULL),
(1404, 1424, 'S9G', 'S9GG0319', 'Nguyễn Đăng Phương Thảo', NULL, 11, 6, 17, 2, '250763669', '1990-11-27', '2017-11-01', NULL, '2018-03-13 07:54:37', NULL),
(1405, 1425, 'V3S', 'V3S08023', 'Hoàng Thế Lân', NULL, 14, 2, 9, 1, '23754741', '1985-11-21', '2008-10-09', NULL, '2018-03-13 07:54:37', NULL),
(1406, 1426, 'V3S', 'V3S15081', 'Đỗ Phi Hưng', NULL, 14, 2, 11, 1, '094 088 000 034', '1988-08-24', '2015-09-01', NULL, '2018-03-13 07:54:37', NULL),
(1407, 1427, 'V3S', 'V3S16048', 'Đinh Thị Nhuần', NULL, 14, 2, 16, 2, '273492192', '1994-04-24', '2016-05-03', NULL, '2018-03-13 07:54:37', NULL),
(1408, 1428, 'V3S', 'V3S16128', 'Ngô Hoàng Trung', NULL, 14, 2, 14, 1, '272296383', '1995-01-18', '2016-09-05', NULL, '2018-03-13 07:54:37', NULL),
(1409, 1429, 'V3S', 'V3SG0247', 'Phạm Văn Linh', NULL, 14, 2, 11, 1, '273622704', '1994-08-07', '2017-09-11', NULL, '2018-03-13 07:54:37', NULL),
(1410, 1430, 'Z3P', 'Z3P16089', 'Ngô Hoàng Phương Thảo', NULL, 15, 2, 16, 2, '250825923', '1993-06-17', '2016-07-01', NULL, '2018-03-13 07:54:37', NULL),
(1411, 1431, 'Z3P', 'Z3PG0169', 'Phan Thị Kiều Trang', NULL, 15, 2, 16, 2, '241395759', '1994-03-16', '2017-07-17', NULL, '2018-03-13 07:54:37', NULL),
(1412, 1432, 'Z3P', 'Z3PH0057', 'Nguyễn Hữu Luân', NULL, 15, 2, 16, 1, '24280183', '1987-11-27', '2018-01-15', NULL, '2018-03-13 07:54:37', NULL),
(1413, 1433, 'Z3S', 'Z3S04004', 'Phạm Đức Tuân', NULL, 15, 2, 14, 1, '23692730', '1984-12-02', '2004-10-01', NULL, '2018-03-13 07:54:37', NULL),
(1414, 1434, 'Z3S', 'Z3S05008', 'Lê Thành Nghĩa', NULL, 15, 2, 14, 1, '23782739', '1985-03-11', '2005-06-21', NULL, '2018-03-13 07:54:37', NULL),
(1415, 1435, 'Z3S', 'Z3S06002', 'Trần Hoàng Điền', NULL, 15, 2, 14, 1, '25153813', '1982-01-01', '2006-01-01', NULL, '2018-03-13 07:54:37', NULL),
(1416, 1436, 'Z3S', 'Z3S07019', 'Phan Văn Tân', NULL, 15, 2, 14, 1, '301223804', '1987-03-02', '2007-12-12', NULL, '2018-03-13 07:54:37', NULL),
(1417, 1437, 'Z3S', 'Z3S08010', 'Đặng Hữu Vinh', NULL, 15, 2, 14, 1, '205149823', '1983-01-27', '2008-03-17', NULL, '2018-03-13 07:54:37', NULL),
(1418, 1438, 'Z3S', 'Z3S13004', 'Nguyễn Phước Hòa', NULL, 15, 2, 9, 1, '334288115', '1987-02-25', '2013-02-18', NULL, '2018-03-13 07:54:37', NULL),
(1419, 1439, 'Z3S', 'Z3S14008', 'Đoàn Thế Đăng Khoa', NULL, 15, 2, 11, 1, '24569390', '1990-11-28', '2014-03-03', NULL, '2018-03-13 07:54:37', NULL),
(1420, 1440, 'Z3S', 'Z3S15056', 'Trần Văn Ngân', NULL, 15, 2, 11, 1, '301410472', '1991-02-02', '2015-07-01', NULL, '2018-03-13 07:54:37', NULL),
(1421, 1441, 'Z3S', 'Z3S16037', 'Võ Huỳnh Thanh Thiên ', NULL, 15, 2, 11, 1, '261267618', '1991-09-23', '2016-04-19', NULL, '2018-03-13 07:54:37', NULL),
(1422, 1442, 'Z3S', 'Z3S16069', 'Nguyễn Thành Ninh', NULL, 15, 2, 14, 1, '212259508', '1992-11-10', '2016-06-01', NULL, '2018-03-13 07:54:37', NULL),
(1423, 1443, 'Z3S', 'Z3S16164', 'Phạm Lê Mẫn', NULL, 15, 2, 11, 1, '272343090', '1994-11-28', '2016-11-01', NULL, '2018-03-13 07:54:37', NULL),
(1424, 1444, 'Z3S', 'Z3SG0005', 'Lý Quốc Vinh', NULL, 15, 2, 11, 1, '095 094 000 004', '1994-11-24', '2017-01-03', NULL, '2018-03-13 07:54:37', NULL),
(1425, 1445, 'Z3S', 'Z3SG0071', 'Nguyễn Đăng Vĩnh', NULL, 15, 2, 11, 1, '25188168', '1987-04-27', '2017-04-10', NULL, '2018-03-13 07:54:37', NULL),
(1426, 1446, 'Z3S', 'Z3SG0091', 'Phan Thị Bảo Oanh', NULL, 15, 2, 16, 2, '25236604', '1993-10-28', '2017-05-03', NULL, '2018-03-13 07:54:37', NULL),
(1427, 1447, 'Z3S', 'Z3SG0168', 'Lê Thị Tường Vi', NULL, 15, 2, 16, 2, '215290845', '1995-02-04', '2017-07-17', NULL, '2018-03-13 07:54:37', NULL),
(1428, 1448, 'Z3S', 'Z3SG0173', 'Đỗ Công Thành', NULL, 15, 2, 11, 1, '225654124', '1995-01-01', '2017-07-20', NULL, '2018-03-13 07:54:37', NULL),
(1429, 1449, 'A2D', 'A2DG0454', 'nguy?n v?n a', NULL, 1, 1, 16, 1, '182419619', '1981-03-26', '2017-12-25', NULL, NULL, NULL),
(1430, 1450, 'A2D', 'A2DH0001', 'tr?n v?n b', NULL, 1, 1, 16, 1, '186477705', '1988-10-18', '2018-01-02', NULL, NULL, NULL),
(1431, 1451, 'A3S', 'A3S12010', 'c', NULL, 1, 2, 9, 1, '183436648', '1987-01-03', '2012-04-02', NULL, NULL, NULL),
(1432, 1452, 'A3S', 'A3S15038', 'd', NULL, 1, 2, 14, 1, '183704295', '1989-06-21', '2015-04-20', NULL, NULL, NULL),
(1433, 1453, 'A3S', 'A3S15072', 'e', NULL, 1, 2, 11, 1, '186961987', '1990-02-22', '2015-08-01', NULL, NULL, NULL),
(1434, 1454, 'A3S', 'A3S16065', 'f', NULL, 1, 2, 11, 1, '187157685', '1992-01-08', '2016-06-01', NULL, NULL, NULL),
(1435, 1455, 'A3S', 'A3S16109', 'g', NULL, 1, 2, 11, 1, '183597552', '1989-07-25', '2016-08-10', NULL, NULL, NULL),
(1436, 1456, 'A3S', 'A3SG0097', 'h', NULL, 1, 2, 16, 2, '186944987', '1993-01-06', '2017-05-08', NULL, NULL, NULL);

-- --------------------------------------------------------

--
-- Table structure for table `api_employee_department`
--

CREATE TABLE `api_employee_department` (
  `id` int(10) UNSIGNED NOT NULL,
  `employee_id` int(11) NOT NULL,
  `department_id` int(11) NOT NULL,
  `created_at` timestamp NULL DEFAULT NULL,
  `updated_at` timestamp NULL DEFAULT NULL
) ENGINE=InnoDB DEFAULT CHARSET=utf8mb4 COLLATE=utf8mb4_unicode_ci;

--
-- Dumping data for table `api_employee_department`
--

INSERT INTO `api_employee_department` (`id`, `employee_id`, `department_id`, `created_at`, `updated_at`) VALUES
(3, 6, 3, NULL, NULL),
(4, 6, 4, NULL, NULL),
(5, 4, 3, NULL, NULL),
(7, 7, 1, NULL, NULL),
(8, 4, 2, NULL, NULL),
(9, 4, 4, NULL, NULL),
(10, 8, 2, NULL, NULL),
(11, 9, 1, NULL, NULL),
(12, 10, 1, NULL, NULL),
(13, 10, 3, NULL, NULL),
(14, 11, 4, NULL, NULL),
(15, 12, 2, NULL, NULL),
(16, 13, 1, NULL, NULL),
(19, 14, 5, NULL, NULL),
(20, 15, 0, NULL, NULL),
(21, 16, 34, NULL, NULL),
(22, 17, 0, NULL, NULL),
(23, 18, 2, NULL, NULL),
(24, 18, 3, NULL, NULL),
(25, 18, 5, NULL, NULL),
(26, 18, 14, NULL, NULL),
(27, 21, 25, NULL, NULL),
(28, 24, 0, NULL, NULL),
(29, 25, 3, NULL, NULL),
(30, 26, 2, NULL, NULL),
(31, 27, 4, NULL, NULL),
(32, 28, 3, NULL, NULL),
(33, 29, 0, NULL, NULL),
(34, 30, 3, NULL, NULL),
(36, 31, 2, NULL, NULL),
(37, 32, 12, NULL, NULL),
(39, 33, 27, NULL, NULL),
(40, 34, 1, NULL, NULL),
(41, 35, 2, NULL, NULL),
(42, 36, 4, NULL, NULL),
(43, 37, 5, NULL, NULL),
(44, 38, 3, NULL, NULL),
(45, 39, 3, NULL, NULL),
(46, 39, 5, NULL, NULL),
(47, 37, 2, NULL, NULL),
(48, 37, 3, NULL, NULL),
(49, 40, 1, NULL, NULL),
(50, 40, 3, NULL, NULL),
(51, 41, 2, NULL, NULL),
(52, 45, 2, NULL, NULL),
(53, 46, 5, NULL, NULL),
(54, 47, 3, NULL, NULL),
(55, 48, 2, NULL, NULL),
(56, 49, 3, NULL, NULL),
(57, 50, 4, NULL, NULL),
(58, 51, 2, NULL, NULL),
(59, 52, 5, NULL, NULL),
(60, 53, 1, NULL, NULL),
(61, 54, 2, NULL, NULL),
(62, 55, 2, NULL, NULL),
(63, 56, 2, NULL, NULL),
(64, 57, 2, NULL, NULL),
(65, 58, 2, NULL, NULL),
(66, 59, 1, NULL, NULL),
(67, 60, 1, NULL, NULL),
(68, 61, 1, NULL, NULL),
(69, 62, 2, NULL, NULL),
(70, 63, 2, NULL, NULL),
(71, 64, 2, NULL, NULL),
(72, 65, 2, NULL, NULL),
(73, 66, 2, NULL, NULL),
(74, 67, 2, NULL, NULL),
(75, 68, 2, NULL, NULL),
(76, 69, 1, NULL, NULL),
(77, 70, 2, NULL, NULL),
(78, 71, 2, NULL, NULL),
(79, 72, 2, NULL, NULL),
(80, 73, 2, NULL, NULL),
(81, 74, 2, NULL, NULL),
(82, 75, 2, NULL, NULL),
(751, 745, 1, NULL, NULL),
(752, 746, 1, NULL, NULL),
(753, 747, 2, NULL, NULL),
(754, 748, 2, NULL, NULL),
(755, 749, 2, NULL, NULL),
(756, 750, 2, NULL, NULL),
(757, 751, 2, NULL, NULL),
(758, 752, 2, NULL, NULL),
(759, 753, 2, NULL, NULL),
(760, 754, 1, NULL, NULL),
(761, 755, 2, NULL, NULL),
(762, 756, 2, NULL, NULL),
(763, 757, 2, NULL, NULL),
(764, 758, 2, NULL, NULL),
(765, 759, 2, NULL, NULL),
(766, 760, 2, NULL, NULL),
(767, 761, 2, NULL, NULL),
(768, 762, 1, NULL, NULL),
(769, 763, 1, NULL, NULL),
(770, 764, 1, NULL, NULL),
(771, 765, 1, NULL, NULL),
(772, 766, 1, NULL, NULL),
(773, 767, 1, NULL, NULL),
(774, 768, 1, NULL, NULL),
(775, 769, 1, NULL, NULL),
(776, 770, 3, NULL, NULL),
(777, 771, 3, NULL, NULL),
(778, 772, 5, NULL, NULL),
(779, 773, 6, NULL, NULL),
(780, 774, 7, NULL, NULL),
(781, 775, 2, NULL, NULL),
(782, 776, 2, NULL, NULL),
(783, 777, 2, NULL, NULL),
(784, 778, 2, NULL, NULL),
(785, 779, 2, NULL, NULL),
(786, 780, 2, NULL, NULL),
(787, 781, 2, NULL, NULL),
(788, 782, 2, NULL, NULL),
(789, 783, 8, NULL, NULL),
(790, 784, 8, NULL, NULL),
(791, 785, 24, NULL, NULL),
(792, 786, 9, NULL, NULL),
(793, 787, 9, NULL, NULL),
(794, 788, 9, NULL, NULL),
(795, 789, 1, NULL, NULL),
(796, 790, 1, NULL, NULL),
(797, 791, 1, NULL, NULL),
(798, 792, 1, NULL, NULL),
(799, 793, 1, NULL, NULL),
(800, 794, 1, NULL, NULL),
(801, 795, 1, NULL, NULL),
(802, 796, 1, NULL, NULL),
(803, 797, 1, NULL, NULL),
(804, 798, 1, NULL, NULL),
(805, 799, 1, NULL, NULL),
(806, 800, 1, NULL, NULL),
(807, 801, 3, NULL, NULL),
(808, 802, 3, NULL, NULL),
(809, 803, 3, NULL, NULL),
(810, 804, 3, NULL, NULL),
(811, 805, 3, NULL, NULL),
(812, 806, 4, NULL, NULL),
(813, 807, 4, NULL, NULL),
(814, 808, 4, NULL, NULL),
(815, 809, 4, NULL, NULL),
(816, 810, 4, NULL, NULL),
(817, 811, 4, NULL, NULL),
(818, 812, 4, NULL, NULL),
(819, 813, 4, NULL, NULL),
(820, 814, 4, NULL, NULL),
(821, 815, 4, NULL, NULL),
(822, 816, 5, NULL, NULL),
(823, 817, 6, NULL, NULL),
(824, 818, 6, NULL, NULL),
(825, 819, 6, NULL, NULL),
(826, 820, 6, NULL, NULL),
(827, 821, 7, NULL, NULL),
(828, 822, 7, NULL, NULL),
(829, 823, 7, NULL, NULL),
(830, 824, 10, NULL, NULL),
(831, 825, 10, NULL, NULL),
(832, 826, 2, NULL, NULL),
(833, 827, 2, NULL, NULL),
(834, 828, 2, NULL, NULL),
(835, 829, 2, NULL, NULL),
(836, 830, 2, NULL, NULL),
(837, 831, 2, NULL, NULL),
(838, 832, 2, NULL, NULL),
(839, 833, 2, NULL, NULL),
(840, 834, 2, NULL, NULL),
(841, 835, 2, NULL, NULL),
(842, 836, 2, NULL, NULL),
(843, 837, 2, NULL, NULL),
(844, 838, 2, NULL, NULL),
(845, 839, 2, NULL, NULL),
(846, 840, 2, NULL, NULL),
(847, 841, 2, NULL, NULL),
(848, 842, 2, NULL, NULL),
(849, 843, 2, NULL, NULL),
(850, 844, 2, NULL, NULL),
(851, 845, 11, NULL, NULL),
(852, 846, 11, NULL, NULL),
(853, 847, 8, NULL, NULL),
(854, 848, 8, NULL, NULL),
(855, 849, 8, NULL, NULL),
(856, 850, 8, NULL, NULL),
(857, 851, 24, NULL, NULL),
(858, 852, 8, NULL, NULL),
(859, 853, 9, NULL, NULL),
(860, 854, 9, NULL, NULL),
(861, 855, 9, NULL, NULL),
(862, 856, 9, NULL, NULL),
(863, 857, 9, NULL, NULL),
(864, 858, 9, NULL, NULL),
(865, 859, 9, NULL, NULL),
(866, 860, 9, NULL, NULL),
(867, 861, 12, NULL, NULL),
(868, 862, 13, NULL, NULL),
(869, 863, 13, NULL, NULL),
(870, 864, 13, NULL, NULL),
(871, 865, 13, NULL, NULL),
(872, 866, 7, NULL, NULL),
(873, 867, 7, NULL, NULL),
(874, 868, 2, NULL, NULL),
(875, 869, 2, NULL, NULL),
(876, 870, 2, NULL, NULL),
(877, 871, 2, NULL, NULL),
(878, 872, 2, NULL, NULL),
(879, 873, 2, NULL, NULL),
(880, 874, 2, NULL, NULL),
(881, 875, 2, NULL, NULL),
(882, 876, 2, NULL, NULL),
(883, 877, 2, NULL, NULL),
(884, 878, 2, NULL, NULL),
(885, 879, 2, NULL, NULL),
(886, 880, 2, NULL, NULL),
(887, 881, 2, NULL, NULL),
(888, 882, 2, NULL, NULL),
(889, 883, 2, NULL, NULL),
(890, 884, 2, NULL, NULL),
(891, 885, 1, NULL, NULL),
(892, 886, 1, NULL, NULL),
(893, 887, 2, NULL, NULL),
(894, 888, 14, NULL, NULL),
(895, 889, 14, NULL, NULL),
(896, 890, 14, NULL, NULL),
(897, 891, 14, NULL, NULL),
(898, 892, 14, NULL, NULL),
(899, 893, 14, NULL, NULL),
(900, 894, 14, NULL, NULL),
(901, 895, 14, NULL, NULL),
(902, 896, 14, NULL, NULL),
(903, 897, 14, NULL, NULL),
(904, 898, 14, NULL, NULL),
(905, 899, 14, NULL, NULL),
(906, 900, 14, NULL, NULL),
(907, 901, 14, NULL, NULL),
(908, 902, 15, NULL, NULL),
(909, 903, 15, NULL, NULL),
(910, 904, 15, NULL, NULL),
(911, 905, 15, NULL, NULL),
(912, 906, 15, NULL, NULL),
(913, 907, 15, NULL, NULL),
(914, 908, 15, NULL, NULL),
(915, 909, 15, NULL, NULL),
(916, 910, 15, NULL, NULL),
(917, 911, 17, NULL, NULL),
(918, 912, 17, NULL, NULL),
(919, 913, 17, NULL, NULL),
(920, 914, 17, NULL, NULL),
(921, 915, 17, NULL, NULL),
(922, 916, 17, NULL, NULL),
(923, 917, 18, NULL, NULL),
(924, 918, 18, NULL, NULL),
(925, 919, 3, NULL, NULL),
(926, 920, 3, NULL, NULL),
(927, 921, 3, NULL, NULL),
(928, 922, 3, NULL, NULL),
(929, 923, 3, NULL, NULL),
(930, 924, 3, NULL, NULL),
(931, 925, 3, NULL, NULL),
(932, 926, 3, NULL, NULL),
(933, 927, 3, NULL, NULL),
(934, 928, 3, NULL, NULL),
(935, 929, 3, NULL, NULL),
(936, 930, 3, NULL, NULL),
(937, 931, 3, NULL, NULL),
(938, 932, 3, NULL, NULL),
(939, 933, 3, NULL, NULL),
(940, 934, 16, NULL, NULL),
(941, 935, 16, NULL, NULL),
(942, 936, 16, NULL, NULL),
(943, 937, 4, NULL, NULL),
(944, 938, 4, NULL, NULL),
(945, 939, 4, NULL, NULL),
(946, 940, 4, NULL, NULL),
(947, 941, 4, NULL, NULL),
(948, 942, 4, NULL, NULL),
(949, 943, 4, NULL, NULL),
(950, 944, 4, NULL, NULL),
(951, 945, 4, NULL, NULL),
(952, 946, 4, NULL, NULL),
(953, 947, 4, NULL, NULL),
(954, 948, 4, NULL, NULL),
(955, 949, 4, NULL, NULL),
(956, 950, 4, NULL, NULL),
(957, 951, 4, NULL, NULL),
(958, 952, 4, NULL, NULL),
(959, 953, 4, NULL, NULL),
(960, 954, 4, NULL, NULL),
(961, 955, 4, NULL, NULL),
(962, 956, 19, NULL, NULL),
(963, 957, 19, NULL, NULL),
(964, 958, 19, NULL, NULL),
(965, 959, 19, NULL, NULL),
(966, 960, 19, NULL, NULL),
(967, 961, 19, NULL, NULL),
(968, 962, 19, NULL, NULL),
(969, 963, 20, NULL, NULL),
(970, 964, 20, NULL, NULL),
(971, 965, 5, NULL, NULL),
(972, 966, 5, NULL, NULL),
(973, 967, 21, NULL, NULL),
(974, 968, 21, NULL, NULL),
(975, 969, 22, NULL, NULL),
(976, 970, 22, NULL, NULL),
(977, 971, 22, NULL, NULL),
(978, 972, 22, NULL, NULL),
(979, 973, 6, NULL, NULL),
(980, 974, 6, NULL, NULL),
(981, 975, 6, NULL, NULL),
(982, 976, 6, NULL, NULL),
(983, 977, 6, NULL, NULL),
(984, 978, 6, NULL, NULL),
(985, 979, 7, NULL, NULL),
(986, 980, 7, NULL, NULL),
(987, 981, 7, NULL, NULL),
(988, 982, 7, NULL, NULL),
(989, 983, 7, NULL, NULL),
(990, 984, 10, NULL, NULL),
(991, 985, 10, NULL, NULL),
(992, 986, 10, NULL, NULL),
(993, 987, 10, NULL, NULL),
(994, 988, 10, NULL, NULL),
(995, 989, 10, NULL, NULL),
(996, 990, 10, NULL, NULL),
(997, 991, 10, NULL, NULL),
(998, 992, 10, NULL, NULL),
(999, 993, 10, NULL, NULL),
(1000, 994, 10, NULL, NULL),
(1001, 995, 10, NULL, NULL),
(1002, 996, 2, NULL, NULL),
(1003, 997, 2, NULL, NULL),
(1004, 998, 2, NULL, NULL),
(1005, 999, 2, NULL, NULL),
(1006, 1000, 2, NULL, NULL),
(1007, 1001, 2, NULL, NULL),
(1008, 1002, 2, NULL, NULL),
(1009, 1003, 2, NULL, NULL),
(1010, 1004, 2, NULL, NULL),
(1011, 1005, 2, NULL, NULL),
(1012, 1006, 2, NULL, NULL),
(1013, 1007, 2, NULL, NULL),
(1014, 1008, 2, NULL, NULL),
(1015, 1009, 2, NULL, NULL),
(1016, 1010, 2, NULL, NULL),
(1017, 1011, 2, NULL, NULL),
(1018, 1012, 2, NULL, NULL),
(1019, 1013, 2, NULL, NULL),
(1020, 1014, 5, NULL, NULL),
(1021, 1015, 11, NULL, NULL),
(1022, 1016, 11, NULL, NULL),
(1023, 1017, 11, NULL, NULL),
(1024, 1018, 11, NULL, NULL),
(1025, 1019, 23, NULL, NULL),
(1026, 1020, 8, NULL, NULL),
(1027, 1021, 8, NULL, NULL),
(1028, 1022, 8, NULL, NULL),
(1029, 1023, 8, NULL, NULL),
(1030, 1024, 8, NULL, NULL),
(1031, 1025, 8, NULL, NULL),
(1032, 1026, 8, NULL, NULL),
(1033, 1027, 9, NULL, NULL),
(1034, 1028, 9, NULL, NULL),
(1035, 1029, 9, NULL, NULL),
(1036, 1030, 9, NULL, NULL),
(1037, 1031, 9, NULL, NULL),
(1038, 1032, 9, NULL, NULL),
(1039, 1033, 9, NULL, NULL),
(1040, 1034, 9, NULL, NULL),
(1041, 1035, 9, NULL, NULL),
(1042, 1036, 9, NULL, NULL),
(1043, 1037, 9, NULL, NULL),
(1044, 1038, 9, NULL, NULL),
(1045, 1039, 9, NULL, NULL),
(1046, 1040, 9, NULL, NULL),
(1047, 1041, 9, NULL, NULL),
(1048, 1042, 9, NULL, NULL),
(1049, 1043, 9, NULL, NULL),
(1050, 1044, 9, NULL, NULL),
(1051, 1045, 9, NULL, NULL),
(1052, 1046, 24, NULL, NULL),
(1053, 1047, 24, NULL, NULL),
(1054, 1048, 24, NULL, NULL),
(1055, 1049, 24, NULL, NULL),
(1056, 1050, 24, NULL, NULL),
(1057, 1051, 24, NULL, NULL),
(1058, 1052, 24, NULL, NULL),
(1059, 1053, 25, NULL, NULL),
(1060, 1054, 25, NULL, NULL),
(1061, 1055, 12, NULL, NULL),
(1062, 1056, 12, NULL, NULL),
(1063, 1057, 14, NULL, NULL),
(1064, 1058, 14, NULL, NULL),
(1065, 1059, 14, NULL, NULL),
(1066, 1060, 14, NULL, NULL),
(1067, 1061, 14, NULL, NULL),
(1068, 1062, 14, NULL, NULL),
(1069, 1063, 3, NULL, NULL),
(1070, 1064, 4, NULL, NULL),
(1071, 1065, 5, NULL, NULL),
(1072, 1066, 2, NULL, NULL),
(1073, 1067, 2, NULL, NULL),
(1074, 1068, 2, NULL, NULL),
(1075, 1069, 2, NULL, NULL),
(1076, 1070, 2, NULL, NULL),
(1077, 1071, 2, NULL, NULL),
(1078, 1072, 2, NULL, NULL),
(1079, 1073, 8, NULL, NULL),
(1080, 1074, 8, NULL, NULL),
(1081, 1075, 9, NULL, NULL),
(1082, 1076, 9, NULL, NULL),
(1083, 1077, 2, NULL, NULL),
(1084, 1078, 2, NULL, NULL),
(1085, 1079, 2, NULL, NULL),
(1086, 1080, 2, NULL, NULL),
(1087, 1081, 2, NULL, NULL),
(1088, 1082, 26, NULL, NULL),
(1089, 1083, 26, NULL, NULL),
(1090, 1084, 18, NULL, NULL),
(1091, 1085, 18, NULL, NULL),
(1092, 1086, 18, NULL, NULL),
(1093, 1087, 18, NULL, NULL),
(1094, 1088, 18, NULL, NULL),
(1095, 1089, 18, NULL, NULL),
(1096, 1090, 16, NULL, NULL),
(1097, 1091, 16, NULL, NULL),
(1098, 1092, 16, NULL, NULL),
(1099, 1093, 16, NULL, NULL),
(1100, 1094, 16, NULL, NULL),
(1101, 1095, 16, NULL, NULL),
(1102, 1096, 27, NULL, NULL),
(1103, 1097, 27, NULL, NULL),
(1104, 1098, 20, NULL, NULL),
(1105, 1099, 20, NULL, NULL),
(1106, 1100, 20, NULL, NULL),
(1107, 1101, 5, NULL, NULL),
(1108, 1102, 5, NULL, NULL),
(1109, 1103, 5, NULL, NULL),
(1110, 1104, 22, NULL, NULL),
(1111, 1105, 22, NULL, NULL),
(1112, 1106, 22, NULL, NULL),
(1113, 1107, 22, NULL, NULL),
(1114, 1108, 22, NULL, NULL),
(1115, 1109, 28, NULL, NULL),
(1116, 1110, 5, NULL, NULL),
(1117, 1111, 5, NULL, NULL),
(1118, 1112, 29, NULL, NULL),
(1119, 1113, 29, NULL, NULL),
(1120, 1114, 29, NULL, NULL),
(1121, 1115, 29, NULL, NULL),
(1122, 1116, 29, NULL, NULL),
(1123, 1117, 29, NULL, NULL),
(1124, 1118, 29, NULL, NULL),
(1125, 1119, 29, NULL, NULL),
(1126, 1120, 29, NULL, NULL),
(1127, 1121, 11, NULL, NULL),
(1128, 1122, 11, NULL, NULL),
(1129, 1123, 11, NULL, NULL),
(1130, 1124, 11, NULL, NULL),
(1131, 1125, 30, NULL, NULL),
(1132, 1126, 30, NULL, NULL),
(1133, 1127, 30, NULL, NULL),
(1134, 1128, 23, NULL, NULL),
(1135, 1129, 23, NULL, NULL),
(1136, 1130, 23, NULL, NULL),
(1137, 1131, 23, NULL, NULL),
(1138, 1132, 23, NULL, NULL),
(1139, 1133, 23, NULL, NULL),
(1140, 1134, 23, NULL, NULL),
(1141, 1135, 23, NULL, NULL),
(1142, 1136, 5, NULL, NULL),
(1143, 1137, 31, NULL, NULL),
(1144, 1138, 32, NULL, NULL),
(1145, 1139, 32, NULL, NULL),
(1146, 1140, 32, NULL, NULL),
(1147, 1141, 32, NULL, NULL),
(1148, 1142, 32, NULL, NULL),
(1149, 1143, 8, NULL, NULL),
(1150, 1144, 8, NULL, NULL),
(1151, 1145, 8, NULL, NULL),
(1152, 1146, 33, NULL, NULL),
(1153, 1147, 5, NULL, NULL),
(1154, 1148, 34, NULL, NULL),
(1155, 1149, 9, NULL, NULL),
(1156, 1150, 9, NULL, NULL),
(1157, 1151, 9, NULL, NULL),
(1158, 1152, 9, NULL, NULL),
(1159, 1153, 35, NULL, NULL),
(1160, 1154, 35, NULL, NULL),
(1161, 1155, 35, NULL, NULL),
(1162, 1156, 35, NULL, NULL),
(1163, 1157, 35, NULL, NULL),
(1164, 1158, 35, NULL, NULL),
(1165, 1159, 35, NULL, NULL),
(1166, 1160, 35, NULL, NULL),
(1167, 1161, 35, NULL, NULL),
(1168, 1162, 5, NULL, NULL),
(1169, 1163, 36, NULL, NULL),
(1170, 1164, 36, NULL, NULL),
(1171, 1165, 24, NULL, NULL),
(1172, 1166, 24, NULL, NULL),
(1173, 1167, 24, NULL, NULL),
(1174, 1168, 24, NULL, NULL),
(1175, 1169, 24, NULL, NULL),
(1176, 1170, 25, NULL, NULL),
(1177, 1171, 25, NULL, NULL),
(1178, 1172, 25, NULL, NULL),
(1179, 1173, 25, NULL, NULL),
(1180, 1174, 25, NULL, NULL),
(1181, 1175, 25, NULL, NULL),
(1182, 1176, 25, NULL, NULL),
(1183, 1177, 25, NULL, NULL),
(1184, 1178, 12, NULL, NULL),
(1185, 1179, 12, NULL, NULL),
(1186, 1180, 12, NULL, NULL),
(1187, 1181, 12, NULL, NULL),
(1188, 1182, 12, NULL, NULL),
(1189, 1183, 12, NULL, NULL),
(1190, 1184, 12, NULL, NULL),
(1191, 1185, 12, NULL, NULL),
(1192, 1186, 12, NULL, NULL),
(1193, 1187, 5, NULL, NULL),
(1194, 1188, 2, NULL, NULL),
(1195, 1189, 2, NULL, NULL),
(1196, 1190, 2, NULL, NULL),
(1197, 1191, 2, NULL, NULL),
(1198, 1192, 2, NULL, NULL),
(1199, 1193, 2, NULL, NULL),
(1200, 1194, 14, NULL, NULL),
(1201, 1195, 14, NULL, NULL),
(1202, 1196, 14, NULL, NULL),
(1203, 1197, 14, NULL, NULL),
(1204, 1198, 14, NULL, NULL),
(1205, 1199, 14, NULL, NULL),
(1206, 1200, 14, NULL, NULL),
(1207, 1201, 3, NULL, NULL),
(1208, 1202, 4, NULL, NULL),
(1209, 1203, 4, NULL, NULL),
(1210, 1204, 5, NULL, NULL),
(1211, 1205, 6, NULL, NULL),
(1212, 1206, 7, NULL, NULL),
(1213, 1207, 10, NULL, NULL),
(1214, 1208, 10, NULL, NULL),
(1215, 1209, 2, NULL, NULL),
(1216, 1210, 2, NULL, NULL),
(1217, 1211, 2, NULL, NULL),
(1218, 1212, 2, NULL, NULL),
(1219, 1213, 2, NULL, NULL),
(1220, 1214, 2, NULL, NULL),
(1221, 1215, 2, NULL, NULL),
(1222, 1216, 2, NULL, NULL),
(1223, 1217, 2, NULL, NULL),
(1224, 1218, 8, NULL, NULL),
(1225, 1219, 8, NULL, NULL),
(1226, 1220, 9, NULL, NULL),
(1227, 1221, 9, NULL, NULL),
(1228, 1222, 9, NULL, NULL),
(1229, 1223, 9, NULL, NULL),
(1230, 1224, 14, NULL, NULL),
(1231, 1225, 14, NULL, NULL),
(1232, 1226, 14, NULL, NULL),
(1233, 1227, 14, NULL, NULL),
(1234, 1228, 14, NULL, NULL),
(1235, 1229, 14, NULL, NULL),
(1236, 1230, 14, NULL, NULL),
(1237, 1231, 14, NULL, NULL),
(1238, 1232, 14, NULL, NULL),
(1239, 1233, 14, NULL, NULL),
(1240, 1234, 14, NULL, NULL),
(1241, 1235, 14, NULL, NULL),
(1242, 1236, 14, NULL, NULL),
(1243, 1237, 14, NULL, NULL),
(1244, 1238, 14, NULL, NULL),
(1245, 1239, 14, NULL, NULL),
(1246, 1240, 14, NULL, NULL),
(1247, 1241, 14, NULL, NULL),
(1248, 1242, 15, NULL, NULL),
(1249, 1243, 15, NULL, NULL),
(1250, 1244, 15, NULL, NULL),
(1251, 1245, 15, NULL, NULL),
(1252, 1246, 15, NULL, NULL),
(1253, 1247, 15, NULL, NULL),
(1254, 1248, 17, NULL, NULL),
(1255, 1249, 17, NULL, NULL),
(1256, 1250, 17, NULL, NULL),
(1257, 1251, 17, NULL, NULL),
(1258, 1252, 17, NULL, NULL),
(1259, 1253, 17, NULL, NULL),
(1260, 1254, 3, NULL, NULL),
(1261, 1255, 3, NULL, NULL),
(1262, 1256, 3, NULL, NULL),
(1263, 1257, 3, NULL, NULL),
(1264, 1258, 3, NULL, NULL),
(1265, 1259, 3, NULL, NULL),
(1266, 1260, 3, NULL, NULL),
(1267, 1261, 3, NULL, NULL),
(1268, 1262, 3, NULL, NULL),
(1269, 1263, 3, NULL, NULL),
(1270, 1264, 3, NULL, NULL),
(1271, 1265, 3, NULL, NULL),
(1272, 1266, 3, NULL, NULL),
(1273, 1267, 4, NULL, NULL),
(1274, 1268, 4, NULL, NULL),
(1275, 1269, 4, NULL, NULL),
(1276, 1270, 4, NULL, NULL),
(1277, 1271, 4, NULL, NULL),
(1278, 1272, 4, NULL, NULL),
(1279, 1273, 4, NULL, NULL),
(1280, 1274, 4, NULL, NULL),
(1281, 1275, 4, NULL, NULL),
(1282, 1276, 4, NULL, NULL),
(1283, 1277, 4, NULL, NULL),
(1284, 1278, 4, NULL, NULL),
(1285, 1279, 4, NULL, NULL),
(1286, 1280, 4, NULL, NULL),
(1287, 1281, 4, NULL, NULL),
(1288, 1282, 4, NULL, NULL),
(1289, 1283, 4, NULL, NULL),
(1290, 1284, 4, NULL, NULL),
(1291, 1285, 4, NULL, NULL),
(1292, 1286, 4, NULL, NULL),
(1293, 1287, 4, NULL, NULL),
(1294, 1288, 4, NULL, NULL),
(1295, 1289, 19, NULL, NULL),
(1296, 1290, 19, NULL, NULL),
(1297, 1291, 19, NULL, NULL),
(1298, 1292, 19, NULL, NULL),
(1299, 1293, 19, NULL, NULL),
(1300, 1294, 19, NULL, NULL),
(1301, 1295, 19, NULL, NULL),
(1302, 1296, 19, NULL, NULL),
(1303, 1297, 19, NULL, NULL),
(1304, 1298, 19, NULL, NULL),
(1305, 1299, 19, NULL, NULL),
(1306, 1300, 19, NULL, NULL),
(1307, 1301, 19, NULL, NULL),
(1308, 1302, 5, NULL, NULL),
(1309, 1303, 6, NULL, NULL),
(1310, 1304, 6, NULL, NULL),
(1311, 1305, 6, NULL, NULL),
(1312, 1306, 6, NULL, NULL),
(1313, 1307, 6, NULL, NULL),
(1314, 1308, 6, NULL, NULL),
(1315, 1309, 6, NULL, NULL),
(1316, 1310, 6, NULL, NULL),
(1317, 1311, 6, NULL, NULL),
(1318, 1312, 7, NULL, NULL),
(1319, 1313, 7, NULL, NULL),
(1320, 1314, 7, NULL, NULL),
(1321, 1315, 7, NULL, NULL),
(1322, 1316, 7, NULL, NULL),
(1323, 1317, 7, NULL, NULL),
(1324, 1318, 7, NULL, NULL),
(1325, 1319, 10, NULL, NULL),
(1326, 1320, 10, NULL, NULL),
(1327, 1321, 10, NULL, NULL),
(1328, 1322, 10, NULL, NULL),
(1329, 1323, 10, NULL, NULL),
(1330, 1324, 10, NULL, NULL),
(1331, 1325, 10, NULL, NULL),
(1332, 1326, 10, NULL, NULL),
(1333, 1327, 10, NULL, NULL),
(1334, 1328, 10, NULL, NULL),
(1335, 1329, 10, NULL, NULL),
(1336, 1330, 10, NULL, NULL),
(1337, 1331, 10, NULL, NULL),
(1338, 1332, 10, NULL, NULL),
(1339, 1333, 2, NULL, NULL),
(1340, 1334, 2, NULL, NULL),
(1341, 1335, 2, NULL, NULL),
(1342, 1336, 2, NULL, NULL),
(1343, 1337, 2, NULL, NULL),
(1344, 1338, 2, NULL, NULL),
(1345, 1339, 2, NULL, NULL),
(1346, 1340, 2, NULL, NULL),
(1347, 1341, 2, NULL, NULL),
(1348, 1342, 2, NULL, NULL),
(1349, 1343, 2, NULL, NULL),
(1350, 1344, 2, NULL, NULL),
(1351, 1345, 2, NULL, NULL),
(1352, 1346, 2, NULL, NULL),
(1353, 1347, 2, NULL, NULL),
(1354, 1348, 2, NULL, NULL),
(1355, 1349, 2, NULL, NULL),
(1356, 1350, 2, NULL, NULL),
(1357, 1351, 2, NULL, NULL),
(1358, 1352, 2, NULL, NULL),
(1359, 1353, 2, NULL, NULL),
(1360, 1354, 2, NULL, NULL),
(1361, 1355, 2, NULL, NULL),
(1362, 1356, 2, NULL, NULL),
(1363, 1357, 2, NULL, NULL),
(1364, 1358, 2, NULL, NULL),
(1365, 1359, 2, NULL, NULL),
(1366, 1360, 2, NULL, NULL),
(1367, 1361, 2, NULL, NULL),
(1368, 1362, 2, NULL, NULL),
(1369, 1363, 2, NULL, NULL),
(1370, 1364, 2, NULL, NULL),
(1371, 1365, 2, NULL, NULL),
(1372, 1366, 2, NULL, NULL),
(1373, 1367, 2, NULL, NULL),
(1374, 1368, 2, NULL, NULL),
(1375, 1369, 2, NULL, NULL),
(1376, 1370, 8, NULL, NULL),
(1377, 1371, 8, NULL, NULL),
(1378, 1372, 8, NULL, NULL),
(1379, 1373, 8, NULL, NULL),
(1380, 1374, 8, NULL, NULL),
(1381, 1375, 8, NULL, NULL),
(1382, 1376, 8, NULL, NULL),
(1383, 1377, 8, NULL, NULL),
(1384, 1378, 9, NULL, NULL),
(1385, 1379, 9, NULL, NULL),
(1386, 1380, 9, NULL, NULL),
(1387, 1381, 9, NULL, NULL),
(1388, 1382, 9, NULL, NULL),
(1389, 1383, 9, NULL, NULL),
(1390, 1384, 9, NULL, NULL),
(1391, 1385, 9, NULL, NULL),
(1392, 1386, 9, NULL, NULL),
(1393, 1387, 9, NULL, NULL),
(1394, 1388, 9, NULL, NULL),
(1395, 1389, 9, NULL, NULL),
(1396, 1390, 9, NULL, NULL),
(1397, 1391, 9, NULL, NULL),
(1398, 1392, 9, NULL, NULL),
(1399, 1393, 9, NULL, NULL),
(1400, 1394, 9, NULL, NULL),
(1401, 1395, 9, NULL, NULL),
(1402, 1396, 9, NULL, NULL),
(1403, 1397, 9, NULL, NULL),
(1404, 1398, 9, NULL, NULL),
(1405, 1399, 24, NULL, NULL),
(1406, 1400, 24, NULL, NULL),
(1407, 1401, 24, NULL, NULL),
(1408, 1402, 24, NULL, NULL),
(1409, 1403, 24, NULL, NULL),
(1410, 1404, 24, NULL, NULL),
(1411, 1405, 2, NULL, NULL),
(1412, 1406, 2, NULL, NULL),
(1413, 1407, 2, NULL, NULL),
(1414, 1408, 2, NULL, NULL),
(1415, 1409, 2, NULL, NULL),
(1416, 1410, 7, NULL, NULL),
(1417, 1411, 7, NULL, NULL),
(1418, 1412, 7, NULL, NULL),
(1419, 1413, 2, NULL, NULL),
(1420, 1414, 2, NULL, NULL),
(1421, 1415, 2, NULL, NULL),
(1422, 1416, 2, NULL, NULL),
(1423, 1417, 2, NULL, NULL),
(1424, 1418, 2, NULL, NULL),
(1425, 1419, 2, NULL, NULL),
(1426, 1420, 2, NULL, NULL),
(1427, 1421, 2, NULL, NULL),
(1428, 1422, 2, NULL, NULL),
(1429, 1423, 2, NULL, NULL),
(1430, 1424, 2, NULL, NULL),
(1431, 1425, 2, NULL, NULL),
(1432, 1426, 2, NULL, NULL),
(1433, 1427, 2, NULL, NULL),
(1434, 1428, 2, NULL, NULL),
(1435, 1429, 1, NULL, NULL),
(1436, 1430, 1, NULL, NULL),
(1437, 1431, 2, NULL, NULL),
(1438, 1432, 2, NULL, NULL),
(1439, 1433, 2, NULL, NULL),
(1440, 1434, 2, NULL, NULL),
(1441, 1435, 2, NULL, NULL),
(1442, 1436, 2, NULL, NULL);

-- --------------------------------------------------------

--
-- Table structure for table `api_faq`
--

CREATE TABLE `api_faq` (
  `id` int(10) UNSIGNED NOT NULL,
  `question` text COLLATE utf8mb4_unicode_ci,
  `answer` text COLLATE utf8mb4_unicode_ci,
  `deleted_at` timestamp NULL DEFAULT NULL,
  `created_at` timestamp NULL DEFAULT NULL,
  `updated_at` timestamp NULL DEFAULT NULL
) ENGINE=InnoDB DEFAULT CHARSET=utf8mb4 COLLATE=utf8mb4_unicode_ci;

--
-- Dumping data for table `api_faq`
--

INSERT INTO `api_faq` (`id`, `question`, `answer`, `deleted_at`, `created_at`, `updated_at`) VALUES
(3, 'Bạn nghỉ gì về công việc hiện tại???', 'Khá là ổn định', NULL, '2018-03-15 07:36:54', '2018-03-15 07:36:54'),
(4, 'question 1', 'answer 1', '2018-03-15 08:10:34', '2018-03-15 07:42:44', '2018-03-15 08:10:34'),
(5, 'abc', 'abc', NULL, '2018-03-20 09:33:19', '2018-03-20 09:33:19'),
(6, 'asdad', 'adad', NULL, '2018-03-21 04:26:19', '2018-03-21 04:26:19'),
(7, 'asd', 'sdfs', NULL, '2018-03-21 04:26:42', '2018-03-21 04:26:42');

-- --------------------------------------------------------

--
-- Table structure for table `api_kpi`
--

CREATE TABLE `api_kpi` (
  `id` int(10) UNSIGNED NOT NULL,
  `name` varchar(191) COLLATE utf8mb4_unicode_ci NOT NULL,
  `date_end` date DEFAULT NULL,
  `date_start` date DEFAULT NULL,
  `progress_status` int(11) NOT NULL DEFAULT '0' COMMENT '0:inprocess; 1 stop',
  `status` int(11) NOT NULL DEFAULT '0' COMMENT '0:active,1:deactive',
  `evaluate_date` date DEFAULT NULL,
  `deleted_at` timestamp NULL DEFAULT NULL,
  `created_at` timestamp NULL DEFAULT NULL,
  `updated_at` timestamp NULL DEFAULT NULL
) ENGINE=InnoDB DEFAULT CHARSET=utf8mb4 COLLATE=utf8mb4_unicode_ci;

--
-- Dumping data for table `api_kpi`
--

INSERT INTO `api_kpi` (`id`, `name`, `date_end`, `date_start`, `progress_status`, `status`, `evaluate_date`, `deleted_at`, `created_at`, `updated_at`) VALUES
(94, 'Bach Create KPI 1', NULL, NULL, 0, 0, '2018-03-26', NULL, '2018-03-26 08:23:12', '2018-03-26 08:23:12'),
(95, 'HR Create API DEMO', NULL, NULL, 0, 0, '2018-03-26', NULL, '2018-03-26 08:25:38', '2018-03-26 08:25:38'),
(96, 'Hr Creat KPI DEMO 2', NULL, NULL, 0, 0, '2018-03-26', NULL, '2018-03-26 08:26:46', '2018-03-26 08:26:46'),
(97, 'HR create kpi demo 3', NULL, NULL, 0, 0, '2018-04-02', NULL, '2018-04-02 15:38:28', '2018-04-02 15:38:28'),
(98, 'HR create kpi demo 4', '2018-04-02', NULL, 0, 0, '2018-04-02', NULL, '2018-04-02 16:50:56', '2018-04-02 16:50:56'),
(99, '123', '2018-04-04', '2018-04-04', 0, 0, '2018-04-04', NULL, '2018-04-04 08:45:15', '2018-04-04 08:45:15'),
(100, '22222222', '2018-04-04', '2018-04-04', 0, 0, '2018-04-04', NULL, '2018-04-04 08:51:15', '2018-04-04 08:51:15'),
(101, '33333333333333333', '2018-04-04', '2018-04-04', 0, 0, '2018-04-04', NULL, '2018-04-04 08:52:39', '2018-04-04 08:52:39'),
(102, '1234569999', '2018-04-25', '2018-04-26', 0, 0, '2018-05-04', NULL, '2018-04-04 14:38:03', '2018-04-06 05:02:57'),
(103, 'kpi cho bach2', '2018-04-04', '2018-04-04', 0, 0, '2018-04-04', NULL, '2018-04-04 15:20:35', '2018-04-04 15:20:35'),
(104, 'KPI cho bach 6', '2018-04-04', '2018-04-04', 0, 0, '2018-04-04', NULL, '2018-04-04 15:28:34', '2018-04-04 15:28:34'),
(105, 'KPI 05/04/2018 4', '2018-04-05', '2018-04-05', 0, 0, '2018-04-05', NULL, '2018-04-05 02:18:29', '2018-04-06 04:44:10'),
(106, 'KPI QC 1', '2018-04-05', '2018-04-05', 0, 0, '2018-04-19', NULL, '2018-04-05 02:40:43', '2018-04-05 02:40:43'),
(107, 'bach tao kpi 6 2', '2018-04-07', '2018-04-06', 0, 0, '2018-04-08', NULL, '2018-04-05 04:43:25', '2018-04-05 04:43:25'),
(108, 'KPI bach tao cho admin', '2018-09-04', '2018-05-04', 0, 0, '2018-05-04', NULL, '2018-04-05 08:17:52', '2018-04-06 04:42:59'),
(109, 'abc', '2018-04-05', '2018-04-06', 0, 0, '2018-04-20', NULL, '2018-04-05 08:40:00', '2018-04-05 08:40:00'),
(110, 'KPI QC 2', '2018-04-13', '2018-04-06', 0, 0, '2018-04-11', NULL, '2018-04-06 02:22:07', '2018-04-06 02:22:07'),
(111, 'Bach test KPI 10-4-2018', '2018-06-28', '2018-05-23', 0, 0, '2018-05-31', NULL, '2018-04-06 06:36:10', '2018-04-10 02:56:30'),
(112, 'KPI 06/04/2018', '2018-04-30', '2018-04-06', 1, 0, '2018-04-06', NULL, '2018-04-06 07:14:16', '2018-04-11 02:13:55'),
(113, 'Bach test KPI 6-4-2018 2', '2018-04-06', '2018-04-06', 1, 0, '2018-04-06', NULL, '2018-04-06 07:56:39', '2018-04-09 08:16:15'),
(114, 'kpi daikin test', '2018-04-30', '2018-04-06', 1, 0, '2018-04-06', NULL, '2018-04-06 08:32:19', '2018-04-09 08:36:55'),
(115, 'KPI for Phat', '2018-04-30', '2018-04-09', 1, 0, '2018-04-17', NULL, '2018-04-09 02:24:04', '2018-04-09 04:54:50'),
(116, 'KPI 1.1', '2018-05-29', '2018-05-01', 0, 0, '2018-05-30', NULL, '2018-04-09 04:32:21', '2018-04-09 06:31:51'),
(117, 'KPI 10/04', '2018-05-30', '2018-04-10', 0, 0, '2018-05-17', NULL, '2018-04-10 06:40:04', '2018-04-10 06:40:04'),
(118, 'KPI Daikin test 10/10', '2018-10-20', '2018-10-19', 0, 0, '2018-10-20', NULL, '2018-04-10 09:17:18', '2018-04-10 10:35:44'),
(119, 'KPI FY 2017 Sale HCM', '2020-10-20', '2020-10-20', 0, 0, '2020-10-20', NULL, '2018-04-10 10:52:50', '2018-04-18 09:15:04'),
(120, 'test relation 18-4', '2018-11-04', '2018-11-04', 0, 0, '2018-11-04', NULL, '2018-04-11 02:33:23', '2018-04-18 09:09:12'),
(121, 'KPI -------------', '2018-11-12', '2018-05-14', 0, 0, '2018-05-30', NULL, '2018-04-11 10:38:50', '2018-04-11 10:52:29'),
(122, 'KPI &&&&&&&&&&', '2012-05-30', '2012-05-01', 0, 0, '2018-05-29', NULL, '2018-04-12 02:20:27', '2018-04-12 07:09:21'),
(123, 'KPI of QC 1', '2018-04-16', '2018-04-16', 1, 0, '2018-04-16', NULL, '2018-04-16 08:15:38', '2018-04-17 04:51:56'),
(124, 'KPI18', '2030-04-20', '2022-04-20', 0, 0, '2028-04-20', NULL, '2018-04-17 02:04:33', '2018-04-18 09:11:33');

-- --------------------------------------------------------

--
-- Table structure for table `api_kpi_action_plan`
--

CREATE TABLE `api_kpi_action_plan` (
  `id` int(10) UNSIGNED NOT NULL,
  `sub_kpi_id` int(10) UNSIGNED NOT NULL,
  `title` varchar(191) COLLATE utf8mb4_unicode_ci NOT NULL,
  `description` text COLLATE utf8mb4_unicode_ci,
  `type` int(11) NOT NULL DEFAULT '0' COMMENT '0:Action Plan,1:Kpi item',
  `target_5` varchar(191) COLLATE utf8mb4_unicode_ci DEFAULT NULL,
  `target_4` varchar(191) COLLATE utf8mb4_unicode_ci DEFAULT NULL,
  `target_3` varchar(191) COLLATE utf8mb4_unicode_ci DEFAULT NULL,
  `target_2` varchar(191) COLLATE utf8mb4_unicode_ci DEFAULT NULL,
  `target_1` varchar(191) COLLATE utf8mb4_unicode_ci DEFAULT NULL,
  `active_status` int(11) NOT NULL DEFAULT '0' COMMENT '0:Active,1:Unactive',
  `activity_status` int(11) NOT NULL DEFAULT '0' COMMENT '0:Draft,1:Request review,2:Request revise,4:Approved',
  `evaluate_status` int(11) NOT NULL DEFAULT '0' COMMENT '0:In progress,1:Done',
  `portion` int(11) NOT NULL,
  `self_scored` double(8,2) NOT NULL,
  `evaluator_1_scored` double(8,2) NOT NULL,
  `evaluator_2_scored` double(8,2) NOT NULL,
  `evaluator_3_scored` double(8,2) NOT NULL,
  `final_scored` double(8,2) NOT NULL,
  `link_file` text COLLATE utf8mb4_unicode_ci,
  `position` varchar(191) COLLATE utf8mb4_unicode_ci DEFAULT NULL,
  `achievement` varchar(191) COLLATE utf8mb4_unicode_ci DEFAULT NULL,
  `deleted_at` timestamp NULL DEFAULT NULL,
  `created_at` timestamp NULL DEFAULT NULL,
  `updated_at` timestamp NULL DEFAULT NULL,
  `attachment_url` varchar(191) COLLATE utf8mb4_unicode_ci DEFAULT NULL
) ENGINE=InnoDB DEFAULT CHARSET=utf8mb4 COLLATE=utf8mb4_unicode_ci;

--
-- Dumping data for table `api_kpi_action_plan`
--

INSERT INTO `api_kpi_action_plan` (`id`, `sub_kpi_id`, `title`, `description`, `type`, `target_5`, `target_4`, `target_3`, `target_2`, `target_1`, `active_status`, `activity_status`, `evaluate_status`, `portion`, `self_scored`, `evaluator_1_scored`, `evaluator_2_scored`, `evaluator_3_scored`, `final_scored`, `link_file`, `position`, `achievement`, `deleted_at`, `created_at`, `updated_at`, `attachment_url`) VALUES
(2, 46, 'Ac1', 'Ac1', 0, 'a', 'b', 'c', 'd', 'e', 0, 0, 0, 0, 0.00, 0.00, 0.00, 0.00, 0.00, 'http://satelite.ssap.local/uploads/1522679288.png', NULL, NULL, NULL, '2018-03-28 05:06:53', '2018-04-02 14:28:15', NULL),
(3, 46, 'Action Plan 2', 'Desc Action Plan 2', 0, 'Target 5', 'Target 4', 'Target 3', 'Target 2', 'Target 1', 0, 0, 0, 0, 0.00, 0.00, 0.00, 0.00, 0.00, NULL, NULL, NULL, NULL, '2018-03-28 07:04:39', '2018-03-28 07:04:39', NULL),
(4, 46, 'Action plan 3', 'Action plan 3 des', 0, 'action 3 target 5', 'action 3 target 4', 'action 3 target 3', 'action 3 target 2', 'action 3 target 1', 0, 0, 0, 0, 0.00, 0.00, 0.00, 0.00, 0.00, NULL, NULL, NULL, NULL, '2018-03-28 07:17:45', '2018-03-28 07:17:45', NULL),
(5, 46, 'Action 5', 'desc Action 5', 0, NULL, NULL, NULL, NULL, NULL, 0, 0, 0, 0, 0.00, 0.00, 0.00, 0.00, 0.00, NULL, NULL, NULL, NULL, '2018-03-28 07:42:16', '2018-03-28 07:42:16', NULL),
(6, 46, 'Action 6', 'Action 6', 1, '5', '4', '3', '2', '1', 0, 2, 0, 0, 0.00, 0.00, 0.00, 0.00, 0.00, NULL, NULL, NULL, '2018-03-29 05:01:14', '2018-03-28 07:42:33', '2018-03-29 05:01:14', NULL),
(7, 45, 'Action Pllan SUb 45', NULL, 0, NULL, NULL, NULL, NULL, NULL, 0, 2, 0, 0, 0.00, 0.00, 0.00, 0.00, 0.00, NULL, NULL, NULL, NULL, '2018-03-28 07:50:11', '2018-03-28 07:50:11', NULL),
(8, 46, 'salon post', NULL, 1, NULL, NULL, NULL, NULL, NULL, 0, 1, 0, 0, 0.00, 1.00, 2.00, 1.00, 0.00, NULL, NULL, NULL, NULL, '2018-03-30 03:58:18', '2018-04-12 01:53:11', NULL),
(9, 46, 'salon post', NULL, 1, NULL, NULL, NULL, NULL, NULL, 0, 1, 0, 0, 0.00, 1.00, 2.00, 1.00, 0.00, '1522393735.png', NULL, NULL, NULL, '2018-03-30 07:08:55', '2018-04-12 01:52:18', NULL),
(10, 46, 'salon post', '11', 1, '66', '55', '44', '33', '22', 0, 1, 0, 0, 0.00, 1.00, 2.00, 1.00, 0.00, 'http://satelite.ssap.local/uploads/1522475391.pdf', NULL, NULL, NULL, '2018-03-30 07:15:41', '2018-04-12 01:52:45', NULL),
(11, 46, '123', '1111', 0, '11', '11', '11', '11', '111', 0, 0, 0, 0, 0.00, 0.00, 0.00, 0.00, 0.00, NULL, NULL, NULL, NULL, '2018-03-31 06:13:40', '2018-03-31 06:13:40', NULL),
(12, 46, '11222', '1', 0, '5', '6', '4', '3', '2', 0, 2, 0, 0, 0.00, 0.00, 0.00, 0.00, 0.00, 'http://satelite.ssap.local/uploads/1522476838.png', NULL, NULL, '2018-03-31 06:21:50', '2018-03-31 06:14:01', '2018-03-31 06:21:50', NULL),
(13, 91, 'bach 3 1', 'bach 3 1', 0, '5', '4', '3', '2', '1', 0, 0, 0, 0, 0.00, 0.00, 10.00, 0.00, 0.00, 'http://satelite.ssap.local/uploads/1522690542.txt', NULL, NULL, NULL, '2018-04-02 17:35:44', '2018-04-02 18:16:09', NULL),
(14, 46, 'action plan check request review 1', 'action plan check request review 1', 0, 'action plan check request review 1', 'action plan check request review 1', 'action plan check request review 1', 'action plan check request review 1', 'action plan check request review 1', 0, 2, 0, 0, 0.00, 0.00, 0.00, 0.00, 0.00, 'http://satelite.ssap.local/uploads/1522725992.png', NULL, NULL, NULL, '2018-04-03 03:26:35', '2018-04-03 03:26:35', NULL),
(15, 46, 'add action plan chec request review', 'add action plan chec request review', 0, 'add action plan chec request review', 'add action plan chec request review', 'add action plan chec request review', 'add action plan chec request review', 'add action plan chec request review', 0, 2, 0, 0, 0.00, 0.00, 0.00, 0.00, 0.00, 'http://satelite.ssap.local/uploads/1522727102.pdf', NULL, NULL, NULL, '2018-04-03 03:45:07', '2018-04-03 03:45:07', NULL),
(16, 46, 'add action plan chec request review', 'add action plan chec request review', 0, 'add action plan chec request review', 'add action plan chec request review', 'add action plan chec request review', 'add action plan chec request review', 'add action plan chec request review', 0, 1, 0, 0, 0.00, 0.00, 0.00, 0.00, 0.00, NULL, NULL, NULL, NULL, '2018-04-03 03:46:15', '2018-04-06 06:29:24', NULL),
(17, 46, 'add action plan chec request review', 'add action plan chec request review', 0, 'add action plan chec request review', 'add action plan chec request review', 'add action plan chec request review', 'add action plan chec request review', 'add action plan chec request review', 0, 4, 0, 0, 0.00, 100.00, 0.00, 0.00, 0.00, 'http://satelite.ssap.local/uploads/1522732021.png', NULL, '123456', NULL, '2018-04-03 03:48:49', '2018-04-03 08:58:19', NULL),
(18, 46, 'add action plan chec request review', 'add action plan chec request review', 0, 'add action plan chec request review', 'add action plan chec request review', 'add action plan chec request review', 'add action plan chec request review', 'add action plan chec request review', 0, 1, 0, 0, 0.00, 0.00, 0.00, 0.00, 0.00, NULL, NULL, NULL, NULL, '2018-04-03 03:49:23', '2018-04-03 03:49:36', NULL),
(19, 46, '123', 'ưqeqưeqw', 0, NULL, NULL, NULL, NULL, NULL, 0, 4, 0, 4, 0.00, 0.00, 0.00, 0.00, 0.00, NULL, NULL, NULL, NULL, '2018-04-03 09:26:10', '2018-04-04 15:16:46', NULL),
(20, 97, 'action plan for bach 6 tak by bach 7', NULL, 0, '5', '4', '3', '2', '1', 0, 4, 0, 10, 0.00, 3.00, 0.00, 5.00, 2.57, NULL, NULL, NULL, NULL, '2018-04-04 15:52:02', '2018-04-05 01:47:11', NULL),
(21, 99, 'ap 1', 'abc', 0, 'abc', 'abc', 'abc', 'abc', 'abc', 0, 4, 0, 0, 0.00, 0.00, 0.00, 0.00, 15.00, NULL, NULL, NULL, NULL, '2018-04-05 02:22:28', '2018-04-05 02:24:29', NULL),
(23, 92, 'abc', 'abc', 0, 'abc', 'abc', 'abc', 'abc', 'abc', 0, 1, 0, 0, 0.00, 0.00, 0.00, 0.00, 0.00, NULL, NULL, NULL, NULL, '2018-04-05 03:26:28', '2018-04-05 03:26:39', NULL),
(24, 110, 'add action plan cho user', '123', 0, NULL, NULL, NULL, NULL, NULL, 0, 4, 0, 0, 0.00, 0.00, 0.00, 0.00, 0.00, NULL, NULL, NULL, NULL, '2018-04-05 07:32:24', '2018-04-05 07:34:06', NULL),
(27, 125, 'ac 1', NULL, 0, NULL, NULL, NULL, NULL, NULL, 0, 4, 0, 50, 0.00, 30.00, 50.00, 0.00, 9.29, NULL, NULL, NULL, NULL, '2018-04-05 08:52:28', '2018-04-05 09:32:54', NULL),
(28, 120, 'abc', 'abc', 0, 'aa', 'aa', 'aa', 'abaca', 'aba', 0, 2, 0, 10, 0.00, 0.00, 0.00, 0.00, 0.00, NULL, NULL, NULL, NULL, '2018-04-05 08:52:16', '2018-04-05 09:14:36', NULL),
(29, 125, 'ac 2', NULL, 0, NULL, NULL, NULL, NULL, NULL, 0, 4, 0, 50, 0.00, 20.00, 25.00, 0.00, 5.00, NULL, NULL, NULL, NULL, '2018-04-05 08:52:40', '2018-04-05 09:06:03', NULL),
(30, 126, 'Action plan QC 1', 'Mô tả nội dung', 0, 'Câu 5', 'Câu 4', 'Câu 3', 'Câu 2', 'Câu 1', 0, 1, 0, 30, 0.00, 0.00, 0.00, 0.00, 0.00, NULL, NULL, '123', NULL, '2018-04-06 03:47:47', '2018-04-06 04:46:51', NULL),
(31, 126, 'Action plan QC 123', 'Nội dung mô tả', 0, 'Part 5', 'Part 4', 'Part 3', 'Part 2', 'Part 1', 0, 0, 0, 30, 0.00, 0.00, 0.00, 0.00, 0.00, NULL, NULL, NULL, NULL, '2018-04-06 03:49:06', '2018-04-06 04:53:03', NULL),
(39, 128, 'haha', 'abc', 0, 'a', 'a', 'a', 'a', 'a', 0, 4, 0, 10, 0.00, 5.00, 0.00, 0.00, 0.07, NULL, NULL, '13', NULL, '2018-04-06 07:22:44', '2018-04-06 07:31:05', NULL),
(40, 133, 'Bach test 6-4-2018 Action Plan 1', 'Bach test 6-4-2018 Action Plan 1', 0, 'Bach test 6-4-2018 Action Plan 1', 'Bach test 6-4-2018 Action Plan 1', 'Bach test 6-4-2018 Action Plan 1', 'Bach test 6-4-2018 Action Plan 1', 'Bach test 6-4-2018 Action Plan 1', 0, 4, 0, 50, 6.00, 8.00, 9.00, 7.00, 4.00, NULL, NULL, NULL, NULL, '2018-04-06 08:16:26', '2018-04-06 09:20:05', NULL),
(41, 133, 'Bach test 6-4-2018 Action Plan 2', 'Bach test 6-4-2018 Action Plan 2', 0, 'Bach test 6-4-2018 Action Plan 2', 'Bach test 6-4-2018 Action Plan 2', 'Bach test 6-4-2018 Action Plan 2', 'Bach test 6-4-2018 Action Plan 2', 'Bach test 6-4-2018 Action Plan 2', 0, 4, 0, 50, 5.00, 7.00, 6.00, 8.00, 3.50, NULL, NULL, NULL, NULL, '2018-04-06 08:16:53', '2018-04-06 09:19:45', NULL),
(42, 136, 'action plan 1', 'abc', 0, 'a', 'a', 'a', 'a', 'a', 0, 4, 0, 20, 0.00, 0.00, 0.00, 3.00, 0.26, NULL, NULL, NULL, NULL, '2018-04-06 08:49:31', '2018-04-09 02:18:23', NULL),
(43, 132, 'bach 4 action plan 1', 'bach 4 action plan 1', 0, 'bach 4 action plan 1', 'bach 4 action plan 1', 'bach 4 action plan 1', 'bach 4 action plan 1', 'bach 4 action plan 1', 0, 4, 0, 0, 0.00, 0.00, 0.00, 0.00, 0.00, NULL, NULL, NULL, NULL, '2018-04-09 02:42:33', '2018-04-09 02:43:23', NULL),
(44, 132, 'bach 4 action plan 2', 'bach 4 action plan 2', 0, 'bach 4 action plan 2', 'bach 4 action plan 2', 'bach 4 action plan 2', 'bach 4 action plan 2', 'bach 4 action plan 2', 0, 4, 0, 0, 0.00, 0.00, 0.00, 0.00, 0.00, NULL, NULL, NULL, NULL, '2018-04-09 02:42:51', '2018-04-09 02:43:14', NULL),
(45, 132, 'bach 4 action 3', NULL, 0, NULL, NULL, NULL, NULL, NULL, 0, 4, 0, 10, 0.00, 0.00, 0.00, 0.00, 0.00, NULL, NULL, NULL, NULL, '2018-04-09 03:22:26', '2018-04-09 03:25:29', NULL),
(46, 141, 'AP 1', 'abc', 0, 'e', 'd', 'c', 'b', 'a', 0, 4, 0, 20, 3.00, 5.00, 4.00, 5.00, 0.92, 'http://ssap.dev.digiprojects.top/uploads/1523249529.xlsx', NULL, '25', NULL, '2018-04-09 04:50:38', '2018-04-09 10:17:32', NULL),
(47, 108, '108-1', NULL, 0, NULL, NULL, NULL, NULL, NULL, 0, 4, 0, 20, 3.00, 3.00, 0.00, 0.00, 0.12, NULL, NULL, NULL, NULL, '2018-04-09 10:35:26', '2018-04-09 10:49:51', NULL),
(48, 145, 'abc', 'abc', 0, 'a', 'a', 'a', 'a', 'a', 0, 0, 0, 20, 0.00, 0.00, 0.00, 0.00, 0.00, NULL, NULL, '', NULL, '2018-04-10 02:46:09', '2018-04-10 02:56:31', NULL),
(49, 142, 'f', 'ds', 0, 'ssd', 'sds', 'sdsd', 'dsd', 'sdsds', 0, 4, 0, 22, 0.00, 3.00, 5.00, 0.00, 0.57, 'http://localhost:8000/uploads/1523343166.PNG', NULL, 'tesst', NULL, '2018-04-10 03:05:31', '2018-04-10 08:19:14', NULL),
(50, 150, 'ap 1', 'a', 0, 'f', 'e', 'd', 'c', 'b', 0, 4, 0, 50, 4.00, 3.00, 2.00, 5.00, 1.70, NULL, NULL, '15', NULL, '2018-04-10 06:47:21', '2018-04-10 07:32:54', NULL),
(51, 150, 'ap 2', 'a', 0, 'a', 'a', 'a', 'a', 'a', 0, 4, 0, 50, 3.00, 3.00, 5.00, 5.00, 2.30, 'http://ssap.dev.digiprojects.top/uploads/1523345190.xlsx', NULL, NULL, NULL, '2018-04-10 07:24:08', '2018-04-10 07:32:19', NULL),
(52, 150, 'ap 3', 'a', 0, 'a', 'a', 'a', 'a', 'a', 0, 4, 0, 10, 0.00, 0.00, 0.00, 0.00, 0.00, 'http://ssap.dev.digiprojects.top/uploads/1523349230.xlsx', NULL, NULL, NULL, '2018-04-10 08:33:27', '2018-04-10 08:33:51', NULL),
(53, 130, 'item 130', NULL, 0, NULL, NULL, NULL, NULL, NULL, 0, 4, 0, 20, 3.00, 3.00, 0.00, 0.00, 0.60, 'http://satelite.ssap.local/uploads/1523351891Timeline.xlsx', NULL, NULL, NULL, '2018-04-10 08:58:08', '2018-04-10 09:18:12', NULL),
(54, 153, 'AP 1', 'a', 0, 'a', 'a', 'a', 'a', 'a', 0, 0, 0, 50, 0.00, 0.00, 0.00, 0.00, 0.00, 'http://ssap.dev.digiprojects.top/uploads/1523354235.xlsx', NULL, '', NULL, '2018-04-10 09:55:27', '2018-04-10 10:35:44', NULL),
(55, 157, 'ap 1', 'a', 0, 'a', 'a', 'a', 'a', 'a', 0, 0, 0, 10, 0.00, 0.00, 0.00, 0.00, 0.00, 'http://ssap.dev.digiprojects.top/uploads/1523359275.xlsx', NULL, NULL, NULL, '2018-04-10 11:12:38', '2018-04-18 09:15:07', NULL),
(56, 155, 'a', 'a', 0, 'a', 'a', 'a', 'a', 'a', 0, 0, 0, 40, 0.00, 0.00, 0.00, 0.00, 0.00, 'http://ssap.dev.digiprojects.top/uploads/1523415818.txt', NULL, NULL, NULL, '2018-04-11 03:00:41', '2018-04-18 09:15:05', NULL),
(57, 130, 'Action Plan 1', 'Description 1', 0, '35', '34', '13', '11', 'Target 11', 0, 0, 0, 20, 0.00, 0.00, 0.00, 0.00, 0.00, NULL, NULL, NULL, '2018-04-11 03:20:39', NULL, '2018-04-11 03:20:39', NULL),
(58, 130, 'Action Plan 2', 'Description 2', 0, '25', '24', '23', '12', 'Target 1', 0, 0, 0, 30, 0.00, 0.00, 0.00, 0.00, 0.00, NULL, NULL, NULL, '2018-04-11 03:20:36', NULL, '2018-04-11 03:20:36', NULL),
(59, 130, 'Action Plan 1', 'Description 1', 0, '35', '34', '13', '11', 'Target 11', 0, 0, 0, 20, 0.00, 0.00, 0.00, 0.00, 0.00, NULL, NULL, NULL, '2018-04-11 03:20:32', NULL, '2018-04-11 03:20:32', NULL),
(60, 130, 'Action Plan 2', 'Description 2', 0, '25', '24', '23', '12', 'Target 1', 0, 0, 0, 30, 0.00, 0.00, 0.00, 0.00, 0.00, NULL, NULL, NULL, NULL, NULL, NULL, NULL),
(61, 130, 'Action Plan 1', 'Description 1', 0, '35', '34', '13', '11', 'Target 11', 0, 0, 0, 20, 0.00, 0.00, 0.00, 0.00, 0.00, NULL, NULL, NULL, NULL, NULL, NULL, NULL),
(62, 130, 'Action Plan 2', 'Description 2', 0, '25', '24', '23', '12', 'Target 1', 0, 0, 0, 30, 0.00, 0.00, 0.00, 0.00, 0.00, NULL, NULL, NULL, NULL, NULL, NULL, NULL),
(63, 130, 'Action Plan 1', 'Description 1', 0, '35', '34', '13', '11', 'Target 11', 0, 0, 0, 20, 0.00, 0.00, 0.00, 0.00, 0.00, NULL, NULL, NULL, NULL, NULL, NULL, NULL),
(64, 130, 'Action Plan 2', 'Description 2', 0, '25', '24', '23', '12', 'Target 1', 0, 0, 0, 30, 0.00, 0.00, 0.00, 0.00, 0.00, NULL, NULL, NULL, NULL, NULL, NULL, NULL),
(65, 130, 'Action Plan 1', 'Description 1', 0, '35', '34', '13', '11', 'Target 11', 0, 0, 0, 20, 0.00, 0.00, 0.00, 0.00, 0.00, NULL, NULL, NULL, NULL, NULL, NULL, NULL),
(66, 130, 'Action Plan 2', 'Description 2', 0, '25', '24', '23', '12', 'Target 1', 0, 0, 0, 30, 0.00, 0.00, 0.00, 0.00, 0.00, NULL, NULL, NULL, NULL, NULL, NULL, NULL),
(67, 130, 'Action Plan 1', 'Description 1', 0, '35', '34', '13', '11', 'Target 11', 0, 0, 0, 20, 0.00, 0.00, 0.00, 0.00, 0.00, NULL, NULL, NULL, NULL, NULL, NULL, NULL),
(68, 130, 'Action Plan 2', 'Description 2', 0, '25', '24', '23', '12', 'Target 1', 0, 0, 0, 30, 0.00, 0.00, 0.00, 0.00, 0.00, NULL, NULL, NULL, NULL, NULL, NULL, NULL),
(69, 130, 'Action Plan 1', 'Description 1', 0, '35', '34', '13', '11', 'Target 11', 0, 0, 0, 20, 0.00, 0.00, 0.00, 0.00, 0.00, NULL, NULL, NULL, NULL, NULL, NULL, NULL),
(70, 130, 'Action Plan 2', 'Description 2', 0, '25', '24', '23', '12', 'Target 1', 0, 0, 0, 30, 0.00, 0.00, 0.00, 0.00, 0.00, NULL, NULL, NULL, NULL, NULL, NULL, NULL),
(71, 130, 'Action Plan 1', 'Description 1', 0, '35', '34', '13', '11', 'Target 11', 0, 0, 0, 20, 0.00, 0.00, 0.00, 0.00, 0.00, NULL, NULL, NULL, NULL, NULL, NULL, NULL),
(72, 130, 'Action Plan 2', 'Description 2', 0, '25', '24', '23', '12', 'Target 1', 0, 0, 0, 30, 0.00, 0.00, 0.00, 0.00, 0.00, NULL, NULL, NULL, NULL, NULL, NULL, NULL),
(73, 155, 'ap 1', 'this is action plan', 1, 'axcz', 'lki', 'ghj', 'def', 'abc', 0, 0, 0, 10, 0.00, 0.00, 0.00, 0.00, 0.00, NULL, NULL, NULL, NULL, NULL, '2018-04-18 09:15:06', NULL),
(74, 155, 'ap 2', 'this is kpi item', 0, 'axcz', 'lki', 'ghj', 'def', 'abc', 0, 0, 0, 10, 0.00, 0.00, 0.00, 0.00, 0.00, NULL, NULL, NULL, NULL, NULL, '2018-04-18 09:15:06', NULL),
(75, 155, 'abc', 'abc', 0, 'a', 'a', 'a', 'abca', 'abc', 0, 0, 0, 10, 0.00, 0.00, 0.00, 0.00, 0.00, NULL, NULL, '', '2018-04-11 10:23:49', '2018-04-11 03:58:31', '2018-04-11 10:23:49', NULL),
(76, 155, 'qdaa', 'aaa', 0, 'aa', 'aa', 'aa', 'aa', 'aa', 0, 0, 0, 10, 0.00, 0.00, 0.00, 0.00, 0.00, NULL, NULL, NULL, NULL, '2018-04-11 07:13:26', '2018-04-18 09:15:06', NULL),
(77, 155, 'aaa', 'aaa', 0, 'a', 'a', 'a', 'a', 'aa', 0, 0, 0, 10, 0.00, 0.00, 0.00, 0.00, 0.00, NULL, NULL, NULL, NULL, '2018-04-11 08:59:52', '2018-04-18 09:15:06', NULL),
(78, 155, 'appp', 'a', 0, 'a', 'a', 'aa', 'a', 'a', 0, 0, 0, 20, 0.00, 0.00, 0.00, 0.00, 0.00, NULL, NULL, NULL, NULL, '2018-04-11 10:18:29', '2018-04-18 09:15:06', NULL),
(79, 155, 'aaa', 'aaa', 1, 'a', 'a', 'a', 'a', 'a', 0, 0, 0, 20, 0.00, 0.00, 0.00, 0.00, 0.00, NULL, NULL, NULL, NULL, '2018-04-11 10:18:54', '2018-04-18 09:15:06', NULL),
(80, 155, 'a', 'aa', 0, 'a', 'a', 'a', 'a', 'aa', 0, 0, 0, 10, 0.00, 0.00, 0.00, 0.00, 0.00, NULL, NULL, NULL, '2018-04-11 10:23:59', '2018-04-11 10:19:51', '2018-04-11 10:23:59', NULL),
(81, 173, 'AP 1', 'abc', 0, 'a', 'a', 'a', 'a', 'a', 0, 0, 0, 40, 0.00, 0.00, 0.00, 0.00, 0.00, 'http://ssap.dev.digiprojects.top/uploads/1523443567-db_diagram.png', NULL, '', NULL, '2018-04-11 10:43:09', '2018-04-11 10:52:29', NULL),
(82, 173, 'KPI 1', 'abc', 1, 'a', 'a', 'a', 'a', 'a', 0, 0, 0, 60, 0.00, 3.00, 0.00, 0.00, 1.80, 'http://ssap.dev.digiprojects.top/uploads/1523443491-emails_survey.docx', NULL, '', NULL, '2018-04-11 10:43:57', '2018-04-16 06:47:11', NULL),
(83, 134, 'bach test', NULL, 0, NULL, NULL, NULL, NULL, NULL, 0, 4, 0, 10, 0.00, 0.00, 4.00, 0.00, 0.00, NULL, NULL, NULL, NULL, '2018-04-12 01:39:26', '2018-04-12 01:44:21', NULL),
(84, 176, 'AP 1', 'abc', 0, 'e', 'd', 'c', 'b', 'a', 0, 0, 0, 40, 0.00, 0.00, 0.00, 0.00, 0.00, 'http://ssap.dev.digiprojects.top/uploads/1523500550-checklist (2).jpeg', NULL, '', NULL, '2018-04-12 02:35:04', '2018-04-12 07:09:21', NULL),
(85, 155, 'ap', 'a', 0, 'e', 'd', 'c', 's', 'b', 0, 0, 0, 10, 0.00, 0.00, 0.00, 0.00, 0.00, 'http://ssap.dev.digiprojects.top/uploads/1523515220-checklist (2).jpeg', NULL, NULL, NULL, '2018-04-12 06:39:03', '2018-04-18 09:15:06', NULL),
(86, 176, 'KPI 1', 'abc', 1, 'fgga', 'asd', 'teff', 'qwe', 'asd', 0, 4, 0, 60, 3.00, 0.00, 0.00, 3.00, 1.80, 'http://ssap.dev.digiprojects.top/uploads/1523515936-checklist (2).jpeg', NULL, '', NULL, '2018-04-12 06:50:25', '2018-04-16 04:36:16', NULL),
(87, 103, 'Action plan (2)', 'Description about Action plan (2)', 0, 'Question 5', 'Question 4', 'Question 3', 'Question 2', 'Question 1', 0, 1, 0, 50, 0.00, 0.00, 0.00, 0.00, 0.00, NULL, NULL, NULL, NULL, '2018-04-12 07:30:11', '2018-04-12 07:31:41', NULL),
(88, 46, 'Action Plan 1', 'Description 1', 0, '35', '34', '13', '11', 'Target 11', 0, 0, 0, 20, 0.00, 0.00, 0.00, 0.00, 0.00, NULL, NULL, NULL, NULL, NULL, NULL, NULL),
(89, 46, 'Action Plan 2', 'Description 2', 0, '25', '24', '23', '12', 'Target 1', 0, 0, 0, 30, 0.00, 0.00, 0.00, 0.00, 0.00, NULL, NULL, NULL, NULL, NULL, NULL, NULL),
(132, 154, 'Achievement of Sales targert', 'Equal (=) achievement', 1, '110%', '100%', '90%', '80%', '70%', 0, 0, 0, 35, 0.00, 0.00, 0.00, 0.00, 0.00, NULL, NULL, NULL, NULL, NULL, '2018-04-18 09:15:04', NULL),
(133, 154, 'Achievement of new dealers/ spleeping dealers woke-up', 'Equal (=) achievement', 1, '110%', '100%', '90%', '80%', '70%', 0, 0, 0, 25, 0.00, 0.00, 0.00, 0.00, 0.00, NULL, NULL, NULL, NULL, NULL, '2018-04-18 09:15:05', NULL),
(134, 154, 'Expense management vs. budget', 'Equal ( = ) (Result expense / Expense Budget) * 100%', 1, '90%', '95%', '100%', '105%', '110%', 0, 0, 0, 5, 0.00, 0.00, 0.00, 0.00, 0.00, NULL, NULL, NULL, NULL, NULL, '2018-04-18 09:15:05', NULL),
(135, 154, 'Company Target Achievement - overal TurnOver', 'Equal (=) (Company turnover result / Company turnover target) * 100%', 1, '110%', '100%', '90%', '80%', '70%', 0, 0, 0, 15, 0.00, 0.00, 0.00, 0.00, 0.00, NULL, NULL, NULL, NULL, NULL, '2018-04-18 09:15:05', NULL),
(136, 154, 'Management of Action Plan Execution as team', 'Equal (=) Score.\nSubmit action plan and self-evaluation report for such management (5 ranks)', 0, '5', '4', '3', '2', '1', 0, 0, 0, 15, 0.00, 0.00, 0.00, 0.00, 0.00, NULL, NULL, NULL, NULL, NULL, '2018-04-18 09:15:05', NULL),
(137, 154, 'Team Building - Training & Staff development', 'Equal (=) Score', 0, '5', '4', '3', '2', '1', 0, 0, 0, 5, 0.00, 0.00, 0.00, 0.00, 0.00, NULL, NULL, NULL, NULL, NULL, '2018-04-18 09:15:05', NULL),
(150, 46, 'Achievement of Sales targert', 'Equal (=) achievement', 1, '110%', '100%', '90%', '80%', '70%', 0, 4, 0, 35, 0.00, 0.00, 0.00, 0.00, 0.00, NULL, NULL, NULL, NULL, NULL, NULL, NULL),
(151, 46, 'Achievement of new dealers/ spleeping dealers woke-up', 'Equal (=) achievement', 1, '110%', '100%', '90%', '80%', '70%', 0, 4, 0, 25, 0.00, 0.00, 0.00, 0.00, 0.00, NULL, NULL, NULL, NULL, NULL, NULL, NULL),
(152, 46, 'Expense management vs. budget', 'Equal ( = ) (Result expense / Expense Budget) * 100%', 1, '90%', '95%', '100%', '105%', '110%', 0, 4, 0, 5, 0.00, 0.00, 0.00, 0.00, 0.00, NULL, NULL, NULL, NULL, NULL, NULL, NULL),
(153, 46, 'Company Target Achievement - overal TurnOver', 'Equal (=) (Company turnover result / Company turnover target) * 100%', 1, '110%', '100%', '90%', '80%', '70%', 0, 4, 0, 15, 0.00, 0.00, 0.00, 0.00, 0.00, NULL, NULL, NULL, NULL, NULL, NULL, NULL),
(154, 46, 'Management of Action Plan Execution as team', 'Equal (=) Score.\nSubmit action plan and self-evaluation report for such management (5 ranks)', 0, '5', '4', '3', '2', '1', 0, 4, 0, 15, 0.00, 0.00, 0.00, 0.00, 0.00, NULL, NULL, NULL, NULL, NULL, NULL, NULL),
(155, 46, 'Team Building - Training & Staff development', 'Equal (=) Score', 0, '5', '4', '3', '2', '1', 0, 4, 0, 5, 0.00, 0.00, 0.00, 0.00, 0.00, NULL, NULL, NULL, NULL, NULL, NULL, NULL),
(156, 46, 'Achievement of Sales targert', 'Equal (=) achievement', 1, '110%', '100%', '90%', '80%', '70%', 0, 4, 0, 35, 0.00, 0.00, 0.00, 0.00, 0.00, NULL, NULL, NULL, NULL, NULL, NULL, NULL),
(157, 46, 'Achievement of new dealers/ spleeping dealers woke-up', 'Equal (=) achievement', 1, '110%', '100%', '90%', '80%', '70%', 0, 4, 0, 25, 0.00, 0.00, 0.00, 0.00, 0.00, NULL, NULL, NULL, NULL, NULL, NULL, NULL),
(158, 46, 'Expense management vs. budget', 'Equal ( = ) (Result expense / Expense Budget) * 100%', 1, '90%', '95%', '100%', '105%', '110%', 0, 4, 0, 5, 0.00, 0.00, 0.00, 0.00, 0.00, NULL, NULL, NULL, NULL, NULL, NULL, NULL),
(159, 46, 'Company Target Achievement - overal TurnOver', 'Equal (=) (Company turnover result / Company turnover target) * 100%', 1, '110%', '100%', '90%', '80%', '70%', 0, 4, 0, 15, 0.00, 0.00, 0.00, 0.00, 0.00, NULL, NULL, NULL, NULL, NULL, NULL, NULL),
(160, 46, 'Management of Action Plan Execution as team', 'Equal (=) Score.\nSubmit action plan and self-evaluation report for such management (5 ranks)', 0, '5', '4', '3', '2', '1', 0, 4, 0, 15, 0.00, 0.00, 0.00, 0.00, 0.00, NULL, NULL, NULL, NULL, NULL, NULL, NULL),
(161, 46, 'Team Building - Training & Staff development', 'Equal (=) Score', 0, '5', '4', '3', '2', '1', 0, 4, 0, 5, 0.00, 0.00, 0.00, 0.00, 0.00, NULL, NULL, NULL, NULL, NULL, NULL, NULL),
(162, 46, 'Achievement of Sales targert', 'Equal (=) achievement', 1, '110%', '100%', '90%', '80%', '70%', 0, 4, 0, 35, 0.00, 0.00, 0.00, 0.00, 0.00, NULL, NULL, NULL, NULL, NULL, NULL, NULL),
(163, 46, 'Achievement of new dealers/ spleeping dealers woke-up', 'Equal (=) achievement', 1, '110%', '100%', '90%', '80%', '70%', 0, 4, 0, 25, 0.00, 0.00, 0.00, 0.00, 0.00, NULL, NULL, NULL, NULL, NULL, NULL, NULL),
(164, 46, 'Expense management vs. budget', 'Equal ( = ) (Result expense / Expense Budget) * 100%', 1, '90%', '95%', '100%', '105%', '110%', 0, 4, 0, 5, 0.00, 0.00, 0.00, 0.00, 0.00, NULL, NULL, NULL, NULL, NULL, NULL, NULL),
(165, 46, 'Company Target Achievement - overal TurnOver', 'Equal (=) (Company turnover result / Company turnover target) * 100%', 1, '110%', '100%', '90%', '80%', '70%', 0, 4, 0, 15, 0.00, 0.00, 0.00, 0.00, 0.00, NULL, NULL, NULL, NULL, NULL, NULL, NULL),
(166, 46, 'Management of Action Plan Execution as team', 'Equal (=) Score.\nSubmit action plan and self-evaluation report for such management (5 ranks)', 0, '5', '4', '3', '2', '1', 0, 4, 0, 15, 0.00, 0.00, 0.00, 0.00, 0.00, NULL, NULL, NULL, NULL, NULL, NULL, NULL),
(167, 46, 'Team Building - Training & Staff development', 'Equal (=) Score', 0, '5', '4', '3', '2', '1', 0, 4, 0, 5, 0.00, 0.00, 0.00, 0.00, 0.00, NULL, NULL, NULL, NULL, NULL, NULL, NULL),
(168, 155, 'Achievement of Sales targert', 'Equal (=) achievement', 1, '110%', '100%', '90%', '80%', '70%', 0, 0, 0, 35, 0.00, 0.00, 0.00, 0.00, 0.00, NULL, NULL, NULL, NULL, NULL, '2018-04-18 09:15:06', NULL),
(169, 155, 'Achievement of new dealers/ spleeping dealers woke-up', 'Equal (=) achievement', 1, '110%', '100%', '90%', '80%', '70%', 0, 0, 0, 25, 0.00, 0.00, 0.00, 0.00, 0.00, NULL, NULL, NULL, NULL, NULL, '2018-04-18 09:15:06', NULL),
(170, 155, 'Expense management vs. budget', 'Equal ( = ) (Result expense / Expense Budget) * 100%', 1, '90%', '95%', '100%', '105%', '110%', 0, 0, 0, 5, 0.00, 0.00, 0.00, 0.00, 0.00, NULL, NULL, NULL, NULL, NULL, '2018-04-18 09:15:06', NULL),
(171, 155, 'Company Target Achievement - overal TurnOver', 'Equal (=) (Company turnover result / Company turnover target) * 100%', 1, '110%', '100%', '90%', '80%', '70%', 0, 0, 0, 15, 0.00, 0.00, 0.00, 0.00, 0.00, NULL, NULL, NULL, NULL, NULL, '2018-04-18 09:15:06', NULL),
(172, 155, 'Management of Action Plan Execution as team', 'Equal (=) Score.\nSubmit action plan and self-evaluation report for such management (5 ranks)', 0, '5', '4', '3', '2', '1', 0, 0, 0, 15, 0.00, 0.00, 0.00, 0.00, 0.00, NULL, NULL, NULL, NULL, NULL, '2018-04-18 09:15:06', NULL),
(173, 155, 'Team Building - Training & Staff development', 'Equal (=) Score', 0, '5', '4', '3', '2', '1', 0, 0, 0, 5, 0.00, 0.00, 0.00, 0.00, 0.00, NULL, NULL, NULL, NULL, NULL, '2018-04-18 09:15:06', NULL),
(174, 154, 'Achievement of Sales targert', 'Equal (=) achievement', 1, '110%', '100%', '90%', '80%', '70%', 0, 0, 0, 35, 0.00, 0.00, 0.00, 0.00, 0.00, NULL, NULL, NULL, NULL, NULL, '2018-04-18 09:15:05', NULL),
(175, 154, 'Achievement of new dealers/ spleeping dealers woke-up', 'Equal (=) achievement', 1, '110%', '100%', '90%', '80%', '70%', 0, 0, 0, 25, 0.00, 0.00, 0.00, 0.00, 0.00, NULL, NULL, NULL, NULL, NULL, '2018-04-18 09:15:05', NULL),
(176, 154, 'Expense management vs. budget', 'Equal ( = ) (Result expense / Expense Budget) * 100%', 1, '90%', '95%', '100%', '105%', '110%', 0, 0, 0, 5, 0.00, 0.00, 0.00, 0.00, 0.00, NULL, NULL, NULL, NULL, NULL, '2018-04-18 09:15:05', NULL),
(177, 154, 'Company Target Achievement - overal TurnOver', 'Equal (=) (Company turnover result / Company turnover target) * 100%', 1, '110%', '100%', '90%', '80%', '70%', 0, 0, 0, 15, 0.00, 0.00, 0.00, 0.00, 0.00, NULL, NULL, NULL, NULL, NULL, '2018-04-18 09:15:05', NULL),
(178, 154, 'Management of Action Plan Execution as team', 'Equal (=) Score.\nSubmit action plan and self-evaluation report for such management (5 ranks)', 0, '5', '4', '3', '2', '1', 0, 0, 0, 15, 0.00, 0.00, 0.00, 0.00, 0.00, NULL, NULL, NULL, NULL, NULL, '2018-04-18 09:15:05', NULL),
(179, 154, 'Team Building - Training & Staff development', 'Equal (=) Score', 0, '5', '4', '3', '2', '1', 0, 0, 0, 5, 0.00, 0.00, 0.00, 0.00, 0.00, NULL, NULL, NULL, NULL, NULL, '2018-04-18 09:15:05', NULL),
(180, 155, 'Achievement of Sales targert', 'Equal (=) achievement', 1, '110%', '100%', '90%', '80%', '70%', 0, 0, 0, 35, 0.00, 0.00, 0.00, 0.00, 0.00, NULL, NULL, NULL, NULL, NULL, '2018-04-18 09:15:06', NULL),
(181, 155, 'Achievement of new dealers/ spleeping dealers woke-up', 'Equal (=) achievement', 1, '110%', '100%', '90%', '80%', '70%', 0, 0, 0, 25, 0.00, 0.00, 0.00, 0.00, 0.00, NULL, NULL, NULL, NULL, NULL, '2018-04-18 09:15:06', NULL),
(182, 155, 'Expense management vs. budget', 'Equal ( = ) (Result expense / Expense Budget) * 100%', 1, '90%', '95%', '100%', '105%', '110%', 0, 0, 0, 5, 0.00, 0.00, 0.00, 0.00, 0.00, NULL, NULL, NULL, NULL, NULL, '2018-04-18 09:15:06', NULL),
(183, 155, 'Company Target Achievement - overal TurnOver', 'Equal (=) (Company turnover result / Company turnover target) * 100%', 1, '110%', '100%', '90%', '80%', '70%', 0, 0, 0, 15, 0.00, 0.00, 0.00, 0.00, 0.00, NULL, NULL, NULL, NULL, NULL, '2018-04-18 09:15:06', NULL),
(184, 155, 'Management of Action Plan Execution as team', 'Equal (=) Score.\nSubmit action plan and self-evaluation report for such management (5 ranks)', 0, '5', '4', '3', '2', '1', 0, 0, 0, 15, 0.00, 0.00, 0.00, 0.00, 0.00, NULL, NULL, NULL, NULL, NULL, '2018-04-18 09:15:06', NULL),
(185, 155, 'Team Building - Training & Staff development', 'Equal (=) Score', 0, '5', '4', '3', '2', '1', 0, 0, 0, 5, 0.00, 0.00, 0.00, 0.00, 0.00, NULL, NULL, NULL, NULL, NULL, '2018-04-18 09:15:06', NULL),
(186, 155, 'Achievement of Sales targert', 'Equal (=) achievement', 1, '110%', '100%', '90%', '80%', '70%', 0, 0, 0, 35, 0.00, 0.00, 0.00, 0.00, 0.00, NULL, NULL, NULL, NULL, NULL, '2018-04-18 09:15:07', NULL),
(187, 155, 'Achievement of new dealers/ spleeping dealers woke-up', 'Equal (=) achievement', 1, '110%', '100%', '90%', '80%', '70%', 0, 0, 0, 25, 0.00, 0.00, 0.00, 0.00, 0.00, NULL, NULL, NULL, NULL, NULL, '2018-04-18 09:15:07', NULL),
(188, 155, 'Expense management vs. budget', 'Equal ( = ) (Result expense / Expense Budget) * 100%', 1, '90%', '95%', '100%', '105%', '110%', 0, 0, 0, 5, 0.00, 0.00, 0.00, 0.00, 0.00, NULL, NULL, NULL, NULL, NULL, '2018-04-18 09:15:07', NULL),
(189, 155, 'Company Target Achievement - overal TurnOver', 'Equal (=) (Company turnover result / Company turnover target) * 100%', 1, '110%', '100%', '90%', '80%', '70%', 0, 0, 0, 15, 0.00, 0.00, 0.00, 0.00, 0.00, NULL, NULL, NULL, NULL, NULL, '2018-04-18 09:15:07', NULL),
(190, 155, 'Management of Action Plan Execution as team', 'Equal (=) Score.\nSubmit action plan and self-evaluation report for such management (5 ranks)', 0, '5', '4', '3', '2', '1', 0, 0, 0, 15, 0.00, 0.00, 0.00, 0.00, 0.00, NULL, NULL, NULL, NULL, NULL, '2018-04-18 09:15:07', NULL),
(191, 155, 'Team Building - Training & Staff development', 'Equal (=) Score', 0, '5', '4', '3', '2', '1', 0, 0, 0, 5, 0.00, 0.00, 0.00, 0.00, 0.00, NULL, NULL, NULL, NULL, NULL, '2018-04-18 09:15:07', NULL),
(192, 155, 'Achievement of Sales targert', 'Equal (=) achievement', 1, '110%', '100%', '90%', '80%', '70%', 0, 0, 0, 35, 0.00, 0.00, 0.00, 0.00, 0.00, NULL, NULL, NULL, NULL, NULL, '2018-04-18 09:15:07', NULL),
(193, 155, 'Achievement of new dealers/ spleeping dealers woke-up', 'Equal (=) achievement', 1, '110%', '100%', '90%', '80%', '70%', 0, 0, 0, 25, 0.00, 0.00, 0.00, 0.00, 0.00, NULL, NULL, NULL, NULL, NULL, '2018-04-18 09:15:07', NULL),
(194, 155, 'Expense management vs. budget', 'Equal ( = ) (Result expense / Expense Budget) * 100%', 1, '90%', '95%', '100%', '105%', '110%', 0, 0, 0, 5, 0.00, 0.00, 0.00, 0.00, 0.00, NULL, NULL, NULL, NULL, NULL, '2018-04-18 09:15:07', NULL),
(195, 155, 'Company Target Achievement - overal TurnOver', 'Equal (=) (Company turnover result / Company turnover target) * 100%', 1, '110%', '100%', '90%', '80%', '70%', 0, 0, 0, 15, 0.00, 0.00, 0.00, 0.00, 0.00, NULL, NULL, NULL, NULL, NULL, '2018-04-18 09:15:07', NULL),
(196, 155, 'Management of Action Plan Execution as team', 'Equal (=) Score.\nSubmit action plan and self-evaluation report for such management (5 ranks)', 0, '5', '4', '3', '2', '1', 0, 0, 0, 15, 0.00, 0.00, 0.00, 0.00, 0.00, NULL, NULL, NULL, NULL, NULL, '2018-04-18 09:15:07', NULL),
(197, 155, 'Team Building - Training & Staff development', 'Equal (=) Score', 0, '5', '4', '3', '2', '1', 0, 0, 0, 5, 0.00, 0.00, 0.00, 0.00, 0.00, NULL, NULL, NULL, NULL, NULL, '2018-04-18 09:15:07', NULL),
(198, 155, 'Action Plan 1', 'Description 1', 0, '35', '34', '13', '11', 'Target 11', 0, 0, 0, 20, 0.00, 0.00, 0.00, 0.00, 0.00, NULL, NULL, NULL, NULL, NULL, '2018-04-18 09:15:07', NULL),
(199, 155, 'Action Plan 2', 'Description 2', 0, '25', '24', '23', '12', 'Target 1', 0, 0, 0, 30, 0.00, 0.00, 0.00, 0.00, 0.00, NULL, NULL, NULL, '2018-04-17 03:54:45', NULL, '2018-04-17 03:54:45', NULL),
(200, 82, 'action plan 182 1', NULL, 0, NULL, NULL, NULL, NULL, NULL, 0, 4, 0, 10, 3.00, 3.00, 0.00, 0.00, 0.30, NULL, NULL, NULL, NULL, '2018-04-16 09:21:03', '2018-04-16 09:29:04', NULL),
(201, 82, 'action plan 82 2', NULL, 0, NULL, NULL, NULL, NULL, NULL, 0, 4, 0, 80, 4.00, 4.00, 0.00, 0.00, 3.20, NULL, NULL, NULL, NULL, '2018-04-16 09:21:30', '2018-04-16 09:27:07', NULL),
(202, 82, 'Test send resive', NULL, 0, NULL, NULL, NULL, NULL, NULL, 0, 2, 0, 10, 0.00, 0.00, 0.00, 0.00, 0.00, NULL, NULL, NULL, NULL, '2018-04-16 10:11:09', '2018-04-16 10:38:42', NULL),
(203, 178, 'Action plan 01', 'Action plan 01', 0, 'Tên công ty?', 'Sở thích?', 'Công việc của bạn là gì?', 'Bạn ở đâu?', 'Bạn tên gì?', 0, 4, 0, 40, 4.00, 4.00, 0.00, 0.00, 1.60, NULL, NULL, '5', NULL, '2018-04-16 10:55:13', '2018-04-17 04:30:25', NULL),
(204, 187, 'bach test evalua', NULL, 0, NULL, NULL, NULL, NULL, NULL, 0, 4, 0, 50, 0.00, 3.00, 0.00, 0.00, 1.50, NULL, NULL, NULL, NULL, '2018-04-17 02:00:55', '2018-04-18 08:47:50', NULL),
(205, 196, 'AP', 'a', 0, 'a', 'a', 'a', 'a', 'a', 0, 0, 0, 40, 0.00, 0.00, 0.00, 0.00, 0.00, 'http://ssap.dev.digiprojects.top/uploads/1523933247-task.txt', NULL, '', NULL, '2018-04-17 02:44:58', '2018-04-18 09:11:33', NULL),
(206, 196, 'KPI', 'a', 1, 'asd', 'asd', 'asd', 'asd', 'a', 0, 0, 0, 60, 0.00, 0.00, 0.00, 0.00, 0.00, 'http://ssap.dev.digiprojects.top/uploads/1523933277-task.txt', NULL, '', NULL, '2018-04-17 02:45:42', '2018-04-18 09:11:33', NULL),
(211, 155, '0', '0', 1, '0', '0', '0', '0', '0', 0, 0, 0, 10, 0.00, 0.00, 0.00, 0.00, 0.00, NULL, NULL, NULL, NULL, NULL, '2018-04-18 09:15:07', NULL),
(212, 155, '0', '0', 1, '0', '0', '0', '0', '0', 0, 0, 0, 10, 0.00, 0.00, 0.00, 0.00, 0.00, NULL, NULL, NULL, NULL, NULL, '2018-04-18 09:15:07', NULL),
(213, 46, '0', '0', 1, '0', '0', '0', '0', '0', 0, 0, 0, 10, 0.00, 0.00, 0.00, 0.00, 0.00, NULL, NULL, NULL, NULL, NULL, NULL, NULL),
(226, 155, 'đây là action plan nè', 'mô tả', 1, 'mục tiêu 5', 'mục tiêu 4', 'mục tiêu 3', 'mục tiêu 2', 'mục tiêu 1', 0, 0, 0, 10, 0.00, 0.00, 0.00, 0.00, 0.00, NULL, NULL, NULL, NULL, NULL, '2018-04-18 09:15:07', NULL),
(227, 155, 'đây là action plan nè', 'mô tả', 1, 'mục tiêu 5', 'mục tiêu 4', 'mục tiêu 3', 'mục tiêu 2', '50%', 0, 0, 0, 10, 0.00, 0.00, 0.00, 0.00, 0.00, NULL, NULL, NULL, NULL, NULL, '2018-04-18 09:15:07', NULL),
(228, 187, 'Action  sub kpi 187', NULL, 0, NULL, NULL, NULL, NULL, NULL, 0, 1, 0, 50, 0.00, 3.00, 0.00, 0.00, 1.50, NULL, NULL, NULL, NULL, '2018-04-18 04:03:10', '2018-04-18 08:46:42', NULL),
(229, 187, 'Action  sub kpi 187 2', NULL, 0, NULL, NULL, NULL, NULL, NULL, 0, 1, 0, 20, 0.00, 3.00, 0.00, 0.00, 0.60, NULL, NULL, NULL, NULL, '2018-04-18 04:03:24', '2018-04-18 08:44:35', NULL),
(230, 178, 'Achievement of Sales targert', 'Equal (=) achievement', 1, '110%', '100%', '90%', '80%', '70%', 0, 4, 0, 35, 0.00, 0.00, 0.00, 0.00, 0.00, NULL, NULL, NULL, NULL, NULL, NULL, NULL),
(231, 178, 'Achievement of new dealers/ spleeping dealers woke-up', 'Equal (=) achievement', 1, '110%', '100%', '90%', '80%', '70%', 0, 4, 0, 25, 0.00, 0.00, 0.00, 0.00, 0.00, NULL, NULL, NULL, NULL, NULL, NULL, NULL),
(232, 178, 'Expense management vs. budget', 'Equal ( = ) (Result expense / Expense Budget) * 100%', 1, '90%', '95%', '100%', '105%', '110%', 0, 4, 0, 5, 0.00, 0.00, 0.00, 0.00, 0.00, NULL, NULL, NULL, NULL, NULL, NULL, NULL),
(233, 178, 'Company Target Achievement - overal TurnOver', 'Equal (=) (Company turnover result / Company turnover target) * 100%', 1, '110%', '100%', '90%', '80%', '70%', 0, 4, 0, 15, 0.00, 0.00, 0.00, 0.00, 0.00, NULL, NULL, NULL, NULL, NULL, NULL, NULL),
(234, 178, 'Management of Action Plan Execution as team', 'Equal (=) Score.\nSubmit action plan and self-evaluation report for such management (5 ranks)', 0, '5', '4', '3', '2', '1', 0, 4, 0, 15, 0.00, 0.00, 0.00, 0.00, 0.00, NULL, NULL, NULL, NULL, NULL, NULL, NULL),
(235, 178, 'Team Building - Training & Staff development', 'Equal (=) Score', 0, '5', '4', '3', '2', '1', 0, 4, 0, 5, 0.00, 0.00, 0.00, 0.00, 0.00, NULL, NULL, NULL, NULL, NULL, NULL, NULL),
(236, 178, 'Achievement of Sales & Service  Turnover', 'Equal (=)  (Result turnover / Target amount) * 100%', 1, '110%', '100%', '90%', '80%', '70%', 0, 4, 0, 25, 0.00, 0.00, 0.00, 0.00, 0.00, NULL, NULL, NULL, NULL, NULL, NULL, NULL),
(237, 178, 'Achievement of Sales Target (Quantity: SBU) - RA', 'Equal (=)  (Result quantities / Target quantities) * 100%', 1, '110%', '100%', '90%', '80%', '70%', 0, 4, 0, 11, 0.00, 0.00, 0.00, 0.00, 0.00, NULL, NULL, NULL, NULL, NULL, NULL, NULL),
(238, 178, 'Achievement of Sales Target (Quantity: SBU) - SA', 'Equal (=)  (Result quantities / Target quantities) * 100%', 1, '110%', '100%', '90%', '80%', '70%', 0, 4, 0, 9, 0.00, 0.00, 0.00, 0.00, 0.00, NULL, NULL, NULL, NULL, NULL, NULL, NULL),
(239, 178, 'Expense management vs. budget', 'Equal (=)  | 100% - [(Result expense / Budget expense) * 100%] |', 1, '10%', '15%', '20%', '25%', '30%', 0, 4, 0, 10, 0.00, 0.00, 0.00, 0.00, 0.00, NULL, NULL, NULL, NULL, NULL, NULL, NULL),
(240, 178, 'Company Target Achievement', 'Equal (=) (Company turnover result / Company turnover target) * 100%', 1, '110%', '100%', '90%', '80%', '70%', 0, 4, 0, 10, 0.00, 0.00, 0.00, 0.00, 0.00, NULL, NULL, NULL, NULL, NULL, NULL, NULL),
(241, 178, 'Management of Action Plan Execution as team', 'Equal (=) Score.\nSubmit action plan and self-evaluation report for such management (5 ranks)', 0, '5', '4', '3', '2', '1', 0, 4, 0, 15, 0.00, 0.00, 0.00, 0.00, 0.00, NULL, NULL, NULL, NULL, NULL, NULL, NULL),
(242, 178, 'Team building - Cross Divison, Cross Teritorry corporation & relationship mgmt', 'Equal (=) Score.\n360 degree feedback (Boss : 2, Peers : 2, Subordinate : at least 10% total subordinate)', 0, '5', '4', '3', '2', '1', 0, 4, 0, 5, 0.00, 0.00, 0.00, 0.00, 0.00, NULL, NULL, NULL, NULL, NULL, NULL, NULL),
(243, 178, 'Team building - Training & Staff development', 'Equal (=) Score.\nSet up KPIs for subordinates, including KPIs updated in accordance with RB', 0, '5', '4', '3', '2', '1', 0, 4, 0, 5, 0.00, 0.00, 0.00, 0.00, 0.00, NULL, NULL, NULL, NULL, NULL, NULL, NULL),
(244, 176, 'Action Plan 1', 'Description 1', 0, '35', '34', '13', '11', 'Target 11', 0, 0, 0, 20, 0.00, 0.00, 0.00, 0.00, 0.00, NULL, NULL, NULL, NULL, NULL, NULL, NULL),
(245, 176, 'Action Plan 2', 'Description 2', 0, '25', '24', '23', '12', 'Target 1', 0, 0, 0, 30, 0.00, 0.00, 0.00, 0.00, 0.00, NULL, NULL, NULL, NULL, NULL, NULL, NULL),
(246, 176, 'Action Plan 1', 'Description 1', 0, '35', '34', '13', '11', 'Target 11', 0, 0, 0, 20, 0.00, 0.00, 0.00, 0.00, 0.00, NULL, NULL, NULL, NULL, NULL, NULL, NULL),
(247, 176, 'Action Plan 2', 'Description 2', 0, '25', '24', '23', '12', 'Target 1', 0, 0, 0, 30, 0.00, 0.00, 0.00, 0.00, 0.00, NULL, NULL, NULL, NULL, NULL, NULL, NULL),
(248, 176, 'Action Plan 1', 'Description 1', 0, '35', '34', '13', '11', 'Target 11', 0, 0, 0, 20, 0.00, 0.00, 0.00, 0.00, 0.00, NULL, NULL, NULL, NULL, NULL, NULL, NULL),
(249, 176, 'Action Plan 2', 'Description 2', 0, '25', '24', '23', '12', 'Target 1', 0, 0, 0, 30, 0.00, 0.00, 0.00, 0.00, 0.00, NULL, NULL, NULL, NULL, NULL, NULL, NULL),
(250, 178, 'Achievement of Sales & Service  Turnover', 'Equal (=)  (Result turnover / Target amount) * 100%', 1, '110%', '100%', '90%', '80%', '70%', 0, 4, 0, 25, 0.00, 0.00, 0.00, 0.00, 0.00, NULL, NULL, NULL, NULL, NULL, NULL, NULL),
(251, 178, 'Achievement of Sales Target (Quantity: SBU) - RA', 'Equal (=)  (Result quantities / Target quantities) * 100%', 1, '110%', '100%', '90%', '80%', '70%', 0, 4, 0, 11, 0.00, 0.00, 0.00, 0.00, 0.00, NULL, NULL, NULL, NULL, NULL, NULL, NULL),
(252, 178, 'Achievement of Sales Target (Quantity: SBU) - SA', 'Equal (=)  (Result quantities / Target quantities) * 100%', 1, '110%', '100%', '90%', '80%', '70%', 0, 4, 0, 9, 0.00, 0.00, 0.00, 0.00, 0.00, NULL, NULL, NULL, NULL, NULL, NULL, NULL),
(253, 178, 'Expense management vs. budget', 'Equal (=)  | 100% - [(Result expense / Budget expense) * 100%] |', 1, '10%', '15%', '20%', '25%', '30%', 0, 4, 0, 10, 0.00, 0.00, 0.00, 0.00, 0.00, NULL, NULL, NULL, NULL, NULL, NULL, NULL),
(254, 178, 'Company Target Achievement', 'Equal (=) (Company turnover result / Company turnover target) * 100%', 1, '110%', '100%', '90%', '80%', '70%', 0, 4, 0, 10, 0.00, 0.00, 0.00, 0.00, 0.00, NULL, NULL, NULL, NULL, NULL, NULL, NULL),
(255, 178, 'Management of Action Plan Execution as team', 'Equal (=) Score.\nSubmit action plan and self-evaluation report for such management (5 ranks)', 0, '5', '4', '3', '2', '1', 0, 4, 0, 15, 0.00, 0.00, 0.00, 0.00, 0.00, NULL, NULL, NULL, NULL, NULL, NULL, NULL),
(256, 178, 'Team building - Cross Divison, Cross Teritorry corporation & relationship mgmt', 'Equal (=) Score.\n360 degree feedback (Boss : 2, Peers : 2, Subordinate : at least 10% total subordinate)', 0, '5', '4', '3', '2', '1', 0, 4, 0, 5, 0.00, 0.00, 0.00, 0.00, 0.00, NULL, NULL, NULL, NULL, NULL, NULL, NULL),
(257, 178, 'Team building - Training & Staff development', 'Equal (=) Score.\nSet up KPIs for subordinates, including KPIs updated in accordance with RB', 0, '5', '4', '3', '2', '1', 0, 4, 0, 5, 0.00, 0.00, 0.00, 0.00, 0.00, NULL, NULL, NULL, NULL, NULL, NULL, NULL),
(258, 178, 'Achievement of Sales & Service  Turnover', 'Equal (=)  (Result turnover / Target amount) * 100%', 1, '110%', '100%', '90%', '80%', '70%', 0, 4, 0, 25, 0.00, 0.00, 0.00, 0.00, 0.00, NULL, NULL, NULL, NULL, NULL, NULL, NULL),
(259, 178, 'Achievement of Sales Target (Quantity: SBU) - RA', 'Equal (=)  (Result quantities / Target quantities) * 100%', 1, '110%', '100%', '90%', '80%', '70%', 0, 4, 0, 11, 0.00, 0.00, 0.00, 0.00, 0.00, NULL, NULL, NULL, NULL, NULL, NULL, NULL),
(260, 178, 'Achievement of Sales Target (Quantity: SBU) - SA', 'Equal (=)  (Result quantities / Target quantities) * 100%', 1, '110%', '100%', '90%', '80%', '70%', 0, 4, 0, 9, 0.00, 0.00, 0.00, 0.00, 0.00, NULL, NULL, NULL, NULL, NULL, NULL, NULL),
(261, 178, 'Expense management vs. budget', 'Equal (=)  | 100% - [(Result expense / Budget expense) * 100%] |', 1, '10%', '15%', '20%', '25%', '30%', 0, 4, 0, 10, 0.00, 0.00, 0.00, 0.00, 0.00, NULL, NULL, NULL, NULL, NULL, NULL, NULL),
(262, 178, 'Company Target Achievement', 'Equal (=) (Company turnover result / Company turnover target) * 100%', 1, '110%', '100%', '90%', '80%', '70%', 0, 4, 0, 10, 0.00, 0.00, 0.00, 0.00, 0.00, NULL, NULL, NULL, NULL, NULL, NULL, NULL),
(263, 178, 'Management of Action Plan Execution as team', 'Equal (=) Score.\nSubmit action plan and self-evaluation report for such management (5 ranks)', 0, '5', '4', '3', '2', '1', 0, 4, 0, 15, 0.00, 0.00, 0.00, 0.00, 0.00, NULL, NULL, NULL, NULL, NULL, NULL, NULL),
(264, 178, 'Team building - Cross Divison, Cross Teritorry corporation & relationship mgmt', 'Equal (=) Score.\n360 degree feedback (Boss : 2, Peers : 2, Subordinate : at least 10% total subordinate)', 0, '5', '4', '3', '2', '1', 0, 4, 0, 5, 0.00, 0.00, 0.00, 0.00, 0.00, NULL, NULL, NULL, NULL, NULL, NULL, NULL),
(265, 178, 'Team building - Training & Staff development', 'Equal (=) Score.\nSet up KPIs for subordinates, including KPIs updated in accordance with RB', 0, '5', '4', '3', '2', '1', 0, 4, 0, 5, 0.00, 0.00, 0.00, 0.00, 0.00, NULL, NULL, NULL, NULL, NULL, NULL, NULL),
(266, 197, 'bn', 'h', 0, 'h', 'h', 'h', 'h', 'h', 0, 0, 0, 1, 0.00, 0.00, 0.00, 0.00, 0.00, NULL, NULL, NULL, NULL, '2018-04-20 02:48:45', '2018-04-20 02:48:45', NULL);

-- --------------------------------------------------------

--
-- Table structure for table `api_kpi_action_plan_comments`
--

CREATE TABLE `api_kpi_action_plan_comments` (
  `id` int(10) UNSIGNED NOT NULL,
  `action_plan_id` int(11) NOT NULL,
  `user_id` int(11) NOT NULL,
  `comment` text COLLATE utf8mb4_unicode_ci NOT NULL,
  `created_at` timestamp NULL DEFAULT NULL,
  `updated_at` timestamp NULL DEFAULT NULL
) ENGINE=InnoDB DEFAULT CHARSET=utf8mb4 COLLATE=utf8mb4_unicode_ci;

--
-- Dumping data for table `api_kpi_action_plan_comments`
--

INSERT INTO `api_kpi_action_plan_comments` (`id`, `action_plan_id`, `user_id`, `comment`, `created_at`, `updated_at`) VALUES
(1, 13, 12, '123', '2018-04-04 03:56:43', '2018-04-04 03:56:43'),
(2, 13, 12, '123456', '2018-04-04 04:02:05', '2018-04-04 04:02:05'),
(3, 13, 12, 'demo test', '2018-04-04 04:02:10', '2018-04-04 04:02:10'),
(4, 13, 12, '12345', '2018-04-04 04:06:04', '2018-04-04 04:06:04'),
(5, 85, 2, 'a', '2018-04-12 06:40:26', '2018-04-12 06:40:26'),
(6, 86, 2, 'abc', '2018-04-16 04:14:31', '2018-04-16 04:14:31'),
(7, 204, 12, 'good', '2018-04-17 02:13:52', '2018-04-17 02:13:52'),
(8, 204, 12, 'bad', '2018-04-17 02:14:33', '2018-04-17 02:14:33'),
(9, 204, 12, 'comemnt thu', '2018-04-17 02:47:15', '2018-04-17 02:47:15'),
(10, 204, 3, 'test', '2018-04-17 02:48:49', '2018-04-17 02:48:49'),
(11, 206, 2, 'abc', '2018-04-17 07:44:12', '2018-04-17 07:44:12'),
(12, 206, 3, 'ok', '2018-04-17 07:49:36', '2018-04-17 07:49:36'),
(13, 206, 11, 'ok', '2018-04-17 07:50:19', '2018-04-17 07:50:19');

-- --------------------------------------------------------

--
-- Table structure for table `api_log_send_email_evaluator_kpi`
--

CREATE TABLE `api_log_send_email_evaluator_kpi` (
  `id` int(10) UNSIGNED NOT NULL,
  `created_at` timestamp NULL DEFAULT NULL,
  `updated_at` timestamp NULL DEFAULT NULL
) ENGINE=InnoDB DEFAULT CHARSET=utf8mb4 COLLATE=utf8mb4_unicode_ci;

-- --------------------------------------------------------

--
-- Table structure for table `api_period`
--

CREATE TABLE `api_period` (
  `id` int(10) UNSIGNED NOT NULL,
  `name` varchar(191) COLLATE utf8mb4_unicode_ci NOT NULL,
  `start_date` date DEFAULT NULL,
  `end_date` date DEFAULT NULL,
  `deleted_at` timestamp NULL DEFAULT NULL,
  `created_at` timestamp NULL DEFAULT NULL,
  `updated_at` timestamp NULL DEFAULT NULL
) ENGINE=InnoDB DEFAULT CHARSET=utf8mb4 COLLATE=utf8mb4_unicode_ci;

--
-- Dumping data for table `api_period`
--

INSERT INTO `api_period` (`id`, `name`, `start_date`, `end_date`, `deleted_at`, `created_at`, `updated_at`) VALUES
(3, 'name 1', '2018-03-02', '2018-03-01', '2018-03-20 07:52:04', '2018-03-20 05:03:59', '2018-03-20 07:52:04'),
(4, 'hao', '2018-03-14', '2018-03-15', '2018-03-20 07:54:44', '2018-03-20 07:49:18', '2018-03-20 07:54:44'),
(5, 'hao', '2018-02-28', '2018-03-20', '2018-03-20 07:58:51', '2018-03-20 07:58:07', '2018-03-20 07:58:51'),
(6, 'hao', '2018-03-05', '2018-03-20', '2018-03-20 08:11:13', '2018-03-20 08:03:44', '2018-03-20 08:11:13'),
(7, 'hghbjk', '2018-03-20', '2018-03-20', '2018-03-20 08:19:18', '2018-03-20 08:18:28', '2018-03-20 08:19:18'),
(8, 'sdfs', '2018-03-22', '2018-03-20', '2018-03-20 08:23:02', '2018-03-20 08:22:41', '2018-03-20 08:23:02'),
(9, 'wewd', '2018-03-20', '2018-03-20', '2018-03-20 09:24:27', '2018-03-20 09:19:08', '2018-03-20 09:24:27'),
(10, 't01', '2018-03-20', '2018-03-20', '2018-03-20 09:26:39', '2018-03-20 09:25:39', '2018-03-20 09:26:39'),
(11, 't02', '2018-03-20', '2018-03-20', '2018-03-20 10:08:35', '2018-03-20 09:25:50', '2018-03-20 10:08:35'),
(12, 't03', '2018-03-20', '2018-03-20', '2018-03-20 09:27:36', '2018-03-20 09:26:16', '2018-03-20 09:27:36'),
(13, 'adsd', '2018-03-20', '2018-03-20', '2018-03-20 10:12:13', '2018-03-20 10:11:05', '2018-03-20 10:12:13'),
(14, 'erer', '2018-03-20', '2018-03-20', '2018-03-20 10:12:13', '2018-03-20 10:12:04', '2018-03-20 10:12:13'),
(15, 'wewqe', '2018-03-09', '2018-03-20', '2018-04-02 02:26:31', '2018-03-20 10:16:36', '2018-04-02 02:26:31'),
(16, 'Period 1', '2018-03-24', '2018-03-24', NULL, '2018-03-24 14:57:22', '2018-03-24 14:57:22'),
(17, 'qqqqq', '2018-03-26', '2018-03-26', NULL, '2018-03-26 06:56:35', '2018-03-26 06:56:35');

-- --------------------------------------------------------

--
-- Table structure for table `api_position`
--

CREATE TABLE `api_position` (
  `id` int(10) UNSIGNED NOT NULL,
  `name` varchar(128) COLLATE utf8mb4_unicode_ci NOT NULL,
  `short_name` varchar(191) COLLATE utf8mb4_unicode_ci DEFAULT NULL,
  `deleted_at` timestamp NULL DEFAULT NULL,
  `created_at` timestamp NULL DEFAULT NULL,
  `updated_at` timestamp NULL DEFAULT NULL
) ENGINE=InnoDB DEFAULT CHARSET=utf8mb4 COLLATE=utf8mb4_unicode_ci;

--
-- Dumping data for table `api_position`
--

INSERT INTO `api_position` (`id`, `name`, `short_name`, `deleted_at`, `created_at`, `updated_at`) VALUES
(1, 'President', 'PRE', '2018-03-13 04:50:53', NULL, '2018-03-13 04:50:53'),
(2, 'Vice President', 'VPR', '2018-03-13 04:50:53', NULL, '2018-03-13 04:50:53'),
(3, 'SGM', NULL, '2018-03-13 04:50:53', NULL, '2018-03-13 04:50:53'),
(4, 'GM233', 'GM', '2018-03-13 07:35:40', NULL, '2018-03-13 07:35:40'),
(5, 'a', 'abc', '2018-03-13 07:35:40', NULL, '2018-03-13 07:35:40'),
(6, 'Senior Manager', NULL, '2018-03-13 07:35:40', NULL, '2018-03-13 07:35:40'),
(7, 'Manager', NULL, '2018-03-13 07:35:40', NULL, '2018-03-13 07:35:40'),
(8, 'Asst Manager', NULL, '2018-03-13 07:35:40', NULL, '2018-03-13 07:35:40'),
(9, 'Leader', NULL, '2018-03-13 04:31:02', NULL, '2018-03-13 04:31:02'),
(10, 'Sales Engineer', NULL, '2018-03-13 07:35:40', NULL, '2018-03-13 07:35:40'),
(11, 'Service Engineer', NULL, '2018-03-13 07:35:40', NULL, '2018-03-13 07:35:40'),
(12, 'Engineer', NULL, '2018-03-13 07:35:40', NULL, '2018-03-13 07:35:40'),
(13, 'Engineering Support', NULL, '2018-03-13 07:35:40', NULL, '2018-03-13 07:35:40'),
(14, 'Service Technician', NULL, '2018-03-13 07:35:40', NULL, '2018-03-13 07:35:40'),
(15, 'Sales support', NULL, '2018-03-13 07:35:40', NULL, '2018-03-13 07:35:40'),
(16, 'Staff', NULL, '2018-03-13 07:35:40', NULL, '2018-03-13 07:35:40'),
(17, 'Personal Asst', NULL, '2018-03-12 06:43:38', NULL, '2018-03-12 06:43:38'),
(19, '333', NULL, '2018-03-10 09:41:24', '2018-02-09 03:41:15', '2018-03-10 09:41:24'),
(20, 'Pois', 'short anme', '2018-03-10 09:38:01', '2018-02-22 03:45:49', '2018-03-10 09:38:01'),
(21, 'bachtest nam', 'bachtest', '2018-03-12 06:43:38', '2018-03-10 09:46:45', '2018-03-12 06:43:38'),
(22, 'bachtest nam', 'bachtest', '2018-03-12 06:39:14', '2018-03-10 09:47:19', '2018-03-12 06:39:14'),
(23, 'aaaaaaa', 'aaa', '2018-03-10 09:48:01', '2018-03-10 09:47:43', '2018-03-10 09:48:01'),
(24, 'Staff2', 'Staff', '2018-03-13 07:31:26', '2018-03-12 02:28:10', '2018-03-13 07:31:26'),
(25, 'tan nguyen', 'tan', '2018-03-13 02:06:43', '2018-03-12 06:56:20', '2018-03-13 02:06:43'),
(26, 'tan nguyen', 'tan 2', '2018-03-13 02:06:43', '2018-03-12 06:57:05', '2018-03-13 02:06:43'),
(27, 'tan nguyen', 'tan', '2018-03-12 06:58:16', '2018-03-12 06:58:05', '2018-03-12 06:58:16'),
(28, 'Tiền Giang', 'TG', '2018-03-13 06:26:02', '2018-03-13 06:25:15', '2018-03-13 06:26:02'),
(29, 'wqeqwe', 'wqeqwe', '2018-03-13 07:32:03', '2018-03-13 07:31:57', '2018-03-13 07:32:03'),
(30, 'sadd', 'adsfs', '2018-03-13 07:35:40', '2018-03-13 07:34:41', '2018-03-13 07:35:40'),
(31, 'sdfwew', 'sfsdaf', '2018-03-13 07:37:22', '2018-03-13 07:37:11', '2018-03-13 07:37:22'),
(32, 'Leader', 'GM', NULL, '2018-03-13 07:38:16', '2018-03-13 07:38:16'),
(33, 'Staff', 'ST', NULL, '2018-03-13 07:38:46', '2018-03-13 07:38:46'),
(34, 'Service', 'S', NULL, '2018-03-13 07:39:04', '2018-03-13 07:39:04'),
(35, 'Sales Engineer', 'SE', NULL, '2018-03-13 07:40:04', '2018-03-13 07:40:04'),
(36, 'ábđá', 'abc', '2018-03-13 07:41:22', '2018-03-13 07:40:33', '2018-03-13 07:41:22'),
(37, 'ábđá', 'abc', '2018-03-13 07:41:22', '2018-03-13 07:40:34', '2018-03-13 07:41:22'),
(38, 'ábđá', 'abc', '2018-03-13 07:41:22', '2018-03-13 07:40:35', '2018-03-13 07:41:22'),
(39, 'ábđá', 'abc', '2018-03-13 07:41:22', '2018-03-13 07:40:37', '2018-03-13 07:41:22'),
(40, 'ábđá', 'abc', '2018-03-13 07:41:22', '2018-03-13 07:40:38', '2018-03-13 07:41:22'),
(41, 'ábđá', 'abc', '2018-03-13 07:41:22', '2018-03-13 07:40:39', '2018-03-13 07:41:22'),
(42, 'ábđá', 'abc', '2018-03-13 07:41:22', '2018-03-13 07:40:41', '2018-03-13 07:41:22'),
(43, 'ábđá', 'abc', '2018-03-13 07:41:22', '2018-03-13 07:40:42', '2018-03-13 07:41:22'),
(44, 'ábđá', 'abc', '2018-03-13 07:41:22', '2018-03-13 07:40:43', '2018-03-13 07:41:22'),
(45, 'ábđá', 'abc', '2018-03-13 07:41:22', '2018-03-13 07:40:45', '2018-03-13 07:41:22'),
(46, 'a', 'a', '2018-03-13 07:45:12', '2018-03-13 07:44:56', '2018-03-13 07:45:12'),
(47, 'a', 'a', '2018-03-13 07:45:12', '2018-03-13 07:44:58', '2018-03-13 07:45:12'),
(48, 'a', 'a', '2018-03-13 07:45:12', '2018-03-13 07:44:59', '2018-03-13 07:45:12'),
(49, 'a', 'a', '2018-03-13 07:45:12', '2018-03-13 07:45:01', '2018-03-13 07:45:12'),
(50, 'a', 'a', '2018-03-13 07:45:12', '2018-03-13 07:45:02', '2018-03-13 07:45:12'),
(51, '4353', 'GM', '2018-03-13 07:53:01', '2018-03-13 07:46:20', '2018-03-13 07:53:01'),
(52, 'dadfs', 'GM', '2018-03-13 07:53:01', '2018-03-13 07:47:38', '2018-03-13 07:53:01'),
(53, 'ád', 'tan', '2018-03-13 07:53:01', '2018-03-13 07:48:58', '2018-03-13 07:53:01'),
(54, 'bachtest123', 'bachtest', NULL, '2018-03-13 07:51:58', '2018-03-20 10:09:59'),
(55, 'á', 'a', '2018-03-13 07:53:01', '2018-03-13 07:52:35', '2018-03-13 07:53:01'),
(56, 'ấ', 'cc', '2018-03-13 07:53:01', '2018-03-13 07:52:47', '2018-03-13 07:53:01'),
(57, '222', 'tan 2', '2018-03-13 08:21:58', '2018-03-13 08:21:52', '2018-03-13 08:21:58'),
(58, 'dfdfg', 'ád', '2018-03-13 08:23:06', '2018-03-13 08:22:43', '2018-03-13 08:23:06'),
(59, 'qưẻtỵ hgcxzq ưẻtỵhgcx zqưẻtỵhgc xzqư ẻtỵhgcx zqưẻtỵ hgcx zqư ẻtỵhg cxzqưẻtỵhg cxzqưẻt ỵhgcxz', 'ororororororortreytreyteytruiytyityiyiuyiyuiyuoiyuôiiôiiôiiuoiuoii', '2018-03-15 08:15:47', '2018-03-15 08:10:14', '2018-03-15 08:15:47'),
(60, 'Sales support', 'Sales-S', NULL, '2018-03-27 02:47:40', '2018-03-27 02:47:40');

-- --------------------------------------------------------

--
-- Table structure for table `api_question`
--

CREATE TABLE `api_question` (
  `id` int(10) UNSIGNED NOT NULL,
  `type` int(11) NOT NULL DEFAULT '1' COMMENT '1:radio,2:textarea',
  `point` int(11) NOT NULL DEFAULT '0',
  `order` int(11) NOT NULL DEFAULT '0',
  `required` int(11) NOT NULL DEFAULT '0' COMMENT '0:no ,1:yes',
  `id_survey` int(10) UNSIGNED NOT NULL,
  `deleted_at` timestamp NULL DEFAULT NULL,
  `created_at` timestamp NULL DEFAULT NULL,
  `updated_at` timestamp NULL DEFAULT NULL
) ENGINE=InnoDB DEFAULT CHARSET=utf8mb4 COLLATE=utf8mb4_unicode_ci;

--
-- Dumping data for table `api_question`
--

INSERT INTO `api_question` (`id`, `type`, `point`, `order`, `required`, `id_survey`, `deleted_at`, `created_at`, `updated_at`) VALUES
(153, 1, 0, 0, 0, 53, NULL, '2018-03-19 03:10:00', '2018-03-19 03:10:00'),
(154, 1, 0, 0, 0, 53, NULL, '2018-03-19 03:10:02', '2018-03-19 03:10:02'),
(155, 2, 0, 0, 0, 53, NULL, '2018-03-19 03:10:02', '2018-03-19 03:10:02'),
(164, 1, 0, 0, 0, 60, NULL, '2018-03-26 01:40:14', '2018-03-26 01:40:14'),
(165, 1, 0, 0, 0, 61, NULL, '2018-03-26 01:41:05', '2018-03-26 01:41:05'),
(170, 1, 0, 1, 1, 64, NULL, '2018-03-28 02:22:44', '2018-03-28 02:22:44'),
(171, 1, 0, 1, 0, 64, NULL, '2018-03-28 02:22:46', '2018-03-28 08:34:41'),
(172, 2, 0, 1, 1, 64, NULL, '2018-03-28 02:22:47', '2018-03-28 02:22:47'),
(173, 1, 0, 1, 1, 68, NULL, '2018-03-29 02:20:40', '2018-03-29 02:20:40'),
(174, 1, 0, 1, 1, 68, NULL, '2018-03-29 02:20:40', '2018-03-29 02:20:40'),
(175, 1, 0, 1, 1, 68, NULL, '2018-03-29 02:20:42', '2018-03-29 02:20:42'),
(176, 2, 0, 1, 1, 68, NULL, '2018-03-29 02:20:42', '2018-03-29 02:20:42'),
(177, 1, 0, 1, 1, 72, NULL, '2018-03-29 07:32:44', '2018-03-29 07:32:44'),
(178, 1, 0, 1, 1, 72, NULL, '2018-03-29 07:32:45', '2018-03-29 07:32:45'),
(179, 1, 0, 1, 1, 65, NULL, '2018-04-02 04:07:56', '2018-04-02 04:07:56'),
(180, 1, 0, 1, 1, 71, NULL, '2018-04-03 04:00:43', '2018-04-03 04:00:43'),
(181, 1, 0, 1, 1, 69, NULL, '2018-04-03 04:02:03', '2018-04-03 04:02:03'),
(182, 1, 0, 1, 1, 73, NULL, '2018-04-04 03:19:50', '2018-04-04 03:19:50'),
(183, 1, 0, 1, 1, 73, NULL, '2018-04-04 03:19:51', '2018-04-04 03:19:51'),
(184, 1, 0, 1, 1, 66, NULL, '2018-04-04 08:06:26', '2018-04-04 08:06:26'),
(185, 1, 0, 1, 1, 74, NULL, '2018-04-06 04:04:24', '2018-04-06 04:04:24'),
(186, 1, 0, 1, 1, 74, NULL, '2018-04-06 04:10:47', '2018-04-06 04:10:47'),
(187, 1, 0, 1, 1, 67, NULL, '2018-04-06 04:13:18', '2018-04-06 04:13:18'),
(188, 1, 0, 1, 1, 75, NULL, '2018-04-06 06:25:14', '2018-04-06 06:25:14'),
(189, 1, 0, 1, 1, 75, NULL, '2018-04-06 06:25:14', '2018-04-06 06:25:14'),
(190, 1, 0, 1, 1, 66, NULL, '2018-04-09 07:53:50', '2018-04-09 07:53:50'),
(191, 1, 0, 1, 1, 76, NULL, '2018-04-10 11:26:24', '2018-04-10 11:26:24'),
(192, 1, 0, 1, 1, 76, NULL, '2018-04-10 11:26:24', '2018-04-10 11:26:24'),
(193, 1, 0, 1, 1, 78, NULL, '2018-04-11 16:26:23', '2018-04-11 16:26:23'),
(194, 1, 0, 1, 1, 78, NULL, '2018-04-11 16:26:24', '2018-04-11 16:26:24'),
(195, 1, 0, 1, 1, 78, NULL, '2018-04-11 16:26:25', '2018-04-11 16:26:25'),
(196, 1, 0, 1, 1, 78, NULL, '2018-04-11 16:26:26', '2018-04-11 16:26:26'),
(197, 1, 0, 1, 1, 78, NULL, '2018-04-11 16:26:28', '2018-04-11 16:26:28'),
(198, 1, 0, 1, 1, 78, NULL, '2018-04-11 16:26:29', '2018-04-11 16:26:29'),
(199, 1, 0, 1, 1, 78, NULL, '2018-04-11 16:26:30', '2018-04-11 16:26:30'),
(200, 1, 0, 1, 1, 78, NULL, '2018-04-11 16:26:31', '2018-04-11 16:26:31'),
(201, 1, 0, 1, 1, 78, NULL, '2018-04-11 16:26:32', '2018-04-11 16:26:32'),
(202, 1, 0, 1, 1, 78, NULL, '2018-04-11 16:26:33', '2018-04-11 16:26:33'),
(203, 1, 0, 1, 1, 82, NULL, '2018-04-17 03:30:17', '2018-04-17 03:30:17'),
(204, 1, 0, 1, 1, 82, NULL, '2018-04-17 03:30:18', '2018-04-17 03:30:18'),
(205, 1, 0, 1, 1, 82, NULL, '2018-04-17 03:30:18', '2018-04-17 03:30:18'),
(206, 1, 0, 1, 1, 83, NULL, '2018-04-19 08:54:31', '2018-04-19 08:54:31'),
(207, 1, 0, 1, 1, 83, NULL, '2018-04-19 08:54:32', '2018-04-19 08:54:32'),
(208, 1, 0, 1, 1, 84, NULL, '2018-04-19 09:21:12', '2018-04-19 09:21:12'),
(209, 1, 0, 1, 1, 84, NULL, '2018-04-19 09:21:12', '2018-04-19 09:21:12'),
(210, 1, 0, 1, 1, 86, NULL, '2018-04-19 10:12:31', '2018-04-19 10:12:31'),
(211, 1, 0, 1, 1, 86, NULL, '2018-04-19 10:12:31', '2018-04-19 10:12:31');

-- --------------------------------------------------------

--
-- Table structure for table `api_question_comment`
--

CREATE TABLE `api_question_comment` (
  `id` int(10) UNSIGNED NOT NULL,
  `comment` text COLLATE utf8mb4_unicode_ci,
  `id_user` int(11) NOT NULL,
  `id_question` int(11) NOT NULL,
  `deleted_at` timestamp NULL DEFAULT NULL,
  `created_at` timestamp NULL DEFAULT NULL,
  `updated_at` timestamp NULL DEFAULT NULL
) ENGINE=InnoDB DEFAULT CHARSET=utf8mb4 COLLATE=utf8mb4_unicode_ci;

--
-- Dumping data for table `api_question_comment`
--

INSERT INTO `api_question_comment` (`id`, `comment`, `id_user`, `id_question`, `deleted_at`, `created_at`, `updated_at`) VALUES
(16, 'acs', 3, 184, NULL, '2018-04-09 10:58:19', '2018-04-09 10:58:19'),
(30, 'alo', 3, 190, NULL, '2018-04-10 02:19:53', '2018-04-10 02:19:53'),
(37, 'test review', 3, 190, NULL, '2018-04-10 02:49:28', '2018-04-10 02:49:28'),
(38, 'abc', 2, 191, NULL, '2018-04-10 11:27:51', '2018-04-10 11:27:51'),
(39, 'abc', 2, 191, NULL, '2018-04-10 11:27:51', '2018-04-10 11:27:51'),
(40, 'edit this question', 2, 192, NULL, '2018-04-10 11:28:02', '2018-04-10 11:28:02');

-- --------------------------------------------------------

--
-- Table structure for table `api_question_language`
--

CREATE TABLE `api_question_language` (
  `id` int(10) UNSIGNED NOT NULL,
  `question` text COLLATE utf8mb4_unicode_ci,
  `description` text COLLATE utf8mb4_unicode_ci,
  `id_language` int(11) NOT NULL COMMENT '1:en,2:vi',
  `id_question` int(10) UNSIGNED NOT NULL,
  `deleted_at` timestamp NULL DEFAULT NULL,
  `created_at` timestamp NULL DEFAULT NULL,
  `updated_at` timestamp NULL DEFAULT NULL
) ENGINE=InnoDB DEFAULT CHARSET=utf8mb4 COLLATE=utf8mb4_unicode_ci;

--
-- Dumping data for table `api_question_language`
--

INSERT INTO `api_question_language` (`id`, `question`, `description`, `id_language`, `id_question`, `deleted_at`, `created_at`, `updated_at`) VALUES
(293, 'How are u?', '1: Excenlent\n2: Good\n3: Normal\n4: Not so good\n5: Bad', 1, 153, NULL, '2018-03-19 03:10:00', '2018-03-19 03:10:00'),
(294, 'Bạn khỏe không?', '1: Tuyệt với\n2: Tốt\n3: Bình thường\n4: Không tốt lắm\n5: Không khỏe', 2, 153, NULL, '2018-03-19 03:10:00', '2018-03-19 03:10:00'),
(295, 'Do you want to eat?', NULL, 1, 154, NULL, '2018-03-19 03:10:02', '2018-03-19 03:10:02'),
(296, 'Bạn có muốn ăn không?', NULL, 2, 154, NULL, '2018-03-19 03:10:02', '2018-03-19 03:10:02'),
(297, 'What do u want?', 'This question is about quality of life', 1, 155, NULL, '2018-03-19 03:10:02', '2018-03-19 03:10:02'),
(298, 'Bạn muốn gì?', 'Câu hỏi về chất lượng cuộc sống', 2, 155, NULL, '2018-03-19 03:10:02', '2018-03-19 03:10:02'),
(315, 'en', 'abc', 1, 164, NULL, '2018-03-26 01:40:14', '2018-03-26 01:40:14'),
(316, 'vi', 'abc', 2, 164, NULL, '2018-03-26 01:40:14', '2018-03-26 01:40:14'),
(317, 'en', 'abc', 1, 165, NULL, '2018-03-26 01:41:05', '2018-03-26 01:41:05'),
(318, 'vi', 'abc', 2, 165, NULL, '2018-03-26 01:41:05', '2018-03-26 01:41:05'),
(319, 'What\'s your company name?', '(1) A; (2) B; (3) C; (4) D; (5) E', 1, 170, NULL, '2018-03-28 02:22:44', '2018-03-28 02:22:44'),
(320, 'Tên cty của bạn là gì', '(1) a; (2) b; (3) c; (4) d; (5) e', 2, 170, NULL, '2018-03-28 02:22:45', '2018-03-28 02:22:45'),
(321, 'Do you like your company?', 'team member, salary, uniform', 1, 171, NULL, '2018-03-28 02:22:46', '2018-03-28 02:22:46'),
(322, 'Bạn có thích công ty của mình của?', 'thành viên nhóm, lương, đồng phục', 2, 171, NULL, '2018-03-28 02:22:46', '2018-03-28 02:22:46'),
(323, 'How do you think about your boss?', NULL, 1, 172, NULL, '2018-03-28 02:22:47', '2018-03-28 02:22:47'),
(324, 'Bạn nghĩ như thế nào về sếp của bạn?', NULL, 2, 172, NULL, '2018-03-28 02:22:47', '2018-03-28 02:22:47'),
(325, '1', '1', 1, 173, NULL, '2018-03-29 02:20:40', '2018-03-29 02:20:40'),
(326, '1111', '1111', 2, 173, NULL, '2018-03-29 02:20:40', '2018-03-29 02:20:40'),
(327, '2', '2', 1, 174, NULL, '2018-03-29 02:20:40', '2018-03-29 02:20:40'),
(328, '222', '222', 2, 174, NULL, '2018-03-29 02:20:40', '2018-03-29 02:20:40'),
(329, '3', '3', 1, 175, NULL, '2018-03-29 02:20:42', '2018-03-29 02:20:42'),
(330, '333', '333', 2, 175, NULL, '2018-03-29 02:20:42', '2018-03-29 02:20:42'),
(331, '4', '44', 1, 176, NULL, '2018-03-29 02:20:42', '2018-03-29 02:20:42'),
(332, '44444', '44444444444444444', 2, 176, NULL, '2018-03-29 02:20:42', '2018-03-29 02:20:42'),
(333, '1', '11', 1, 177, NULL, '2018-03-29 07:32:44', '2018-03-29 07:32:44'),
(334, '1', '11', 2, 177, NULL, '2018-03-29 07:32:44', '2018-03-29 07:32:44'),
(335, '222', '22', 1, 178, NULL, '2018-03-29 07:32:46', '2018-03-29 07:32:46'),
(336, '222', '222', 2, 178, NULL, '2018-03-29 07:32:46', '2018-03-29 07:32:46'),
(337, 'ádasd', 'đá', 1, 179, NULL, '2018-04-02 04:07:56', '2018-04-02 04:07:56'),
(338, 'áda eidt', 'đâ', 2, 179, NULL, '2018-04-02 04:07:56', '2018-04-02 04:09:43'),
(339, 'abc', 'abc', 1, 180, NULL, '2018-04-03 04:00:43', '2018-04-03 04:00:43'),
(340, 'abc', 'abc', 2, 180, NULL, '2018-04-03 04:00:43', '2018-04-03 04:00:43'),
(341, 'abc', 'abc', 1, 181, NULL, '2018-04-03 04:02:03', '2018-04-03 04:02:03'),
(342, 'abc', 'abc', 2, 181, NULL, '2018-04-03 04:02:03', '2018-04-03 04:02:03'),
(343, 'Question 1', 'note 1\nnote 2\nnote 3\nnote 4\nnote 5', 1, 182, NULL, '2018-04-04 03:19:50', '2018-04-04 03:19:50'),
(344, 'Câu hỏi 1', 'note 1\nnote 2\nnote 3\nnote 4\nnote 5', 2, 182, NULL, '2018-04-04 03:19:50', '2018-04-04 03:19:50'),
(345, 'Question 2', 'note 1\nnote 2', 1, 183, NULL, '2018-04-04 03:19:51', '2018-04-04 03:19:51'),
(346, 'Câu hỏi 2', 'note 1\nnote 2', 2, 183, NULL, '2018-04-04 03:19:51', '2018-04-04 03:19:51'),
(347, 'question en', 'desc en', 1, 184, NULL, '2018-04-04 08:06:26', '2018-04-04 08:06:26'),
(348, 'cau hoi vi', 'mo ta vi', 2, 184, NULL, '2018-04-04 08:06:26', '2018-04-04 08:06:26'),
(349, 'Question', 'Desc', 1, 185, NULL, '2018-04-06 04:04:24', '2018-04-06 04:04:24'),
(350, 'Câu hỏi', 'Mô tả', 2, 185, NULL, '2018-04-06 04:04:24', '2018-04-06 04:04:24'),
(351, 'test 2', 'desc 2', 1, 186, NULL, '2018-04-06 04:10:47', '2018-04-06 04:10:47'),
(352, 'ad', 'sfsf', 2, 186, NULL, '2018-04-06 04:10:47', '2018-04-06 04:10:47'),
(353, 'ad', 'vnvete', 1, 187, NULL, '2018-04-06 04:13:18', '2018-04-06 04:13:18'),
(354, 'sdf', 'xvxv', 2, 187, NULL, '2018-04-06 04:13:18', '2018-04-06 04:13:18'),
(355, 'question eng', '1/ a\n2/ b\n3/ c\n4/ d\n5/ e', 1, 188, NULL, '2018-04-06 06:25:14', '2018-04-06 06:25:14'),
(356, 'question vn', '1/ a\n2/ b\n3/ c\n4/ d\n5/ e', 2, 188, NULL, '2018-04-06 06:25:14', '2018-04-06 06:25:14'),
(357, 'question eng', '1/ a\n2/ b', 1, 189, NULL, '2018-04-06 06:25:15', '2018-04-06 06:25:15'),
(358, 'question vn', '1/ a\n2/ b', 2, 189, NULL, '2018-04-06 06:25:15', '2018-04-06 06:25:15'),
(359, 'ques 2', 'des', 1, 190, NULL, '2018-04-09 07:53:50', '2018-04-09 07:53:50'),
(360, 'cau hoi 2', 'alo', 2, 190, NULL, '2018-04-09 07:53:51', '2018-04-09 07:53:51'),
(361, 'question eng', '1/ a\n2/ b\n3/ c\n4/ d\n5/ e', 1, 191, NULL, '2018-04-10 11:26:24', '2018-04-10 11:26:24'),
(362, 'question vn', '1/ a\n2/ b\n3/ c\n4/ d\n5/ e', 2, 191, NULL, '2018-04-10 11:26:24', '2018-04-10 11:26:24'),
(363, 'question eng', '1/ a\n2/ b', 1, 192, NULL, '2018-04-10 11:26:24', '2018-04-10 11:26:24'),
(364, 'question vn', '1/ a\n2/ b', 2, 192, NULL, '2018-04-10 11:26:24', '2018-04-10 11:26:24'),
(365, 'test 1', NULL, 1, 193, NULL, '2018-04-11 16:26:23', '2018-04-11 16:26:23'),
(366, 'test 1', NULL, 2, 193, NULL, '2018-04-11 16:26:23', '2018-04-11 16:26:23'),
(367, 'test 2', NULL, 1, 194, NULL, '2018-04-11 16:26:24', '2018-04-11 16:26:24'),
(368, 'test 2', NULL, 2, 194, NULL, '2018-04-11 16:26:24', '2018-04-11 16:26:24'),
(369, 'test 3', NULL, 1, 195, NULL, '2018-04-11 16:26:25', '2018-04-11 16:26:25'),
(370, 'test 3', NULL, 2, 195, NULL, '2018-04-11 16:26:25', '2018-04-11 16:26:25'),
(371, 'test 4', NULL, 1, 196, NULL, '2018-04-11 16:26:26', '2018-04-11 16:26:26'),
(372, 'test 4', NULL, 2, 196, NULL, '2018-04-11 16:26:27', '2018-04-11 16:26:27'),
(373, 'test 5', NULL, 1, 197, NULL, '2018-04-11 16:26:28', '2018-04-11 16:26:28'),
(374, 'test 5', NULL, 2, 197, NULL, '2018-04-11 16:26:28', '2018-04-11 16:26:28'),
(375, 'test 6', NULL, 1, 198, NULL, '2018-04-11 16:26:29', '2018-04-11 16:26:29'),
(376, 'test 6', NULL, 2, 198, NULL, '2018-04-11 16:26:29', '2018-04-11 16:26:29'),
(377, 'test 7', NULL, 1, 199, NULL, '2018-04-11 16:26:30', '2018-04-11 16:26:30'),
(378, 'test 7', NULL, 2, 199, NULL, '2018-04-11 16:26:30', '2018-04-11 16:26:30'),
(379, 'test 8', NULL, 1, 200, NULL, '2018-04-11 16:26:31', '2018-04-11 16:26:31'),
(380, 'test 8', NULL, 2, 200, NULL, '2018-04-11 16:26:31', '2018-04-11 16:26:31'),
(381, 'test 9', NULL, 1, 201, NULL, '2018-04-11 16:26:32', '2018-04-11 16:26:32'),
(382, 'test 9', NULL, 2, 201, NULL, '2018-04-11 16:26:32', '2018-04-11 16:26:32'),
(383, '10', NULL, 1, 202, NULL, '2018-04-11 16:26:33', '2018-04-11 16:26:33'),
(384, '10', NULL, 2, 202, NULL, '2018-04-11 16:26:34', '2018-04-11 16:26:34'),
(385, 'Do u like go to shopping?', '(1): Of couse\n(2): Yes\n(3): Normal\n(4): No\n(5): Very hate', 1, 203, NULL, '2018-04-17 03:30:17', '2018-04-17 03:30:17'),
(386, 'Bạn có thích đi mua sắm không?', '(1): Tất nhiên\n(2): Vâng\n(3): Bình thường\n(4): Không\n(5): Rất ghét', 2, 203, NULL, '2018-04-17 03:30:17', '2018-04-17 03:30:17'),
(387, 'Can u help me?', NULL, 1, 204, NULL, '2018-04-17 03:30:18', '2018-04-17 03:30:18'),
(388, 'Bạn có thể giúp tôi không?', NULL, 2, 204, NULL, '2018-04-17 03:30:18', '2018-04-17 03:30:18'),
(389, 'What color do u like?', '(1): Đen\n(2): Trắng\n(3): Đỏ\n(4): Xanh lục\n(5): Vàng', 1, 205, NULL, '2018-04-17 03:30:18', '2018-04-17 03:30:18'),
(390, 'Bạn thích màu gì?', '(1): Đen\n(2): Trắng\n(3): Đỏ\n(4): Xanh lục\n(5): Vàng', 2, 205, NULL, '2018-04-17 03:30:18', '2018-04-17 03:30:18'),
(391, 'How to test Cron Job(Cron job testing)', 'How to test Cron Job(Cron job testing)', 1, 206, NULL, '2018-04-19 08:54:31', '2018-04-19 08:54:31'),
(392, 'How to test Cron Job(Cron job testing)', 'How to test Cron Job(Cron job testing)', 2, 206, NULL, '2018-04-19 08:54:31', '2018-04-19 08:54:31'),
(393, 'How to test Cron Job(Cron job testing)', 'How to test Cron Job(Cron job testing)', 1, 207, NULL, '2018-04-19 08:54:32', '2018-04-19 08:54:32'),
(394, 'How to test Cron Job(Cron job testing)', 'How to test Cron Job(Cron job testing)', 2, 207, NULL, '2018-04-19 08:54:32', '2018-04-19 08:54:32'),
(395, 'Verify that when we select the forgot password link it is directing to forgot password link page.', 'Verify that when we select the forgot password link it is directing to forgot password link page.', 1, 208, NULL, '2018-04-19 09:21:12', '2018-04-19 09:21:12'),
(396, 'Verify that when we select the forgot password link it is directing to forgot password link page.', 'Verify that when we select the forgot password link it is directing to forgot password link page.', 2, 208, NULL, '2018-04-19 09:21:12', '2018-04-19 09:21:12'),
(397, 'Verify that when we select the forgot password link it is directing to forgot password link page.', 'Verify that when we select the forgot password link it is directing to forgot password link page.', 1, 209, NULL, '2018-04-19 09:21:12', '2018-04-19 09:21:12'),
(398, 'Verify that when we select the forgot password link it is directing to forgot password link page.', 'Verify that when we select the forgot password link it is directing to forgot password link page.', 2, 209, NULL, '2018-04-19 09:21:12', '2018-04-19 09:21:12'),
(399, 'The software utility Cron is a time-based job scheduler in Unix-like computer operating systems.', 'The software utility Cron is a time-based job scheduler in Unix-like computer operating systems.', 1, 210, NULL, '2018-04-19 10:12:31', '2018-04-19 10:12:31'),
(400, 'The software utility Cron is a time-based job scheduler in Unix-like computer operating systems.', 'The software utility Cron is a time-based job scheduler in Unix-like computer operating systems.', 2, 210, NULL, '2018-04-19 10:12:31', '2018-04-19 10:12:31'),
(401, 'The software utility Cron is a time-based job scheduler in Unix-like computer operating systems.', 'The software utility Cron is a time-based job scheduler in Unix-like computer operating systems.', 1, 211, NULL, '2018-04-19 10:12:31', '2018-04-19 10:12:31'),
(402, 'The software utility Cron is a time-based job scheduler in Unix-like computer operating systems.', 'The software utility Cron is a time-based job scheduler in Unix-like computer operating systems.', 2, 211, NULL, '2018-04-19 10:12:31', '2018-04-19 10:12:31');

-- --------------------------------------------------------

--
-- Table structure for table `api_receiver_list`
--

CREATE TABLE `api_receiver_list` (
  `id` int(10) UNSIGNED NOT NULL,
  `title` varchar(191) COLLATE utf8mb4_unicode_ci NOT NULL,
  `deleted_at` timestamp NULL DEFAULT NULL,
  `created_at` timestamp NULL DEFAULT NULL,
  `updated_at` timestamp NULL DEFAULT NULL
) ENGINE=InnoDB DEFAULT CHARSET=utf8mb4 COLLATE=utf8mb4_unicode_ci;

--
-- Dumping data for table `api_receiver_list`
--

INSERT INTO `api_receiver_list` (`id`, `title`, `deleted_at`, `created_at`, `updated_at`) VALUES
(12, 'route sales employee list', NULL, '2018-03-19 03:00:40', '2018-03-19 03:00:40'),
(29, 'List QC', NULL, '2018-03-27 07:08:39', '2018-04-09 08:10:41'),
(30, 'new list', '2018-03-29 07:32:54', '2018-03-28 02:03:27', '2018-03-29 07:32:54'),
(31, 'Reciver list 1', '2018-03-29 07:33:06', '2018-03-28 02:18:43', '2018-03-29 07:33:06'),
(32, 'Bach test list', '2018-04-09 08:11:38', '2018-03-29 07:30:52', '2018-04-09 08:11:38'),
(33, 'ádasd', '2018-03-29 07:34:38', '2018-03-29 07:34:27', '2018-03-29 07:34:38'),
(34, 'development', '2018-04-09 08:11:38', '2018-03-29 08:23:32', '2018-04-09 08:11:38'),
(35, 'admin', NULL, '2018-04-10 11:24:06', '2018-04-10 11:24:06'),
(36, 'bach reciver', NULL, '2018-04-11 16:21:23', '2018-04-11 16:21:23'),
(37, 'Chất lượng cuộc sống', NULL, '2018-04-17 03:21:54', '2018-04-17 03:21:54');

-- --------------------------------------------------------

--
-- Table structure for table `api_receiver_list_detail`
--

CREATE TABLE `api_receiver_list_detail` (
  `id` int(10) UNSIGNED NOT NULL,
  `user_id` int(10) UNSIGNED NOT NULL,
  `id_receiver_list` int(10) UNSIGNED NOT NULL,
  `created_at` timestamp NULL DEFAULT NULL,
  `updated_at` timestamp NULL DEFAULT NULL
) ENGINE=InnoDB DEFAULT CHARSET=utf8mb4 COLLATE=utf8mb4_unicode_ci;

--
-- Dumping data for table `api_receiver_list_detail`
--

INSERT INTO `api_receiver_list_detail` (`id`, `user_id`, `id_receiver_list`, `created_at`, `updated_at`) VALUES
(39, 12, 12, NULL, NULL),
(224, 3, 29, NULL, NULL),
(225, 2, 30, '2018-03-28 02:03:27', '2018-03-28 02:03:27'),
(226, 3, 30, '2018-03-28 02:03:27', '2018-03-28 02:03:27'),
(228, 5, 30, '2018-03-28 02:03:27', '2018-03-28 02:03:27'),
(229, 2, 31, '2018-03-28 02:18:43', '2018-03-28 02:18:43'),
(231, 52, 29, NULL, NULL),
(232, 53, 29, NULL, NULL),
(233, 11, 29, NULL, NULL),
(234, 12, 32, '2018-03-29 07:30:52', '2018-03-29 07:30:52'),
(235, 2, 33, '2018-03-29 07:34:27', '2018-03-29 07:34:27'),
(236, 3, 33, '2018-03-29 07:34:27', '2018-03-29 07:34:27'),
(240, 11, 34, NULL, NULL),
(241, 2, 35, '2018-04-10 11:24:06', '2018-04-10 11:24:06'),
(242, 68, 36, '2018-04-11 16:21:23', '2018-04-11 16:21:23'),
(243, 69, 36, '2018-04-11 16:21:23', '2018-04-11 16:21:23'),
(244, 70, 36, '2018-04-11 16:21:23', '2018-04-11 16:21:23'),
(245, 71, 36, '2018-04-11 16:21:23', '2018-04-11 16:21:23'),
(246, 72, 36, '2018-04-11 16:21:23', '2018-04-11 16:21:23'),
(247, 73, 36, '2018-04-11 16:21:23', '2018-04-11 16:21:23'),
(248, 52, 37, '2018-04-17 03:21:54', '2018-04-17 03:21:54'),
(249, 53, 37, '2018-04-17 03:21:54', '2018-04-17 03:21:54');

-- --------------------------------------------------------

--
-- Table structure for table `api_role`
--

CREATE TABLE `api_role` (
  `id` int(10) UNSIGNED NOT NULL,
  `name` varchar(255) COLLATE utf8mb4_unicode_ci NOT NULL,
  `deleted_at` timestamp NULL DEFAULT NULL,
  `created_at` timestamp NULL DEFAULT NULL,
  `updated_at` timestamp NULL DEFAULT NULL
) ENGINE=InnoDB DEFAULT CHARSET=utf8mb4 COLLATE=utf8mb4_unicode_ci;

--
-- Dumping data for table `api_role`
--

INSERT INTO `api_role` (`id`, `name`, `deleted_at`, `created_at`, `updated_at`) VALUES
(1, 'Admin', NULL, NULL, NULL),
(2, 'Reviewer', NULL, NULL, NULL),
(3, 'Approver', NULL, NULL, NULL),
(4, 'Viewer', NULL, NULL, NULL),
(5, 'HRKPI', NULL, NULL, NULL);

-- --------------------------------------------------------

--
-- Table structure for table `api_save_result_kpi_action_plan`
--

CREATE TABLE `api_save_result_kpi_action_plan` (
  `id` int(10) UNSIGNED NOT NULL,
  `action_plan_id` int(11) NOT NULL,
  `save_result_sub_kpi_id` int(11) DEFAULT NULL,
  `final_result` int(11) DEFAULT NULL,
  `created_at` timestamp NULL DEFAULT NULL,
  `updated_at` timestamp NULL DEFAULT NULL,
  `sub_kpi_id` int(11) DEFAULT NULL,
  `title` varchar(191) COLLATE utf8mb4_unicode_ci DEFAULT NULL,
  `description` text COLLATE utf8mb4_unicode_ci,
  `type` int(11) DEFAULT NULL,
  `target_1` varchar(191) COLLATE utf8mb4_unicode_ci DEFAULT NULL,
  `target_2` varchar(191) COLLATE utf8mb4_unicode_ci DEFAULT NULL,
  `target_3` varchar(191) COLLATE utf8mb4_unicode_ci DEFAULT NULL,
  `target_4` varchar(191) COLLATE utf8mb4_unicode_ci DEFAULT NULL,
  `target_5` varchar(191) COLLATE utf8mb4_unicode_ci DEFAULT NULL,
  `active_status` int(11) DEFAULT NULL,
  `activity_status` int(11) DEFAULT NULL,
  `evaluate_status` int(11) DEFAULT NULL,
  `portion` int(11) DEFAULT NULL,
  `self_scored` double DEFAULT NULL,
  `evaluator_1_scored` double(8,2) DEFAULT NULL,
  `evaluator_2_scored` double(8,2) DEFAULT NULL,
  `evaluator_3_scored` double(8,2) DEFAULT NULL,
  `final_scored` double(8,2) DEFAULT NULL,
  `link_file` varchar(191) COLLATE utf8mb4_unicode_ci DEFAULT NULL,
  `achievement` varchar(191) COLLATE utf8mb4_unicode_ci DEFAULT NULL
) ENGINE=InnoDB DEFAULT CHARSET=utf8mb4 COLLATE=utf8mb4_unicode_ci;

--
-- Dumping data for table `api_save_result_kpi_action_plan`
--

INSERT INTO `api_save_result_kpi_action_plan` (`id`, `action_plan_id`, `save_result_sub_kpi_id`, `final_result`, `created_at`, `updated_at`, `sub_kpi_id`, `title`, `description`, `type`, `target_1`, `target_2`, `target_3`, `target_4`, `target_5`, `active_status`, `activity_status`, `evaluate_status`, `portion`, `self_scored`, `evaluator_1_scored`, `evaluator_2_scored`, `evaluator_3_scored`, `final_scored`, `link_file`, `achievement`) VALUES
(22, 56, 74, 0, '2018-04-11 06:30:30', '2018-04-11 06:30:30', 155, 'a', 'a', 0, 'a', 'a', 'a', 'a', 'a', 0, 0, 0, 40, 1, 2.00, 3.00, 4.00, 3.50, 'http://ssap.dev.digiprojects.top/uploads/1523415818.txt', ''),
(23, 73, 74, 0, '2018-04-11 06:30:30', '2018-04-11 06:30:30', 155, 'ap 1', 'this is action plan', 1, 'abc', 'def', 'ghj', 'lki', 'axcz', 0, 0, 0, 10, 0, 0.00, 0.00, 0.00, 0.00, NULL, ''),
(24, 74, 74, 0, '2018-04-11 06:30:31', '2018-04-11 06:30:31', 155, 'ap 2', 'this is kpi item', 0, 'abc', 'def', 'ghj', 'lki', 'axcz', 0, 0, 0, 10, 0, 0.00, 0.00, 0.00, 0.00, NULL, ''),
(25, 75, 74, 0, '2018-04-11 06:30:31', '2018-04-11 06:30:31', 155, 'abc', 'abc', 0, 'abc', 'abca', 'a', 'a', 'a', 0, 0, 0, 10, 0, 0.00, 0.00, 0.00, 0.00, NULL, 'def'),
(26, 55, 76, 0, '2018-04-11 06:30:31', '2018-04-11 06:30:31', 157, 'ap 1', 'a', 0, 'a', 'a', 'a', 'a', 'a', 0, 0, 0, 10, 0, 0.00, 0.00, 0.00, 0.00, 'http://ssap.dev.digiprojects.top/uploads/1523359275.xlsx', ''),
(27, 81, 90, 0, '2018-04-11 10:52:29', '2018-04-11 10:52:29', 173, 'AP 1', 'abc', 0, 'a', 'a', 'a', 'a', 'a', 0, 4, 0, 40, 3, 5.00, 4.00, 2.00, 0.00, 'http://ssap.dev.digiprojects.top/uploads/1523443567-db_diagram.png', '30'),
(28, 82, 90, 0, '2018-04-11 10:52:29', '2018-04-11 10:52:29', 173, 'KPI 1', 'abc', 1, 'a', 'a', 'a', 'a', 'a', 0, 4, 0, 60, 4, 2.00, 5.00, 2.00, 0.00, 'http://ssap.dev.digiprojects.top/uploads/1523443491-emails_survey.docx', '25'),
(29, 84, 93, NULL, '2018-04-12 07:09:21', '2018-04-12 07:09:21', 176, 'AP 1', 'abc', 0, 'a', 'b', 'c', 'd', 'e', 0, 4, 0, 40, 3, 4.00, 3.00, 3.00, 1.37, 'http://ssap.dev.digiprojects.top/uploads/1523500550-checklist (2).jpeg', '15'),
(30, 86, 93, NULL, '2018-04-12 07:09:21', '2018-04-12 07:09:21', 176, 'KPI 1', 'abc', 1, 'asd', 'qwe', 'teff', 'asd', 'fgga', 0, 4, 0, 60, 4, 3.00, 2.00, 5.00, 1.97, 'http://ssap.dev.digiprojects.top/uploads/1523515936-checklist (2).jpeg', '5'),
(46, 205, 114, NULL, '2018-04-17 03:03:13', '2018-04-17 03:03:13', 196, 'AP', 'a', 0, 'a', 'a', 'a', 'a', 'a', 0, 4, 0, 40, 3, 4.00, 5.00, 4.00, 1.70, 'http://ssap.dev.digiprojects.top/uploads/1523933247-task.txt', '35'),
(47, 206, 114, NULL, '2018-04-17 03:03:13', '2018-04-17 03:03:13', 196, 'KPI', 'a', 1, 'a', 'asd', 'asd', 'asd', 'asd', 0, 4, 0, 60, 4, 5.00, 0.00, 2.00, 2.40, 'http://ssap.dev.digiprojects.top/uploads/1523933277-task.txt', '6'),
(48, 205, 119, NULL, '2018-04-18 09:11:33', '2018-04-18 09:11:33', 196, 'AP', 'a', 0, 'a', 'a', 'a', 'a', 'a', 0, 0, 0, 40, 0, 0.00, 3.00, 0.00, 1.20, 'http://ssap.dev.digiprojects.top/uploads/1523933247-task.txt', ''),
(49, 206, 119, NULL, '2018-04-18 09:11:33', '2018-04-18 09:11:33', 196, 'KPI', 'a', 1, 'a', 'asd', 'asd', 'asd', 'asd', 0, 0, 0, 60, 0, 0.00, 3.00, 0.00, 1.80, 'http://ssap.dev.digiprojects.top/uploads/1523933277-task.txt', ''),
(50, 132, 120, 0, '2018-04-18 09:12:53', '2018-04-18 09:12:53', 154, 'Achievement of Sales targert', 'Equal (=) achievement', 1, '70%', '80%', '90%', '100%', '110%', 0, 0, 0, 35, 0, 0.00, 0.00, 0.00, 0.00, NULL, ''),
(51, 133, 120, 0, '2018-04-18 09:12:53', '2018-04-18 09:12:53', 154, 'Achievement of new dealers/ spleeping dealers woke-up', 'Equal (=) achievement', 1, '70%', '80%', '90%', '100%', '110%', 0, 0, 0, 25, 0, 0.00, 0.00, 0.00, 0.00, NULL, ''),
(52, 134, 120, 0, '2018-04-18 09:12:53', '2018-04-18 09:12:53', 154, 'Expense management vs. budget', 'Equal ( = ) (Result expense / Expense Budget) * 100%', 1, '110%', '105%', '100%', '95%', '90%', 0, 0, 0, 5, 0, 0.00, 0.00, 0.00, 0.00, NULL, ''),
(53, 135, 120, 0, '2018-04-18 09:12:53', '2018-04-18 09:12:53', 154, 'Company Target Achievement - overal TurnOver', 'Equal (=) (Company turnover result / Company turnover target) * 100%', 1, '70%', '80%', '90%', '100%', '110%', 0, 0, 0, 15, 0, 0.00, 0.00, 0.00, 0.00, NULL, ''),
(54, 136, 120, 0, '2018-04-18 09:12:53', '2018-04-18 09:12:53', 154, 'Management of Action Plan Execution as team', 'Equal (=) Score.\nSubmit action plan and self-evaluation report for such management (5 ranks)', 0, '1', '2', '3', '4', '5', 0, 0, 0, 15, 0, 0.00, 0.00, 0.00, 0.00, NULL, ''),
(55, 137, 120, 0, '2018-04-18 09:12:53', '2018-04-18 09:12:53', 154, 'Team Building - Training & Staff development', 'Equal (=) Score', 0, '1', '2', '3', '4', '5', 0, 0, 0, 5, 0, 0.00, 0.00, 0.00, 0.00, NULL, ''),
(56, 174, 120, 0, '2018-04-18 09:12:53', '2018-04-18 09:12:53', 154, 'Achievement of Sales targert', 'Equal (=) achievement', 1, '70%', '80%', '90%', '100%', '110%', 0, 4, 0, 35, 0, 0.00, 0.00, 0.00, 0.00, NULL, NULL),
(57, 175, 120, 0, '2018-04-18 09:12:53', '2018-04-18 09:12:53', 154, 'Achievement of new dealers/ spleeping dealers woke-up', 'Equal (=) achievement', 1, '70%', '80%', '90%', '100%', '110%', 0, 4, 0, 25, 0, 0.00, 0.00, 0.00, 0.00, NULL, NULL),
(58, 176, 120, 0, '2018-04-18 09:12:54', '2018-04-18 09:12:54', 154, 'Expense management vs. budget', 'Equal ( = ) (Result expense / Expense Budget) * 100%', 1, '110%', '105%', '100%', '95%', '90%', 0, 4, 0, 5, 0, 0.00, 0.00, 0.00, 0.00, NULL, NULL),
(59, 177, 120, 0, '2018-04-18 09:12:54', '2018-04-18 09:12:54', 154, 'Company Target Achievement - overal TurnOver', 'Equal (=) (Company turnover result / Company turnover target) * 100%', 1, '70%', '80%', '90%', '100%', '110%', 0, 4, 0, 15, 0, 0.00, 0.00, 0.00, 0.00, NULL, NULL),
(60, 178, 120, 0, '2018-04-18 09:12:54', '2018-04-18 09:12:54', 154, 'Management of Action Plan Execution as team', 'Equal (=) Score.\nSubmit action plan and self-evaluation report for such management (5 ranks)', 0, '1', '2', '3', '4', '5', 0, 4, 0, 15, 0, 0.00, 0.00, 0.00, 0.00, NULL, NULL),
(61, 179, 120, 0, '2018-04-18 09:12:54', '2018-04-18 09:12:54', 154, 'Team Building - Training & Staff development', 'Equal (=) Score', 0, '1', '2', '3', '4', '5', 0, 4, 0, 5, 0, 0.00, 0.00, 0.00, 0.00, NULL, NULL),
(62, 56, 121, 0, '2018-04-18 09:12:54', '2018-04-18 09:12:54', 155, 'a', 'a', 0, 'a', 'a', 'a', 'a', 'a', 0, 0, 0, 40, 0, 0.00, 0.00, 0.00, 0.00, 'http://ssap.dev.digiprojects.top/uploads/1523415818.txt', ''),
(63, 73, 121, 0, '2018-04-18 09:12:54', '2018-04-18 09:12:54', 155, 'ap 1', 'this is action plan', 1, 'abc', 'def', 'ghj', 'lki', 'axcz', 0, 0, 0, 10, 0, 0.00, 0.00, 0.00, 0.00, NULL, ''),
(64, 74, 121, 0, '2018-04-18 09:12:54', '2018-04-18 09:12:54', 155, 'ap 2', 'this is kpi item', 0, 'abc', 'def', 'ghj', 'lki', 'axcz', 0, 0, 0, 10, 0, 0.00, 0.00, 0.00, 0.00, NULL, ''),
(65, 76, 121, 0, '2018-04-18 09:12:54', '2018-04-18 09:12:54', 155, 'qdaa', 'aaa', 0, 'aa', 'aa', 'aa', 'aa', 'aa', 0, 0, 0, 10, 0, 0.00, 0.00, 0.00, 0.00, NULL, ''),
(66, 77, 121, 0, '2018-04-18 09:12:54', '2018-04-18 09:12:54', 155, 'aaa', 'aaa', 0, 'aa', 'a', 'a', 'a', 'a', 0, 0, 0, 10, 0, 0.00, 0.00, 0.00, 0.00, NULL, ''),
(67, 78, 121, 0, '2018-04-18 09:12:54', '2018-04-18 09:12:54', 155, 'appp', 'a', 0, 'a', 'a', 'aa', 'a', 'a', 0, 0, 0, 20, 0, 0.00, 0.00, 0.00, 0.00, NULL, ''),
(68, 79, 121, 0, '2018-04-18 09:12:54', '2018-04-18 09:12:54', 155, 'aaa', 'aaa', 1, 'a', 'a', 'a', 'a', 'a', 0, 0, 0, 20, 0, 0.00, 0.00, 0.00, 0.00, NULL, ''),
(69, 85, 121, 0, '2018-04-18 09:12:54', '2018-04-18 09:12:54', 155, 'ap', 'a', 0, 'b', 's', 'c', 'd', 'e', 0, 0, 0, 10, 0, 0.00, 0.00, 0.00, 0.00, 'http://ssap.dev.digiprojects.top/uploads/1523515220-checklist (2).jpeg', ''),
(70, 168, 121, 0, '2018-04-18 09:12:54', '2018-04-18 09:12:54', 155, 'Achievement of Sales targert', 'Equal (=) achievement', 1, '70%', '80%', '90%', '100%', '110%', 0, 4, 0, 35, 0, 0.00, 0.00, 0.00, 0.00, NULL, NULL),
(71, 169, 121, 0, '2018-04-18 09:12:54', '2018-04-18 09:12:54', 155, 'Achievement of new dealers/ spleeping dealers woke-up', 'Equal (=) achievement', 1, '70%', '80%', '90%', '100%', '110%', 0, 4, 0, 25, 0, 0.00, 0.00, 0.00, 0.00, NULL, NULL),
(72, 170, 121, 0, '2018-04-18 09:12:54', '2018-04-18 09:12:54', 155, 'Expense management vs. budget', 'Equal ( = ) (Result expense / Expense Budget) * 100%', 1, '110%', '105%', '100%', '95%', '90%', 0, 4, 0, 5, 0, 0.00, 0.00, 0.00, 0.00, NULL, NULL),
(73, 171, 121, 0, '2018-04-18 09:12:54', '2018-04-18 09:12:54', 155, 'Company Target Achievement - overal TurnOver', 'Equal (=) (Company turnover result / Company turnover target) * 100%', 1, '70%', '80%', '90%', '100%', '110%', 0, 4, 0, 15, 0, 0.00, 0.00, 0.00, 0.00, NULL, NULL),
(74, 172, 121, 0, '2018-04-18 09:12:54', '2018-04-18 09:12:54', 155, 'Management of Action Plan Execution as team', 'Equal (=) Score.\nSubmit action plan and self-evaluation report for such management (5 ranks)', 0, '1', '2', '3', '4', '5', 0, 4, 0, 15, 0, 0.00, 0.00, 0.00, 0.00, NULL, NULL),
(75, 173, 121, 0, '2018-04-18 09:12:54', '2018-04-18 09:12:54', 155, 'Team Building - Training & Staff development', 'Equal (=) Score', 0, '1', '2', '3', '4', '5', 0, 4, 0, 5, 0, 0.00, 0.00, 0.00, 0.00, NULL, NULL),
(76, 180, 121, 0, '2018-04-18 09:12:54', '2018-04-18 09:12:54', 155, 'Achievement of Sales targert', 'Equal (=) achievement', 1, '70%', '80%', '90%', '100%', '110%', 0, 4, 0, 35, 0, 0.00, 0.00, 0.00, 0.00, NULL, NULL),
(77, 181, 121, 0, '2018-04-18 09:12:54', '2018-04-18 09:12:54', 155, 'Achievement of new dealers/ spleeping dealers woke-up', 'Equal (=) achievement', 1, '70%', '80%', '90%', '100%', '110%', 0, 4, 0, 25, 0, 0.00, 0.00, 0.00, 0.00, NULL, NULL),
(78, 182, 121, 0, '2018-04-18 09:12:54', '2018-04-18 09:12:54', 155, 'Expense management vs. budget', 'Equal ( = ) (Result expense / Expense Budget) * 100%', 1, '110%', '105%', '100%', '95%', '90%', 0, 4, 0, 5, 0, 0.00, 0.00, 0.00, 0.00, NULL, NULL),
(79, 183, 121, 0, '2018-04-18 09:12:54', '2018-04-18 09:12:54', 155, 'Company Target Achievement - overal TurnOver', 'Equal (=) (Company turnover result / Company turnover target) * 100%', 1, '70%', '80%', '90%', '100%', '110%', 0, 4, 0, 15, 0, 0.00, 0.00, 0.00, 0.00, NULL, NULL),
(80, 184, 121, 0, '2018-04-18 09:12:54', '2018-04-18 09:12:54', 155, 'Management of Action Plan Execution as team', 'Equal (=) Score.\nSubmit action plan and self-evaluation report for such management (5 ranks)', 0, '1', '2', '3', '4', '5', 0, 4, 0, 15, 0, 0.00, 0.00, 0.00, 0.00, NULL, NULL),
(81, 185, 121, 0, '2018-04-18 09:12:54', '2018-04-18 09:12:54', 155, 'Team Building - Training & Staff development', 'Equal (=) Score', 0, '1', '2', '3', '4', '5', 0, 4, 0, 5, 0, 0.00, 0.00, 0.00, 0.00, NULL, NULL),
(82, 186, 121, 0, '2018-04-18 09:12:55', '2018-04-18 09:12:55', 155, 'Achievement of Sales targert', 'Equal (=) achievement', 1, '70%', '80%', '90%', '100%', '110%', 0, 4, 0, 35, 0, 0.00, 0.00, 0.00, 0.00, NULL, NULL),
(83, 187, 121, 0, '2018-04-18 09:12:55', '2018-04-18 09:12:55', 155, 'Achievement of new dealers/ spleeping dealers woke-up', 'Equal (=) achievement', 1, '70%', '80%', '90%', '100%', '110%', 0, 4, 0, 25, 0, 0.00, 0.00, 0.00, 0.00, NULL, NULL),
(84, 188, 121, 0, '2018-04-18 09:12:55', '2018-04-18 09:12:55', 155, 'Expense management vs. budget', 'Equal ( = ) (Result expense / Expense Budget) * 100%', 1, '110%', '105%', '100%', '95%', '90%', 0, 4, 0, 5, 0, 0.00, 0.00, 0.00, 0.00, NULL, NULL),
(85, 189, 121, 0, '2018-04-18 09:12:55', '2018-04-18 09:12:55', 155, 'Company Target Achievement - overal TurnOver', 'Equal (=) (Company turnover result / Company turnover target) * 100%', 1, '70%', '80%', '90%', '100%', '110%', 0, 4, 0, 15, 0, 0.00, 0.00, 0.00, 0.00, NULL, NULL),
(86, 190, 121, 0, '2018-04-18 09:12:55', '2018-04-18 09:12:55', 155, 'Management of Action Plan Execution as team', 'Equal (=) Score.\nSubmit action plan and self-evaluation report for such management (5 ranks)', 0, '1', '2', '3', '4', '5', 0, 4, 0, 15, 0, 0.00, 0.00, 0.00, 0.00, NULL, NULL),
(87, 191, 121, 0, '2018-04-18 09:12:55', '2018-04-18 09:12:55', 155, 'Team Building - Training & Staff development', 'Equal (=) Score', 0, '1', '2', '3', '4', '5', 0, 4, 0, 5, 0, 0.00, 0.00, 0.00, 0.00, NULL, NULL),
(88, 192, 121, 0, '2018-04-18 09:12:55', '2018-04-18 09:12:55', 155, 'Achievement of Sales targert', 'Equal (=) achievement', 1, '70%', '80%', '90%', '100%', '110%', 0, 4, 0, 35, 0, 0.00, 0.00, 0.00, 0.00, NULL, NULL),
(89, 193, 121, 0, '2018-04-18 09:12:55', '2018-04-18 09:12:55', 155, 'Achievement of new dealers/ spleeping dealers woke-up', 'Equal (=) achievement', 1, '70%', '80%', '90%', '100%', '110%', 0, 4, 0, 25, 0, 0.00, 0.00, 0.00, 0.00, NULL, NULL),
(90, 194, 121, 0, '2018-04-18 09:12:55', '2018-04-18 09:12:55', 155, 'Expense management vs. budget', 'Equal ( = ) (Result expense / Expense Budget) * 100%', 1, '110%', '105%', '100%', '95%', '90%', 0, 4, 0, 5, 0, 0.00, 0.00, 0.00, 0.00, NULL, NULL),
(91, 195, 121, 0, '2018-04-18 09:12:55', '2018-04-18 09:12:55', 155, 'Company Target Achievement - overal TurnOver', 'Equal (=) (Company turnover result / Company turnover target) * 100%', 1, '70%', '80%', '90%', '100%', '110%', 0, 4, 0, 15, 0, 0.00, 0.00, 0.00, 0.00, NULL, NULL),
(92, 196, 121, 0, '2018-04-18 09:12:55', '2018-04-18 09:12:55', 155, 'Management of Action Plan Execution as team', 'Equal (=) Score.\nSubmit action plan and self-evaluation report for such management (5 ranks)', 0, '1', '2', '3', '4', '5', 0, 4, 0, 15, 0, 0.00, 0.00, 0.00, 0.00, NULL, NULL),
(93, 197, 121, 0, '2018-04-18 09:12:55', '2018-04-18 09:12:55', 155, 'Team Building - Training & Staff development', 'Equal (=) Score', 0, '1', '2', '3', '4', '5', 0, 4, 0, 5, 0, 0.00, 0.00, 0.00, 0.00, NULL, NULL),
(94, 198, 121, 0, '2018-04-18 09:12:55', '2018-04-18 09:12:55', 155, 'Action Plan 1', 'Description 1', 0, 'Target 11', '11', '13', '34', '35', 0, 0, 0, 20, 0, 0.00, 0.00, 0.00, 0.00, NULL, NULL),
(95, 211, 121, 0, '2018-04-18 09:12:55', '2018-04-18 09:12:55', 155, '0', '0', 1, '0', '0', '0', '0', '0', 0, 4, 0, 10, 0, 0.00, 0.00, 0.00, 0.00, NULL, NULL),
(96, 212, 121, 0, '2018-04-18 09:12:55', '2018-04-18 09:12:55', 155, '0', '0', 1, '0', '0', '0', '0', '0', 0, 4, 0, 10, 0, 0.00, 0.00, 0.00, 0.00, NULL, NULL),
(97, 226, 121, 0, '2018-04-18 09:12:55', '2018-04-18 09:12:55', 155, 'đây là action plan nè', 'mô tả', 1, 'mục tiêu 1', 'mục tiêu 2', 'mục tiêu 3', 'mục tiêu 4', 'mục tiêu 5', 0, 0, 0, 10, 0, 0.00, 0.00, 0.00, 0.00, NULL, NULL),
(98, 227, 121, 0, '2018-04-18 09:12:55', '2018-04-18 09:12:55', 155, 'đây là action plan nè', 'mô tả', 1, '50%', 'mục tiêu 2', 'mục tiêu 3', 'mục tiêu 4', 'mục tiêu 5', 0, 0, 0, 10, 0, 0.00, 0.00, 0.00, 0.00, NULL, NULL),
(99, 55, 123, 0, '2018-04-18 09:12:55', '2018-04-18 09:12:55', 157, 'ap 1', 'a', 0, 'a', 'a', 'a', 'a', 'a', 0, 0, 0, 10, 0, 0.00, 0.00, 0.00, 0.00, 'http://ssap.dev.digiprojects.top/uploads/1523359275.xlsx', ''),
(100, 132, 135, 0, '2018-04-18 09:13:02', '2018-04-18 09:13:02', 154, 'Achievement of Sales targert', 'Equal (=) achievement', 1, '70%', '80%', '90%', '100%', '110%', 0, 0, 0, 35, 0, 0.00, 0.00, 0.00, 0.00, NULL, ''),
(101, 133, 135, 0, '2018-04-18 09:13:02', '2018-04-18 09:13:02', 154, 'Achievement of new dealers/ spleeping dealers woke-up', 'Equal (=) achievement', 1, '70%', '80%', '90%', '100%', '110%', 0, 0, 0, 25, 0, 0.00, 0.00, 0.00, 0.00, NULL, ''),
(102, 134, 135, 0, '2018-04-18 09:13:02', '2018-04-18 09:13:02', 154, 'Expense management vs. budget', 'Equal ( = ) (Result expense / Expense Budget) * 100%', 1, '110%', '105%', '100%', '95%', '90%', 0, 0, 0, 5, 0, 0.00, 0.00, 0.00, 0.00, NULL, ''),
(103, 135, 135, 0, '2018-04-18 09:13:02', '2018-04-18 09:13:02', 154, 'Company Target Achievement - overal TurnOver', 'Equal (=) (Company turnover result / Company turnover target) * 100%', 1, '70%', '80%', '90%', '100%', '110%', 0, 0, 0, 15, 0, 0.00, 0.00, 0.00, 0.00, NULL, ''),
(104, 136, 135, 0, '2018-04-18 09:13:02', '2018-04-18 09:13:02', 154, 'Management of Action Plan Execution as team', 'Equal (=) Score.\nSubmit action plan and self-evaluation report for such management (5 ranks)', 0, '1', '2', '3', '4', '5', 0, 0, 0, 15, 0, 0.00, 0.00, 0.00, 0.00, NULL, ''),
(105, 137, 135, 0, '2018-04-18 09:13:02', '2018-04-18 09:13:02', 154, 'Team Building - Training & Staff development', 'Equal (=) Score', 0, '1', '2', '3', '4', '5', 0, 0, 0, 5, 0, 0.00, 0.00, 0.00, 0.00, NULL, ''),
(106, 174, 135, 0, '2018-04-18 09:13:02', '2018-04-18 09:13:02', 154, 'Achievement of Sales targert', 'Equal (=) achievement', 1, '70%', '80%', '90%', '100%', '110%', 0, 0, 0, 35, 0, 0.00, 0.00, 0.00, 0.00, NULL, ''),
(107, 175, 135, 0, '2018-04-18 09:13:02', '2018-04-18 09:13:02', 154, 'Achievement of new dealers/ spleeping dealers woke-up', 'Equal (=) achievement', 1, '70%', '80%', '90%', '100%', '110%', 0, 0, 0, 25, 0, 0.00, 0.00, 0.00, 0.00, NULL, ''),
(108, 176, 135, 0, '2018-04-18 09:13:02', '2018-04-18 09:13:02', 154, 'Expense management vs. budget', 'Equal ( = ) (Result expense / Expense Budget) * 100%', 1, '110%', '105%', '100%', '95%', '90%', 0, 0, 0, 5, 0, 0.00, 0.00, 0.00, 0.00, NULL, ''),
(109, 177, 135, 0, '2018-04-18 09:13:02', '2018-04-18 09:13:02', 154, 'Company Target Achievement - overal TurnOver', 'Equal (=) (Company turnover result / Company turnover target) * 100%', 1, '70%', '80%', '90%', '100%', '110%', 0, 0, 0, 15, 0, 0.00, 0.00, 0.00, 0.00, NULL, ''),
(110, 178, 135, 0, '2018-04-18 09:13:02', '2018-04-18 09:13:02', 154, 'Management of Action Plan Execution as team', 'Equal (=) Score.\nSubmit action plan and self-evaluation report for such management (5 ranks)', 0, '1', '2', '3', '4', '5', 0, 0, 0, 15, 0, 0.00, 0.00, 0.00, 0.00, NULL, ''),
(111, 179, 135, 0, '2018-04-18 09:13:02', '2018-04-18 09:13:02', 154, 'Team Building - Training & Staff development', 'Equal (=) Score', 0, '1', '2', '3', '4', '5', 0, 0, 0, 5, 0, 0.00, 0.00, 0.00, 0.00, NULL, ''),
(112, 56, 136, 0, '2018-04-18 09:13:03', '2018-04-18 09:13:03', 155, 'a', 'a', 0, 'a', 'a', 'a', 'a', 'a', 0, 0, 0, 40, 0, 0.00, 0.00, 0.00, 0.00, 'http://ssap.dev.digiprojects.top/uploads/1523415818.txt', ''),
(113, 73, 136, 0, '2018-04-18 09:13:03', '2018-04-18 09:13:03', 155, 'ap 1', 'this is action plan', 1, 'abc', 'def', 'ghj', 'lki', 'axcz', 0, 0, 0, 10, 0, 0.00, 0.00, 0.00, 0.00, NULL, ''),
(114, 74, 136, 0, '2018-04-18 09:13:03', '2018-04-18 09:13:03', 155, 'ap 2', 'this is kpi item', 0, 'abc', 'def', 'ghj', 'lki', 'axcz', 0, 0, 0, 10, 0, 0.00, 0.00, 0.00, 0.00, NULL, ''),
(115, 76, 136, 0, '2018-04-18 09:13:03', '2018-04-18 09:13:03', 155, 'qdaa', 'aaa', 0, 'aa', 'aa', 'aa', 'aa', 'aa', 0, 0, 0, 10, 0, 0.00, 0.00, 0.00, 0.00, NULL, ''),
(116, 77, 136, 0, '2018-04-18 09:13:03', '2018-04-18 09:13:03', 155, 'aaa', 'aaa', 0, 'aa', 'a', 'a', 'a', 'a', 0, 0, 0, 10, 0, 0.00, 0.00, 0.00, 0.00, NULL, ''),
(117, 78, 136, 0, '2018-04-18 09:13:03', '2018-04-18 09:13:03', 155, 'appp', 'a', 0, 'a', 'a', 'aa', 'a', 'a', 0, 0, 0, 20, 0, 0.00, 0.00, 0.00, 0.00, NULL, ''),
(118, 79, 136, 0, '2018-04-18 09:13:03', '2018-04-18 09:13:03', 155, 'aaa', 'aaa', 1, 'a', 'a', 'a', 'a', 'a', 0, 0, 0, 20, 0, 0.00, 0.00, 0.00, 0.00, NULL, ''),
(119, 85, 136, 0, '2018-04-18 09:13:03', '2018-04-18 09:13:03', 155, 'ap', 'a', 0, 'b', 's', 'c', 'd', 'e', 0, 0, 0, 10, 0, 0.00, 0.00, 0.00, 0.00, 'http://ssap.dev.digiprojects.top/uploads/1523515220-checklist (2).jpeg', ''),
(120, 168, 136, 0, '2018-04-18 09:13:03', '2018-04-18 09:13:03', 155, 'Achievement of Sales targert', 'Equal (=) achievement', 1, '70%', '80%', '90%', '100%', '110%', 0, 0, 0, 35, 0, 0.00, 0.00, 0.00, 0.00, NULL, ''),
(121, 169, 136, 0, '2018-04-18 09:13:03', '2018-04-18 09:13:03', 155, 'Achievement of new dealers/ spleeping dealers woke-up', 'Equal (=) achievement', 1, '70%', '80%', '90%', '100%', '110%', 0, 0, 0, 25, 0, 0.00, 0.00, 0.00, 0.00, NULL, ''),
(122, 170, 136, 0, '2018-04-18 09:13:03', '2018-04-18 09:13:03', 155, 'Expense management vs. budget', 'Equal ( = ) (Result expense / Expense Budget) * 100%', 1, '110%', '105%', '100%', '95%', '90%', 0, 0, 0, 5, 0, 0.00, 0.00, 0.00, 0.00, NULL, ''),
(123, 171, 136, 0, '2018-04-18 09:13:04', '2018-04-18 09:13:04', 155, 'Company Target Achievement - overal TurnOver', 'Equal (=) (Company turnover result / Company turnover target) * 100%', 1, '70%', '80%', '90%', '100%', '110%', 0, 0, 0, 15, 0, 0.00, 0.00, 0.00, 0.00, NULL, ''),
(124, 172, 136, 0, '2018-04-18 09:13:04', '2018-04-18 09:13:04', 155, 'Management of Action Plan Execution as team', 'Equal (=) Score.\nSubmit action plan and self-evaluation report for such management (5 ranks)', 0, '1', '2', '3', '4', '5', 0, 0, 0, 15, 0, 0.00, 0.00, 0.00, 0.00, NULL, ''),
(125, 173, 136, 0, '2018-04-18 09:13:04', '2018-04-18 09:13:04', 155, 'Team Building - Training & Staff development', 'Equal (=) Score', 0, '1', '2', '3', '4', '5', 0, 0, 0, 5, 0, 0.00, 0.00, 0.00, 0.00, NULL, ''),
(126, 180, 136, 0, '2018-04-18 09:13:04', '2018-04-18 09:13:04', 155, 'Achievement of Sales targert', 'Equal (=) achievement', 1, '70%', '80%', '90%', '100%', '110%', 0, 0, 0, 35, 0, 0.00, 0.00, 0.00, 0.00, NULL, ''),
(127, 181, 136, 0, '2018-04-18 09:13:04', '2018-04-18 09:13:04', 155, 'Achievement of new dealers/ spleeping dealers woke-up', 'Equal (=) achievement', 1, '70%', '80%', '90%', '100%', '110%', 0, 0, 0, 25, 0, 0.00, 0.00, 0.00, 0.00, NULL, ''),
(128, 182, 136, 0, '2018-04-18 09:13:04', '2018-04-18 09:13:04', 155, 'Expense management vs. budget', 'Equal ( = ) (Result expense / Expense Budget) * 100%', 1, '110%', '105%', '100%', '95%', '90%', 0, 0, 0, 5, 0, 0.00, 0.00, 0.00, 0.00, NULL, ''),
(129, 183, 136, 0, '2018-04-18 09:13:04', '2018-04-18 09:13:04', 155, 'Company Target Achievement - overal TurnOver', 'Equal (=) (Company turnover result / Company turnover target) * 100%', 1, '70%', '80%', '90%', '100%', '110%', 0, 0, 0, 15, 0, 0.00, 0.00, 0.00, 0.00, NULL, ''),
(130, 184, 136, 0, '2018-04-18 09:13:04', '2018-04-18 09:13:04', 155, 'Management of Action Plan Execution as team', 'Equal (=) Score.\nSubmit action plan and self-evaluation report for such management (5 ranks)', 0, '1', '2', '3', '4', '5', 0, 0, 0, 15, 0, 0.00, 0.00, 0.00, 0.00, NULL, ''),
(131, 185, 136, 0, '2018-04-18 09:13:04', '2018-04-18 09:13:04', 155, 'Team Building - Training & Staff development', 'Equal (=) Score', 0, '1', '2', '3', '4', '5', 0, 0, 0, 5, 0, 0.00, 0.00, 0.00, 0.00, NULL, ''),
(132, 186, 136, 0, '2018-04-18 09:13:04', '2018-04-18 09:13:04', 155, 'Achievement of Sales targert', 'Equal (=) achievement', 1, '70%', '80%', '90%', '100%', '110%', 0, 0, 0, 35, 0, 0.00, 0.00, 0.00, 0.00, NULL, ''),
(133, 187, 136, 0, '2018-04-18 09:13:04', '2018-04-18 09:13:04', 155, 'Achievement of new dealers/ spleeping dealers woke-up', 'Equal (=) achievement', 1, '70%', '80%', '90%', '100%', '110%', 0, 0, 0, 25, 0, 0.00, 0.00, 0.00, 0.00, NULL, ''),
(134, 188, 136, 0, '2018-04-18 09:13:04', '2018-04-18 09:13:04', 155, 'Expense management vs. budget', 'Equal ( = ) (Result expense / Expense Budget) * 100%', 1, '110%', '105%', '100%', '95%', '90%', 0, 0, 0, 5, 0, 0.00, 0.00, 0.00, 0.00, NULL, ''),
(135, 189, 136, 0, '2018-04-18 09:13:04', '2018-04-18 09:13:04', 155, 'Company Target Achievement - overal TurnOver', 'Equal (=) (Company turnover result / Company turnover target) * 100%', 1, '70%', '80%', '90%', '100%', '110%', 0, 0, 0, 15, 0, 0.00, 0.00, 0.00, 0.00, NULL, ''),
(136, 190, 136, 0, '2018-04-18 09:13:04', '2018-04-18 09:13:04', 155, 'Management of Action Plan Execution as team', 'Equal (=) Score.\nSubmit action plan and self-evaluation report for such management (5 ranks)', 0, '1', '2', '3', '4', '5', 0, 0, 0, 15, 0, 0.00, 0.00, 0.00, 0.00, NULL, ''),
(137, 191, 136, 0, '2018-04-18 09:13:05', '2018-04-18 09:13:05', 155, 'Team Building - Training & Staff development', 'Equal (=) Score', 0, '1', '2', '3', '4', '5', 0, 0, 0, 5, 0, 0.00, 0.00, 0.00, 0.00, NULL, ''),
(138, 192, 136, 0, '2018-04-18 09:13:05', '2018-04-18 09:13:05', 155, 'Achievement of Sales targert', 'Equal (=) achievement', 1, '70%', '80%', '90%', '100%', '110%', 0, 0, 0, 35, 0, 0.00, 0.00, 0.00, 0.00, NULL, ''),
(139, 193, 136, 0, '2018-04-18 09:13:05', '2018-04-18 09:13:05', 155, 'Achievement of new dealers/ spleeping dealers woke-up', 'Equal (=) achievement', 1, '70%', '80%', '90%', '100%', '110%', 0, 0, 0, 25, 0, 0.00, 0.00, 0.00, 0.00, NULL, ''),
(140, 194, 136, 0, '2018-04-18 09:13:05', '2018-04-18 09:13:05', 155, 'Expense management vs. budget', 'Equal ( = ) (Result expense / Expense Budget) * 100%', 1, '110%', '105%', '100%', '95%', '90%', 0, 0, 0, 5, 0, 0.00, 0.00, 0.00, 0.00, NULL, ''),
(141, 195, 136, 0, '2018-04-18 09:13:05', '2018-04-18 09:13:05', 155, 'Company Target Achievement - overal TurnOver', 'Equal (=) (Company turnover result / Company turnover target) * 100%', 1, '70%', '80%', '90%', '100%', '110%', 0, 0, 0, 15, 0, 0.00, 0.00, 0.00, 0.00, NULL, ''),
(142, 196, 136, 0, '2018-04-18 09:13:05', '2018-04-18 09:13:05', 155, 'Management of Action Plan Execution as team', 'Equal (=) Score.\nSubmit action plan and self-evaluation report for such management (5 ranks)', 0, '1', '2', '3', '4', '5', 0, 0, 0, 15, 0, 0.00, 0.00, 0.00, 0.00, NULL, ''),
(143, 197, 136, 0, '2018-04-18 09:13:05', '2018-04-18 09:13:05', 155, 'Team Building - Training & Staff development', 'Equal (=) Score', 0, '1', '2', '3', '4', '5', 0, 0, 0, 5, 0, 0.00, 0.00, 0.00, 0.00, NULL, ''),
(144, 198, 136, 0, '2018-04-18 09:13:05', '2018-04-18 09:13:05', 155, 'Action Plan 1', 'Description 1', 0, 'Target 11', '11', '13', '34', '35', 0, 0, 0, 20, 0, 0.00, 0.00, 0.00, 0.00, NULL, ''),
(145, 211, 136, 0, '2018-04-18 09:13:05', '2018-04-18 09:13:05', 155, '0', '0', 1, '0', '0', '0', '0', '0', 0, 0, 0, 10, 0, 0.00, 0.00, 0.00, 0.00, NULL, ''),
(146, 212, 136, 0, '2018-04-18 09:13:05', '2018-04-18 09:13:05', 155, '0', '0', 1, '0', '0', '0', '0', '0', 0, 0, 0, 10, 0, 0.00, 0.00, 0.00, 0.00, NULL, ''),
(147, 226, 136, 0, '2018-04-18 09:13:05', '2018-04-18 09:13:05', 155, 'đây là action plan nè', 'mô tả', 1, 'mục tiêu 1', 'mục tiêu 2', 'mục tiêu 3', 'mục tiêu 4', 'mục tiêu 5', 0, 0, 0, 10, 0, 0.00, 0.00, 0.00, 0.00, NULL, ''),
(148, 227, 136, 0, '2018-04-18 09:13:05', '2018-04-18 09:13:05', 155, 'đây là action plan nè', 'mô tả', 1, '50%', 'mục tiêu 2', 'mục tiêu 3', 'mục tiêu 4', 'mục tiêu 5', 0, 0, 0, 10, 0, 0.00, 0.00, 0.00, 0.00, NULL, ''),
(149, 55, 138, 0, '2018-04-18 09:13:05', '2018-04-18 09:13:05', 157, 'ap 1', 'a', 0, 'a', 'a', 'a', 'a', 'a', 0, 0, 0, 10, 0, 0.00, 0.00, 0.00, 0.00, 'http://ssap.dev.digiprojects.top/uploads/1523359275.xlsx', ''),
(150, 132, 150, 0, '2018-04-18 09:14:58', '2018-04-18 09:14:58', 154, 'Achievement of Sales targert', 'Equal (=) achievement', 1, '70%', '80%', '90%', '100%', '110%', 0, 0, 0, 35, 0, 0.00, 0.00, 0.00, 0.00, NULL, ''),
(151, 133, 150, 0, '2018-04-18 09:14:58', '2018-04-18 09:14:58', 154, 'Achievement of new dealers/ spleeping dealers woke-up', 'Equal (=) achievement', 1, '70%', '80%', '90%', '100%', '110%', 0, 0, 0, 25, 0, 0.00, 0.00, 0.00, 0.00, NULL, ''),
(152, 134, 150, 0, '2018-04-18 09:14:58', '2018-04-18 09:14:58', 154, 'Expense management vs. budget', 'Equal ( = ) (Result expense / Expense Budget) * 100%', 1, '110%', '105%', '100%', '95%', '90%', 0, 0, 0, 5, 0, 0.00, 0.00, 0.00, 0.00, NULL, ''),
(153, 135, 150, 0, '2018-04-18 09:14:58', '2018-04-18 09:14:58', 154, 'Company Target Achievement - overal TurnOver', 'Equal (=) (Company turnover result / Company turnover target) * 100%', 1, '70%', '80%', '90%', '100%', '110%', 0, 0, 0, 15, 0, 0.00, 0.00, 0.00, 0.00, NULL, ''),
(154, 136, 150, 0, '2018-04-18 09:14:58', '2018-04-18 09:14:58', 154, 'Management of Action Plan Execution as team', 'Equal (=) Score.\nSubmit action plan and self-evaluation report for such management (5 ranks)', 0, '1', '2', '3', '4', '5', 0, 0, 0, 15, 0, 0.00, 0.00, 0.00, 0.00, NULL, ''),
(155, 137, 150, 0, '2018-04-18 09:14:58', '2018-04-18 09:14:58', 154, 'Team Building - Training & Staff development', 'Equal (=) Score', 0, '1', '2', '3', '4', '5', 0, 0, 0, 5, 0, 0.00, 0.00, 0.00, 0.00, NULL, ''),
(156, 174, 150, 0, '2018-04-18 09:14:58', '2018-04-18 09:14:58', 154, 'Achievement of Sales targert', 'Equal (=) achievement', 1, '70%', '80%', '90%', '100%', '110%', 0, 0, 0, 35, 0, 0.00, 0.00, 0.00, 0.00, NULL, ''),
(157, 175, 150, 0, '2018-04-18 09:14:58', '2018-04-18 09:14:58', 154, 'Achievement of new dealers/ spleeping dealers woke-up', 'Equal (=) achievement', 1, '70%', '80%', '90%', '100%', '110%', 0, 0, 0, 25, 0, 0.00, 0.00, 0.00, 0.00, NULL, ''),
(158, 176, 150, 0, '2018-04-18 09:14:58', '2018-04-18 09:14:58', 154, 'Expense management vs. budget', 'Equal ( = ) (Result expense / Expense Budget) * 100%', 1, '110%', '105%', '100%', '95%', '90%', 0, 0, 0, 5, 0, 0.00, 0.00, 0.00, 0.00, NULL, ''),
(159, 177, 150, 0, '2018-04-18 09:14:58', '2018-04-18 09:14:58', 154, 'Company Target Achievement - overal TurnOver', 'Equal (=) (Company turnover result / Company turnover target) * 100%', 1, '70%', '80%', '90%', '100%', '110%', 0, 0, 0, 15, 0, 0.00, 0.00, 0.00, 0.00, NULL, ''),
(160, 178, 150, 0, '2018-04-18 09:14:59', '2018-04-18 09:14:59', 154, 'Management of Action Plan Execution as team', 'Equal (=) Score.\nSubmit action plan and self-evaluation report for such management (5 ranks)', 0, '1', '2', '3', '4', '5', 0, 0, 0, 15, 0, 0.00, 0.00, 0.00, 0.00, NULL, ''),
(161, 179, 150, 0, '2018-04-18 09:14:59', '2018-04-18 09:14:59', 154, 'Team Building - Training & Staff development', 'Equal (=) Score', 0, '1', '2', '3', '4', '5', 0, 0, 0, 5, 0, 0.00, 0.00, 0.00, 0.00, NULL, ''),
(162, 56, 151, 0, '2018-04-18 09:14:59', '2018-04-18 09:14:59', 155, 'a', 'a', 0, 'a', 'a', 'a', 'a', 'a', 0, 0, 0, 40, 0, 0.00, 0.00, 0.00, 0.00, 'http://ssap.dev.digiprojects.top/uploads/1523415818.txt', ''),
(163, 73, 151, 0, '2018-04-18 09:14:59', '2018-04-18 09:14:59', 155, 'ap 1', 'this is action plan', 1, 'abc', 'def', 'ghj', 'lki', 'axcz', 0, 0, 0, 10, 0, 0.00, 0.00, 0.00, 0.00, NULL, ''),
(164, 74, 151, 0, '2018-04-18 09:14:59', '2018-04-18 09:14:59', 155, 'ap 2', 'this is kpi item', 0, 'abc', 'def', 'ghj', 'lki', 'axcz', 0, 0, 0, 10, 0, 0.00, 0.00, 0.00, 0.00, NULL, ''),
(165, 76, 151, 0, '2018-04-18 09:14:59', '2018-04-18 09:14:59', 155, 'qdaa', 'aaa', 0, 'aa', 'aa', 'aa', 'aa', 'aa', 0, 0, 0, 10, 0, 0.00, 0.00, 0.00, 0.00, NULL, ''),
(166, 77, 151, 0, '2018-04-18 09:14:59', '2018-04-18 09:14:59', 155, 'aaa', 'aaa', 0, 'aa', 'a', 'a', 'a', 'a', 0, 0, 0, 10, 0, 0.00, 0.00, 0.00, 0.00, NULL, ''),
(167, 78, 151, 0, '2018-04-18 09:14:59', '2018-04-18 09:14:59', 155, 'appp', 'a', 0, 'a', 'a', 'aa', 'a', 'a', 0, 0, 0, 20, 0, 0.00, 0.00, 0.00, 0.00, NULL, ''),
(168, 79, 151, 0, '2018-04-18 09:15:00', '2018-04-18 09:15:00', 155, 'aaa', 'aaa', 1, 'a', 'a', 'a', 'a', 'a', 0, 0, 0, 20, 0, 0.00, 0.00, 0.00, 0.00, NULL, ''),
(169, 85, 151, 0, '2018-04-18 09:15:00', '2018-04-18 09:15:00', 155, 'ap', 'a', 0, 'b', 's', 'c', 'd', 'e', 0, 0, 0, 10, 0, 0.00, 0.00, 0.00, 0.00, 'http://ssap.dev.digiprojects.top/uploads/1523515220-checklist (2).jpeg', ''),
(170, 168, 151, 0, '2018-04-18 09:15:00', '2018-04-18 09:15:00', 155, 'Achievement of Sales targert', 'Equal (=) achievement', 1, '70%', '80%', '90%', '100%', '110%', 0, 0, 0, 35, 0, 0.00, 0.00, 0.00, 0.00, NULL, ''),
(171, 169, 151, 0, '2018-04-18 09:15:00', '2018-04-18 09:15:00', 155, 'Achievement of new dealers/ spleeping dealers woke-up', 'Equal (=) achievement', 1, '70%', '80%', '90%', '100%', '110%', 0, 0, 0, 25, 0, 0.00, 0.00, 0.00, 0.00, NULL, ''),
(172, 170, 151, 0, '2018-04-18 09:15:00', '2018-04-18 09:15:00', 155, 'Expense management vs. budget', 'Equal ( = ) (Result expense / Expense Budget) * 100%', 1, '110%', '105%', '100%', '95%', '90%', 0, 0, 0, 5, 0, 0.00, 0.00, 0.00, 0.00, NULL, ''),
(173, 171, 151, 0, '2018-04-18 09:15:00', '2018-04-18 09:15:00', 155, 'Company Target Achievement - overal TurnOver', 'Equal (=) (Company turnover result / Company turnover target) * 100%', 1, '70%', '80%', '90%', '100%', '110%', 0, 0, 0, 15, 0, 0.00, 0.00, 0.00, 0.00, NULL, ''),
(174, 172, 151, 0, '2018-04-18 09:15:00', '2018-04-18 09:15:00', 155, 'Management of Action Plan Execution as team', 'Equal (=) Score.\nSubmit action plan and self-evaluation report for such management (5 ranks)', 0, '1', '2', '3', '4', '5', 0, 0, 0, 15, 0, 0.00, 0.00, 0.00, 0.00, NULL, ''),
(175, 173, 151, 0, '2018-04-18 09:15:00', '2018-04-18 09:15:00', 155, 'Team Building - Training & Staff development', 'Equal (=) Score', 0, '1', '2', '3', '4', '5', 0, 0, 0, 5, 0, 0.00, 0.00, 0.00, 0.00, NULL, ''),
(176, 180, 151, 0, '2018-04-18 09:15:00', '2018-04-18 09:15:00', 155, 'Achievement of Sales targert', 'Equal (=) achievement', 1, '70%', '80%', '90%', '100%', '110%', 0, 0, 0, 35, 0, 0.00, 0.00, 0.00, 0.00, NULL, ''),
(177, 181, 151, 0, '2018-04-18 09:15:00', '2018-04-18 09:15:00', 155, 'Achievement of new dealers/ spleeping dealers woke-up', 'Equal (=) achievement', 1, '70%', '80%', '90%', '100%', '110%', 0, 0, 0, 25, 0, 0.00, 0.00, 0.00, 0.00, NULL, ''),
(178, 182, 151, 0, '2018-04-18 09:15:00', '2018-04-18 09:15:00', 155, 'Expense management vs. budget', 'Equal ( = ) (Result expense / Expense Budget) * 100%', 1, '110%', '105%', '100%', '95%', '90%', 0, 0, 0, 5, 0, 0.00, 0.00, 0.00, 0.00, NULL, ''),
(179, 183, 151, 0, '2018-04-18 09:15:00', '2018-04-18 09:15:00', 155, 'Company Target Achievement - overal TurnOver', 'Equal (=) (Company turnover result / Company turnover target) * 100%', 1, '70%', '80%', '90%', '100%', '110%', 0, 0, 0, 15, 0, 0.00, 0.00, 0.00, 0.00, NULL, ''),
(180, 184, 151, 0, '2018-04-18 09:15:00', '2018-04-18 09:15:00', 155, 'Management of Action Plan Execution as team', 'Equal (=) Score.\nSubmit action plan and self-evaluation report for such management (5 ranks)', 0, '1', '2', '3', '4', '5', 0, 0, 0, 15, 0, 0.00, 0.00, 0.00, 0.00, NULL, ''),
(181, 185, 151, 0, '2018-04-18 09:15:00', '2018-04-18 09:15:00', 155, 'Team Building - Training & Staff development', 'Equal (=) Score', 0, '1', '2', '3', '4', '5', 0, 0, 0, 5, 0, 0.00, 0.00, 0.00, 0.00, NULL, ''),
(182, 186, 151, 0, '2018-04-18 09:15:01', '2018-04-18 09:15:01', 155, 'Achievement of Sales targert', 'Equal (=) achievement', 1, '70%', '80%', '90%', '100%', '110%', 0, 0, 0, 35, 0, 0.00, 0.00, 0.00, 0.00, NULL, ''),
(183, 187, 151, 0, '2018-04-18 09:15:01', '2018-04-18 09:15:01', 155, 'Achievement of new dealers/ spleeping dealers woke-up', 'Equal (=) achievement', 1, '70%', '80%', '90%', '100%', '110%', 0, 0, 0, 25, 0, 0.00, 0.00, 0.00, 0.00, NULL, ''),
(184, 188, 151, 0, '2018-04-18 09:15:01', '2018-04-18 09:15:01', 155, 'Expense management vs. budget', 'Equal ( = ) (Result expense / Expense Budget) * 100%', 1, '110%', '105%', '100%', '95%', '90%', 0, 0, 0, 5, 0, 0.00, 0.00, 0.00, 0.00, NULL, ''),
(185, 189, 151, 0, '2018-04-18 09:15:01', '2018-04-18 09:15:01', 155, 'Company Target Achievement - overal TurnOver', 'Equal (=) (Company turnover result / Company turnover target) * 100%', 1, '70%', '80%', '90%', '100%', '110%', 0, 0, 0, 15, 0, 0.00, 0.00, 0.00, 0.00, NULL, ''),
(186, 190, 151, 0, '2018-04-18 09:15:01', '2018-04-18 09:15:01', 155, 'Management of Action Plan Execution as team', 'Equal (=) Score.\nSubmit action plan and self-evaluation report for such management (5 ranks)', 0, '1', '2', '3', '4', '5', 0, 0, 0, 15, 0, 0.00, 0.00, 0.00, 0.00, NULL, ''),
(187, 191, 151, 0, '2018-04-18 09:15:01', '2018-04-18 09:15:01', 155, 'Team Building - Training & Staff development', 'Equal (=) Score', 0, '1', '2', '3', '4', '5', 0, 0, 0, 5, 0, 0.00, 0.00, 0.00, 0.00, NULL, ''),
(188, 192, 151, 0, '2018-04-18 09:15:01', '2018-04-18 09:15:01', 155, 'Achievement of Sales targert', 'Equal (=) achievement', 1, '70%', '80%', '90%', '100%', '110%', 0, 0, 0, 35, 0, 0.00, 0.00, 0.00, 0.00, NULL, ''),
(189, 193, 151, 0, '2018-04-18 09:15:01', '2018-04-18 09:15:01', 155, 'Achievement of new dealers/ spleeping dealers woke-up', 'Equal (=) achievement', 1, '70%', '80%', '90%', '100%', '110%', 0, 0, 0, 25, 0, 0.00, 0.00, 0.00, 0.00, NULL, ''),
(190, 194, 151, 0, '2018-04-18 09:15:01', '2018-04-18 09:15:01', 155, 'Expense management vs. budget', 'Equal ( = ) (Result expense / Expense Budget) * 100%', 1, '110%', '105%', '100%', '95%', '90%', 0, 0, 0, 5, 0, 0.00, 0.00, 0.00, 0.00, NULL, ''),
(191, 195, 151, 0, '2018-04-18 09:15:01', '2018-04-18 09:15:01', 155, 'Company Target Achievement - overal TurnOver', 'Equal (=) (Company turnover result / Company turnover target) * 100%', 1, '70%', '80%', '90%', '100%', '110%', 0, 0, 0, 15, 0, 0.00, 0.00, 0.00, 0.00, NULL, ''),
(192, 196, 151, 0, '2018-04-18 09:15:01', '2018-04-18 09:15:01', 155, 'Management of Action Plan Execution as team', 'Equal (=) Score.\nSubmit action plan and self-evaluation report for such management (5 ranks)', 0, '1', '2', '3', '4', '5', 0, 0, 0, 15, 0, 0.00, 0.00, 0.00, 0.00, NULL, ''),
(193, 197, 151, 0, '2018-04-18 09:15:01', '2018-04-18 09:15:01', 155, 'Team Building - Training & Staff development', 'Equal (=) Score', 0, '1', '2', '3', '4', '5', 0, 0, 0, 5, 0, 0.00, 0.00, 0.00, 0.00, NULL, ''),
(194, 198, 151, 0, '2018-04-18 09:15:01', '2018-04-18 09:15:01', 155, 'Action Plan 1', 'Description 1', 0, 'Target 11', '11', '13', '34', '35', 0, 0, 0, 20, 0, 0.00, 0.00, 0.00, 0.00, NULL, ''),
(195, 211, 151, 0, '2018-04-18 09:15:01', '2018-04-18 09:15:01', 155, '0', '0', 1, '0', '0', '0', '0', '0', 0, 0, 0, 10, 0, 0.00, 0.00, 0.00, 0.00, NULL, ''),
(196, 212, 151, 0, '2018-04-18 09:15:02', '2018-04-18 09:15:02', 155, '0', '0', 1, '0', '0', '0', '0', '0', 0, 0, 0, 10, 0, 0.00, 0.00, 0.00, 0.00, NULL, ''),
(197, 226, 151, 0, '2018-04-18 09:15:02', '2018-04-18 09:15:02', 155, 'đây là action plan nè', 'mô tả', 1, 'mục tiêu 1', 'mục tiêu 2', 'mục tiêu 3', 'mục tiêu 4', 'mục tiêu 5', 0, 0, 0, 10, 0, 0.00, 0.00, 0.00, 0.00, NULL, ''),
(198, 227, 151, 0, '2018-04-18 09:15:02', '2018-04-18 09:15:02', 155, 'đây là action plan nè', 'mô tả', 1, '50%', 'mục tiêu 2', 'mục tiêu 3', 'mục tiêu 4', 'mục tiêu 5', 0, 0, 0, 10, 0, 0.00, 0.00, 0.00, 0.00, NULL, ''),
(199, 55, 153, 0, '2018-04-18 09:15:02', '2018-04-18 09:15:02', 157, 'ap 1', 'a', 0, 'a', 'a', 'a', 'a', 'a', 0, 0, 0, 10, 0, 0.00, 0.00, 0.00, 0.00, 'http://ssap.dev.digiprojects.top/uploads/1523359275.xlsx', ''),
(200, 132, 165, 0, '2018-04-20 02:02:29', '2018-04-20 02:02:29', 154, 'Achievement of Sales targert', 'Equal (=) achievement', 1, '70%', '80%', '90%', '100%', '110%', 0, 0, 0, 35, 0, 0.00, 0.00, 0.00, 0.00, NULL, NULL),
(201, 133, 165, 0, '2018-04-20 02:02:29', '2018-04-20 02:02:29', 154, 'Achievement of new dealers/ spleeping dealers woke-up', 'Equal (=) achievement', 1, '70%', '80%', '90%', '100%', '110%', 0, 0, 0, 25, 0, 0.00, 0.00, 0.00, 0.00, NULL, NULL),
(202, 134, 165, 0, '2018-04-20 02:02:29', '2018-04-20 02:02:29', 154, 'Expense management vs. budget', 'Equal ( = ) (Result expense / Expense Budget) * 100%', 1, '110%', '105%', '100%', '95%', '90%', 0, 0, 0, 5, 0, 0.00, 0.00, 0.00, 0.00, NULL, NULL),
(203, 135, 165, 0, '2018-04-20 02:02:29', '2018-04-20 02:02:29', 154, 'Company Target Achievement - overal TurnOver', 'Equal (=) (Company turnover result / Company turnover target) * 100%', 1, '70%', '80%', '90%', '100%', '110%', 0, 0, 0, 15, 0, 0.00, 0.00, 0.00, 0.00, NULL, NULL),
(204, 136, 165, 0, '2018-04-20 02:02:29', '2018-04-20 02:02:29', 154, 'Management of Action Plan Execution as team', 'Equal (=) Score.\nSubmit action plan and self-evaluation report for such management (5 ranks)', 0, '1', '2', '3', '4', '5', 0, 0, 0, 15, 0, 0.00, 0.00, 0.00, 0.00, NULL, NULL),
(205, 137, 165, 0, '2018-04-20 02:02:29', '2018-04-20 02:02:29', 154, 'Team Building - Training & Staff development', 'Equal (=) Score', 0, '1', '2', '3', '4', '5', 0, 0, 0, 5, 0, 0.00, 0.00, 0.00, 0.00, NULL, NULL),
(206, 174, 165, 0, '2018-04-20 02:02:29', '2018-04-20 02:02:29', 154, 'Achievement of Sales targert', 'Equal (=) achievement', 1, '70%', '80%', '90%', '100%', '110%', 0, 0, 0, 35, 0, 0.00, 0.00, 0.00, 0.00, NULL, NULL),
(207, 175, 165, 0, '2018-04-20 02:02:29', '2018-04-20 02:02:29', 154, 'Achievement of new dealers/ spleeping dealers woke-up', 'Equal (=) achievement', 1, '70%', '80%', '90%', '100%', '110%', 0, 0, 0, 25, 0, 0.00, 0.00, 0.00, 0.00, NULL, NULL),
(208, 176, 165, 0, '2018-04-20 02:02:29', '2018-04-20 02:02:29', 154, 'Expense management vs. budget', 'Equal ( = ) (Result expense / Expense Budget) * 100%', 1, '110%', '105%', '100%', '95%', '90%', 0, 0, 0, 5, 0, 0.00, 0.00, 0.00, 0.00, NULL, NULL),
(209, 177, 165, 0, '2018-04-20 02:02:29', '2018-04-20 02:02:29', 154, 'Company Target Achievement - overal TurnOver', 'Equal (=) (Company turnover result / Company turnover target) * 100%', 1, '70%', '80%', '90%', '100%', '110%', 0, 0, 0, 15, 0, 0.00, 0.00, 0.00, 0.00, NULL, NULL),
(210, 178, 165, 0, '2018-04-20 02:02:29', '2018-04-20 02:02:29', 154, 'Management of Action Plan Execution as team', 'Equal (=) Score.\nSubmit action plan and self-evaluation report for such management (5 ranks)', 0, '1', '2', '3', '4', '5', 0, 0, 0, 15, 0, 0.00, 0.00, 0.00, 0.00, NULL, NULL),
(211, 179, 165, 0, '2018-04-20 02:02:29', '2018-04-20 02:02:29', 154, 'Team Building - Training & Staff development', 'Equal (=) Score', 0, '1', '2', '3', '4', '5', 0, 0, 0, 5, 0, 0.00, 0.00, 0.00, 0.00, NULL, NULL),
(212, 56, 166, 0, '2018-04-20 02:02:29', '2018-04-20 02:02:29', 155, 'a', 'a', 0, 'a', 'a', 'a', 'a', 'a', 0, 0, 0, 40, 0, 0.00, 0.00, 0.00, 0.00, 'http://ssap.dev.digiprojects.top/uploads/1523415818.txt', NULL),
(213, 73, 166, 0, '2018-04-20 02:02:30', '2018-04-20 02:02:30', 155, 'ap 1', 'this is action plan', 1, 'abc', 'def', 'ghj', 'lki', 'axcz', 0, 0, 0, 10, 0, 0.00, 0.00, 0.00, 0.00, NULL, NULL),
(214, 74, 166, 0, '2018-04-20 02:02:30', '2018-04-20 02:02:30', 155, 'ap 2', 'this is kpi item', 0, 'abc', 'def', 'ghj', 'lki', 'axcz', 0, 0, 0, 10, 0, 0.00, 0.00, 0.00, 0.00, NULL, NULL),
(215, 76, 166, 0, '2018-04-20 02:02:30', '2018-04-20 02:02:30', 155, 'qdaa', 'aaa', 0, 'aa', 'aa', 'aa', 'aa', 'aa', 0, 0, 0, 10, 0, 0.00, 0.00, 0.00, 0.00, NULL, NULL),
(216, 77, 166, 0, '2018-04-20 02:02:30', '2018-04-20 02:02:30', 155, 'aaa', 'aaa', 0, 'aa', 'a', 'a', 'a', 'a', 0, 0, 0, 10, 0, 0.00, 0.00, 0.00, 0.00, NULL, NULL),
(217, 78, 166, 0, '2018-04-20 02:02:30', '2018-04-20 02:02:30', 155, 'appp', 'a', 0, 'a', 'a', 'aa', 'a', 'a', 0, 0, 0, 20, 0, 0.00, 0.00, 0.00, 0.00, NULL, NULL),
(218, 79, 166, 0, '2018-04-20 02:02:30', '2018-04-20 02:02:30', 155, 'aaa', 'aaa', 1, 'a', 'a', 'a', 'a', 'a', 0, 0, 0, 20, 0, 0.00, 0.00, 0.00, 0.00, NULL, NULL),
(219, 85, 166, 0, '2018-04-20 02:02:30', '2018-04-20 02:02:30', 155, 'ap', 'a', 0, 'b', 's', 'c', 'd', 'e', 0, 0, 0, 10, 0, 0.00, 0.00, 0.00, 0.00, 'http://ssap.dev.digiprojects.top/uploads/1523515220-checklist (2).jpeg', NULL),
(220, 168, 166, 0, '2018-04-20 02:02:30', '2018-04-20 02:02:30', 155, 'Achievement of Sales targert', 'Equal (=) achievement', 1, '70%', '80%', '90%', '100%', '110%', 0, 0, 0, 35, 0, 0.00, 0.00, 0.00, 0.00, NULL, NULL),
(221, 169, 166, 0, '2018-04-20 02:02:30', '2018-04-20 02:02:30', 155, 'Achievement of new dealers/ spleeping dealers woke-up', 'Equal (=) achievement', 1, '70%', '80%', '90%', '100%', '110%', 0, 0, 0, 25, 0, 0.00, 0.00, 0.00, 0.00, NULL, NULL),
(222, 170, 166, 0, '2018-04-20 02:02:30', '2018-04-20 02:02:30', 155, 'Expense management vs. budget', 'Equal ( = ) (Result expense / Expense Budget) * 100%', 1, '110%', '105%', '100%', '95%', '90%', 0, 0, 0, 5, 0, 0.00, 0.00, 0.00, 0.00, NULL, NULL),
(223, 171, 166, 0, '2018-04-20 02:02:30', '2018-04-20 02:02:30', 155, 'Company Target Achievement - overal TurnOver', 'Equal (=) (Company turnover result / Company turnover target) * 100%', 1, '70%', '80%', '90%', '100%', '110%', 0, 0, 0, 15, 0, 0.00, 0.00, 0.00, 0.00, NULL, NULL),
(224, 172, 166, 0, '2018-04-20 02:02:30', '2018-04-20 02:02:30', 155, 'Management of Action Plan Execution as team', 'Equal (=) Score.\nSubmit action plan and self-evaluation report for such management (5 ranks)', 0, '1', '2', '3', '4', '5', 0, 0, 0, 15, 0, 0.00, 0.00, 0.00, 0.00, NULL, NULL),
(225, 173, 166, 0, '2018-04-20 02:02:30', '2018-04-20 02:02:30', 155, 'Team Building - Training & Staff development', 'Equal (=) Score', 0, '1', '2', '3', '4', '5', 0, 0, 0, 5, 0, 0.00, 0.00, 0.00, 0.00, NULL, NULL),
(226, 180, 166, 0, '2018-04-20 02:02:30', '2018-04-20 02:02:30', 155, 'Achievement of Sales targert', 'Equal (=) achievement', 1, '70%', '80%', '90%', '100%', '110%', 0, 0, 0, 35, 0, 0.00, 0.00, 0.00, 0.00, NULL, NULL),
(227, 181, 166, 0, '2018-04-20 02:02:30', '2018-04-20 02:02:30', 155, 'Achievement of new dealers/ spleeping dealers woke-up', 'Equal (=) achievement', 1, '70%', '80%', '90%', '100%', '110%', 0, 0, 0, 25, 0, 0.00, 0.00, 0.00, 0.00, NULL, NULL),
(228, 182, 166, 0, '2018-04-20 02:02:30', '2018-04-20 02:02:30', 155, 'Expense management vs. budget', 'Equal ( = ) (Result expense / Expense Budget) * 100%', 1, '110%', '105%', '100%', '95%', '90%', 0, 0, 0, 5, 0, 0.00, 0.00, 0.00, 0.00, NULL, NULL),
(229, 183, 166, 0, '2018-04-20 02:02:30', '2018-04-20 02:02:30', 155, 'Company Target Achievement - overal TurnOver', 'Equal (=) (Company turnover result / Company turnover target) * 100%', 1, '70%', '80%', '90%', '100%', '110%', 0, 0, 0, 15, 0, 0.00, 0.00, 0.00, 0.00, NULL, NULL),
(230, 184, 166, 0, '2018-04-20 02:02:30', '2018-04-20 02:02:30', 155, 'Management of Action Plan Execution as team', 'Equal (=) Score.\nSubmit action plan and self-evaluation report for such management (5 ranks)', 0, '1', '2', '3', '4', '5', 0, 0, 0, 15, 0, 0.00, 0.00, 0.00, 0.00, NULL, NULL),
(231, 185, 166, 0, '2018-04-20 02:02:30', '2018-04-20 02:02:30', 155, 'Team Building - Training & Staff development', 'Equal (=) Score', 0, '1', '2', '3', '4', '5', 0, 0, 0, 5, 0, 0.00, 0.00, 0.00, 0.00, NULL, NULL),
(232, 186, 166, 0, '2018-04-20 02:02:30', '2018-04-20 02:02:30', 155, 'Achievement of Sales targert', 'Equal (=) achievement', 1, '70%', '80%', '90%', '100%', '110%', 0, 0, 0, 35, 0, 0.00, 0.00, 0.00, 0.00, NULL, NULL),
(233, 187, 166, 0, '2018-04-20 02:02:30', '2018-04-20 02:02:30', 155, 'Achievement of new dealers/ spleeping dealers woke-up', 'Equal (=) achievement', 1, '70%', '80%', '90%', '100%', '110%', 0, 0, 0, 25, 0, 0.00, 0.00, 0.00, 0.00, NULL, NULL),
(234, 188, 166, 0, '2018-04-20 02:02:30', '2018-04-20 02:02:30', 155, 'Expense management vs. budget', 'Equal ( = ) (Result expense / Expense Budget) * 100%', 1, '110%', '105%', '100%', '95%', '90%', 0, 0, 0, 5, 0, 0.00, 0.00, 0.00, 0.00, NULL, NULL),
(235, 189, 166, 0, '2018-04-20 02:02:31', '2018-04-20 02:02:31', 155, 'Company Target Achievement - overal TurnOver', 'Equal (=) (Company turnover result / Company turnover target) * 100%', 1, '70%', '80%', '90%', '100%', '110%', 0, 0, 0, 15, 0, 0.00, 0.00, 0.00, 0.00, NULL, NULL),
(236, 190, 166, 0, '2018-04-20 02:02:31', '2018-04-20 02:02:31', 155, 'Management of Action Plan Execution as team', 'Equal (=) Score.\nSubmit action plan and self-evaluation report for such management (5 ranks)', 0, '1', '2', '3', '4', '5', 0, 0, 0, 15, 0, 0.00, 0.00, 0.00, 0.00, NULL, NULL),
(237, 191, 166, 0, '2018-04-20 02:02:31', '2018-04-20 02:02:31', 155, 'Team Building - Training & Staff development', 'Equal (=) Score', 0, '1', '2', '3', '4', '5', 0, 0, 0, 5, 0, 0.00, 0.00, 0.00, 0.00, NULL, NULL),
(238, 192, 166, 0, '2018-04-20 02:02:31', '2018-04-20 02:02:31', 155, 'Achievement of Sales targert', 'Equal (=) achievement', 1, '70%', '80%', '90%', '100%', '110%', 0, 0, 0, 35, 0, 0.00, 0.00, 0.00, 0.00, NULL, NULL),
(239, 193, 166, 0, '2018-04-20 02:02:31', '2018-04-20 02:02:31', 155, 'Achievement of new dealers/ spleeping dealers woke-up', 'Equal (=) achievement', 1, '70%', '80%', '90%', '100%', '110%', 0, 0, 0, 25, 0, 0.00, 0.00, 0.00, 0.00, NULL, NULL),
(240, 194, 166, 0, '2018-04-20 02:02:31', '2018-04-20 02:02:31', 155, 'Expense management vs. budget', 'Equal ( = ) (Result expense / Expense Budget) * 100%', 1, '110%', '105%', '100%', '95%', '90%', 0, 0, 0, 5, 0, 0.00, 0.00, 0.00, 0.00, NULL, NULL),
(241, 195, 166, 0, '2018-04-20 02:02:31', '2018-04-20 02:02:31', 155, 'Company Target Achievement - overal TurnOver', 'Equal (=) (Company turnover result / Company turnover target) * 100%', 1, '70%', '80%', '90%', '100%', '110%', 0, 0, 0, 15, 0, 0.00, 0.00, 0.00, 0.00, NULL, NULL),
(242, 196, 166, 0, '2018-04-20 02:02:31', '2018-04-20 02:02:31', 155, 'Management of Action Plan Execution as team', 'Equal (=) Score.\nSubmit action plan and self-evaluation report for such management (5 ranks)', 0, '1', '2', '3', '4', '5', 0, 0, 0, 15, 0, 0.00, 0.00, 0.00, 0.00, NULL, NULL),
(243, 197, 166, 0, '2018-04-20 02:02:31', '2018-04-20 02:02:31', 155, 'Team Building - Training & Staff development', 'Equal (=) Score', 0, '1', '2', '3', '4', '5', 0, 0, 0, 5, 0, 0.00, 0.00, 0.00, 0.00, NULL, NULL),
(244, 198, 166, 0, '2018-04-20 02:02:31', '2018-04-20 02:02:31', 155, 'Action Plan 1', 'Description 1', 0, 'Target 11', '11', '13', '34', '35', 0, 0, 0, 20, 0, 0.00, 0.00, 0.00, 0.00, NULL, NULL),
(245, 211, 166, 0, '2018-04-20 02:02:31', '2018-04-20 02:02:31', 155, '0', '0', 1, '0', '0', '0', '0', '0', 0, 0, 0, 10, 0, 0.00, 0.00, 0.00, 0.00, NULL, NULL),
(246, 212, 166, 0, '2018-04-20 02:02:31', '2018-04-20 02:02:31', 155, '0', '0', 1, '0', '0', '0', '0', '0', 0, 0, 0, 10, 0, 0.00, 0.00, 0.00, 0.00, NULL, NULL),
(247, 226, 166, 0, '2018-04-20 02:02:31', '2018-04-20 02:02:31', 155, 'đây là action plan nè', 'mô tả', 1, 'mục tiêu 1', 'mục tiêu 2', 'mục tiêu 3', 'mục tiêu 4', 'mục tiêu 5', 0, 0, 0, 10, 0, 0.00, 0.00, 0.00, 0.00, NULL, NULL),
(248, 227, 166, 0, '2018-04-20 02:02:31', '2018-04-20 02:02:31', 155, 'đây là action plan nè', 'mô tả', 1, '50%', 'mục tiêu 2', 'mục tiêu 3', 'mục tiêu 4', 'mục tiêu 5', 0, 0, 0, 10, 0, 0.00, 0.00, 0.00, 0.00, NULL, NULL),
(249, 55, 168, 0, '2018-04-20 02:02:31', '2018-04-20 02:02:31', 157, 'ap 1', 'a', 0, 'a', 'a', 'a', 'a', 'a', 0, 0, 0, 10, 0, 0.00, 0.00, 0.00, 0.00, 'http://ssap.dev.digiprojects.top/uploads/1523359275.xlsx', NULL),
(250, 132, 180, 0, '2018-04-20 02:02:32', '2018-04-20 02:02:32', 154, 'Achievement of Sales targert', 'Equal (=) achievement', 1, '70%', '80%', '90%', '100%', '110%', 0, 0, 0, 35, 0, 0.00, 0.00, 0.00, 0.00, NULL, NULL),
(251, 133, 180, 0, '2018-04-20 02:02:32', '2018-04-20 02:02:32', 154, 'Achievement of new dealers/ spleeping dealers woke-up', 'Equal (=) achievement', 1, '70%', '80%', '90%', '100%', '110%', 0, 0, 0, 25, 0, 0.00, 0.00, 0.00, 0.00, NULL, NULL);
INSERT INTO `api_save_result_kpi_action_plan` (`id`, `action_plan_id`, `save_result_sub_kpi_id`, `final_result`, `created_at`, `updated_at`, `sub_kpi_id`, `title`, `description`, `type`, `target_1`, `target_2`, `target_3`, `target_4`, `target_5`, `active_status`, `activity_status`, `evaluate_status`, `portion`, `self_scored`, `evaluator_1_scored`, `evaluator_2_scored`, `evaluator_3_scored`, `final_scored`, `link_file`, `achievement`) VALUES
(252, 134, 180, 0, '2018-04-20 02:02:32', '2018-04-20 02:02:32', 154, 'Expense management vs. budget', 'Equal ( = ) (Result expense / Expense Budget) * 100%', 1, '110%', '105%', '100%', '95%', '90%', 0, 0, 0, 5, 0, 0.00, 0.00, 0.00, 0.00, NULL, NULL),
(253, 135, 180, 0, '2018-04-20 02:02:32', '2018-04-20 02:02:32', 154, 'Company Target Achievement - overal TurnOver', 'Equal (=) (Company turnover result / Company turnover target) * 100%', 1, '70%', '80%', '90%', '100%', '110%', 0, 0, 0, 15, 0, 0.00, 0.00, 0.00, 0.00, NULL, NULL),
(254, 136, 180, 0, '2018-04-20 02:02:32', '2018-04-20 02:02:32', 154, 'Management of Action Plan Execution as team', 'Equal (=) Score.\nSubmit action plan and self-evaluation report for such management (5 ranks)', 0, '1', '2', '3', '4', '5', 0, 0, 0, 15, 0, 0.00, 0.00, 0.00, 0.00, NULL, NULL),
(255, 137, 180, 0, '2018-04-20 02:02:32', '2018-04-20 02:02:32', 154, 'Team Building - Training & Staff development', 'Equal (=) Score', 0, '1', '2', '3', '4', '5', 0, 0, 0, 5, 0, 0.00, 0.00, 0.00, 0.00, NULL, NULL),
(256, 174, 180, 0, '2018-04-20 02:02:32', '2018-04-20 02:02:32', 154, 'Achievement of Sales targert', 'Equal (=) achievement', 1, '70%', '80%', '90%', '100%', '110%', 0, 0, 0, 35, 0, 0.00, 0.00, 0.00, 0.00, NULL, NULL),
(257, 175, 180, 0, '2018-04-20 02:02:32', '2018-04-20 02:02:32', 154, 'Achievement of new dealers/ spleeping dealers woke-up', 'Equal (=) achievement', 1, '70%', '80%', '90%', '100%', '110%', 0, 0, 0, 25, 0, 0.00, 0.00, 0.00, 0.00, NULL, NULL),
(258, 176, 180, 0, '2018-04-20 02:02:32', '2018-04-20 02:02:32', 154, 'Expense management vs. budget', 'Equal ( = ) (Result expense / Expense Budget) * 100%', 1, '110%', '105%', '100%', '95%', '90%', 0, 0, 0, 5, 0, 0.00, 0.00, 0.00, 0.00, NULL, NULL),
(259, 177, 180, 0, '2018-04-20 02:02:32', '2018-04-20 02:02:32', 154, 'Company Target Achievement - overal TurnOver', 'Equal (=) (Company turnover result / Company turnover target) * 100%', 1, '70%', '80%', '90%', '100%', '110%', 0, 0, 0, 15, 0, 0.00, 0.00, 0.00, 0.00, NULL, NULL),
(260, 178, 180, 0, '2018-04-20 02:02:32', '2018-04-20 02:02:32', 154, 'Management of Action Plan Execution as team', 'Equal (=) Score.\nSubmit action plan and self-evaluation report for such management (5 ranks)', 0, '1', '2', '3', '4', '5', 0, 0, 0, 15, 0, 0.00, 0.00, 0.00, 0.00, NULL, NULL),
(261, 179, 180, 0, '2018-04-20 02:02:32', '2018-04-20 02:02:32', 154, 'Team Building - Training & Staff development', 'Equal (=) Score', 0, '1', '2', '3', '4', '5', 0, 0, 0, 5, 0, 0.00, 0.00, 0.00, 0.00, NULL, NULL),
(262, 56, 181, 0, '2018-04-20 02:02:32', '2018-04-20 02:02:32', 155, 'a', 'a', 0, 'a', 'a', 'a', 'a', 'a', 0, 0, 0, 40, 0, 0.00, 0.00, 0.00, 0.00, 'http://ssap.dev.digiprojects.top/uploads/1523415818.txt', NULL),
(263, 73, 181, 0, '2018-04-20 02:02:32', '2018-04-20 02:02:32', 155, 'ap 1', 'this is action plan', 1, 'abc', 'def', 'ghj', 'lki', 'axcz', 0, 0, 0, 10, 0, 0.00, 0.00, 0.00, 0.00, NULL, NULL),
(264, 74, 181, 0, '2018-04-20 02:02:32', '2018-04-20 02:02:32', 155, 'ap 2', 'this is kpi item', 0, 'abc', 'def', 'ghj', 'lki', 'axcz', 0, 0, 0, 10, 0, 0.00, 0.00, 0.00, 0.00, NULL, NULL),
(265, 76, 181, 0, '2018-04-20 02:02:32', '2018-04-20 02:02:32', 155, 'qdaa', 'aaa', 0, 'aa', 'aa', 'aa', 'aa', 'aa', 0, 0, 0, 10, 0, 0.00, 0.00, 0.00, 0.00, NULL, NULL),
(266, 77, 181, 0, '2018-04-20 02:02:32', '2018-04-20 02:02:32', 155, 'aaa', 'aaa', 0, 'aa', 'a', 'a', 'a', 'a', 0, 0, 0, 10, 0, 0.00, 0.00, 0.00, 0.00, NULL, NULL),
(267, 78, 181, 0, '2018-04-20 02:02:32', '2018-04-20 02:02:32', 155, 'appp', 'a', 0, 'a', 'a', 'aa', 'a', 'a', 0, 0, 0, 20, 0, 0.00, 0.00, 0.00, 0.00, NULL, NULL),
(268, 79, 181, 0, '2018-04-20 02:02:32', '2018-04-20 02:02:32', 155, 'aaa', 'aaa', 1, 'a', 'a', 'a', 'a', 'a', 0, 0, 0, 20, 0, 0.00, 0.00, 0.00, 0.00, NULL, NULL),
(269, 85, 181, 0, '2018-04-20 02:02:32', '2018-04-20 02:02:32', 155, 'ap', 'a', 0, 'b', 's', 'c', 'd', 'e', 0, 0, 0, 10, 0, 0.00, 0.00, 0.00, 0.00, 'http://ssap.dev.digiprojects.top/uploads/1523515220-checklist (2).jpeg', NULL),
(270, 168, 181, 0, '2018-04-20 02:02:33', '2018-04-20 02:02:33', 155, 'Achievement of Sales targert', 'Equal (=) achievement', 1, '70%', '80%', '90%', '100%', '110%', 0, 0, 0, 35, 0, 0.00, 0.00, 0.00, 0.00, NULL, NULL),
(271, 169, 181, 0, '2018-04-20 02:02:33', '2018-04-20 02:02:33', 155, 'Achievement of new dealers/ spleeping dealers woke-up', 'Equal (=) achievement', 1, '70%', '80%', '90%', '100%', '110%', 0, 0, 0, 25, 0, 0.00, 0.00, 0.00, 0.00, NULL, NULL),
(272, 170, 181, 0, '2018-04-20 02:02:33', '2018-04-20 02:02:33', 155, 'Expense management vs. budget', 'Equal ( = ) (Result expense / Expense Budget) * 100%', 1, '110%', '105%', '100%', '95%', '90%', 0, 0, 0, 5, 0, 0.00, 0.00, 0.00, 0.00, NULL, NULL),
(273, 171, 181, 0, '2018-04-20 02:02:33', '2018-04-20 02:02:33', 155, 'Company Target Achievement - overal TurnOver', 'Equal (=) (Company turnover result / Company turnover target) * 100%', 1, '70%', '80%', '90%', '100%', '110%', 0, 0, 0, 15, 0, 0.00, 0.00, 0.00, 0.00, NULL, NULL),
(274, 172, 181, 0, '2018-04-20 02:02:33', '2018-04-20 02:02:33', 155, 'Management of Action Plan Execution as team', 'Equal (=) Score.\nSubmit action plan and self-evaluation report for such management (5 ranks)', 0, '1', '2', '3', '4', '5', 0, 0, 0, 15, 0, 0.00, 0.00, 0.00, 0.00, NULL, NULL),
(275, 173, 181, 0, '2018-04-20 02:02:33', '2018-04-20 02:02:33', 155, 'Team Building - Training & Staff development', 'Equal (=) Score', 0, '1', '2', '3', '4', '5', 0, 0, 0, 5, 0, 0.00, 0.00, 0.00, 0.00, NULL, NULL),
(276, 180, 181, 0, '2018-04-20 02:02:33', '2018-04-20 02:02:33', 155, 'Achievement of Sales targert', 'Equal (=) achievement', 1, '70%', '80%', '90%', '100%', '110%', 0, 0, 0, 35, 0, 0.00, 0.00, 0.00, 0.00, NULL, NULL),
(277, 181, 181, 0, '2018-04-20 02:02:33', '2018-04-20 02:02:33', 155, 'Achievement of new dealers/ spleeping dealers woke-up', 'Equal (=) achievement', 1, '70%', '80%', '90%', '100%', '110%', 0, 0, 0, 25, 0, 0.00, 0.00, 0.00, 0.00, NULL, NULL),
(278, 182, 181, 0, '2018-04-20 02:02:33', '2018-04-20 02:02:33', 155, 'Expense management vs. budget', 'Equal ( = ) (Result expense / Expense Budget) * 100%', 1, '110%', '105%', '100%', '95%', '90%', 0, 0, 0, 5, 0, 0.00, 0.00, 0.00, 0.00, NULL, NULL),
(279, 183, 181, 0, '2018-04-20 02:02:33', '2018-04-20 02:02:33', 155, 'Company Target Achievement - overal TurnOver', 'Equal (=) (Company turnover result / Company turnover target) * 100%', 1, '70%', '80%', '90%', '100%', '110%', 0, 0, 0, 15, 0, 0.00, 0.00, 0.00, 0.00, NULL, NULL),
(280, 184, 181, 0, '2018-04-20 02:02:33', '2018-04-20 02:02:33', 155, 'Management of Action Plan Execution as team', 'Equal (=) Score.\nSubmit action plan and self-evaluation report for such management (5 ranks)', 0, '1', '2', '3', '4', '5', 0, 0, 0, 15, 0, 0.00, 0.00, 0.00, 0.00, NULL, NULL),
(281, 185, 181, 0, '2018-04-20 02:02:33', '2018-04-20 02:02:33', 155, 'Team Building - Training & Staff development', 'Equal (=) Score', 0, '1', '2', '3', '4', '5', 0, 0, 0, 5, 0, 0.00, 0.00, 0.00, 0.00, NULL, NULL),
(282, 186, 181, 0, '2018-04-20 02:02:33', '2018-04-20 02:02:33', 155, 'Achievement of Sales targert', 'Equal (=) achievement', 1, '70%', '80%', '90%', '100%', '110%', 0, 0, 0, 35, 0, 0.00, 0.00, 0.00, 0.00, NULL, NULL),
(283, 187, 181, 0, '2018-04-20 02:02:33', '2018-04-20 02:02:33', 155, 'Achievement of new dealers/ spleeping dealers woke-up', 'Equal (=) achievement', 1, '70%', '80%', '90%', '100%', '110%', 0, 0, 0, 25, 0, 0.00, 0.00, 0.00, 0.00, NULL, NULL),
(284, 188, 181, 0, '2018-04-20 02:02:33', '2018-04-20 02:02:33', 155, 'Expense management vs. budget', 'Equal ( = ) (Result expense / Expense Budget) * 100%', 1, '110%', '105%', '100%', '95%', '90%', 0, 0, 0, 5, 0, 0.00, 0.00, 0.00, 0.00, NULL, NULL),
(285, 189, 181, 0, '2018-04-20 02:02:33', '2018-04-20 02:02:33', 155, 'Company Target Achievement - overal TurnOver', 'Equal (=) (Company turnover result / Company turnover target) * 100%', 1, '70%', '80%', '90%', '100%', '110%', 0, 0, 0, 15, 0, 0.00, 0.00, 0.00, 0.00, NULL, NULL),
(286, 190, 181, 0, '2018-04-20 02:02:33', '2018-04-20 02:02:33', 155, 'Management of Action Plan Execution as team', 'Equal (=) Score.\nSubmit action plan and self-evaluation report for such management (5 ranks)', 0, '1', '2', '3', '4', '5', 0, 0, 0, 15, 0, 0.00, 0.00, 0.00, 0.00, NULL, NULL),
(287, 191, 181, 0, '2018-04-20 02:02:33', '2018-04-20 02:02:33', 155, 'Team Building - Training & Staff development', 'Equal (=) Score', 0, '1', '2', '3', '4', '5', 0, 0, 0, 5, 0, 0.00, 0.00, 0.00, 0.00, NULL, NULL),
(288, 192, 181, 0, '2018-04-20 02:02:33', '2018-04-20 02:02:33', 155, 'Achievement of Sales targert', 'Equal (=) achievement', 1, '70%', '80%', '90%', '100%', '110%', 0, 0, 0, 35, 0, 0.00, 0.00, 0.00, 0.00, NULL, NULL),
(289, 193, 181, 0, '2018-04-20 02:02:33', '2018-04-20 02:02:33', 155, 'Achievement of new dealers/ spleeping dealers woke-up', 'Equal (=) achievement', 1, '70%', '80%', '90%', '100%', '110%', 0, 0, 0, 25, 0, 0.00, 0.00, 0.00, 0.00, NULL, NULL),
(290, 194, 181, 0, '2018-04-20 02:02:33', '2018-04-20 02:02:33', 155, 'Expense management vs. budget', 'Equal ( = ) (Result expense / Expense Budget) * 100%', 1, '110%', '105%', '100%', '95%', '90%', 0, 0, 0, 5, 0, 0.00, 0.00, 0.00, 0.00, NULL, NULL),
(291, 195, 181, 0, '2018-04-20 02:02:33', '2018-04-20 02:02:33', 155, 'Company Target Achievement - overal TurnOver', 'Equal (=) (Company turnover result / Company turnover target) * 100%', 1, '70%', '80%', '90%', '100%', '110%', 0, 0, 0, 15, 0, 0.00, 0.00, 0.00, 0.00, NULL, NULL),
(292, 196, 181, 0, '2018-04-20 02:02:33', '2018-04-20 02:02:33', 155, 'Management of Action Plan Execution as team', 'Equal (=) Score.\nSubmit action plan and self-evaluation report for such management (5 ranks)', 0, '1', '2', '3', '4', '5', 0, 0, 0, 15, 0, 0.00, 0.00, 0.00, 0.00, NULL, NULL),
(293, 197, 181, 0, '2018-04-20 02:02:33', '2018-04-20 02:02:33', 155, 'Team Building - Training & Staff development', 'Equal (=) Score', 0, '1', '2', '3', '4', '5', 0, 0, 0, 5, 0, 0.00, 0.00, 0.00, 0.00, NULL, NULL),
(294, 198, 181, 0, '2018-04-20 02:02:33', '2018-04-20 02:02:33', 155, 'Action Plan 1', 'Description 1', 0, 'Target 11', '11', '13', '34', '35', 0, 0, 0, 20, 0, 0.00, 0.00, 0.00, 0.00, NULL, NULL),
(295, 211, 181, 0, '2018-04-20 02:02:34', '2018-04-20 02:02:34', 155, '0', '0', 1, '0', '0', '0', '0', '0', 0, 0, 0, 10, 0, 0.00, 0.00, 0.00, 0.00, NULL, NULL),
(296, 212, 181, 0, '2018-04-20 02:02:34', '2018-04-20 02:02:34', 155, '0', '0', 1, '0', '0', '0', '0', '0', 0, 0, 0, 10, 0, 0.00, 0.00, 0.00, 0.00, NULL, NULL),
(297, 226, 181, 0, '2018-04-20 02:02:34', '2018-04-20 02:02:34', 155, 'đây là action plan nè', 'mô tả', 1, 'mục tiêu 1', 'mục tiêu 2', 'mục tiêu 3', 'mục tiêu 4', 'mục tiêu 5', 0, 0, 0, 10, 0, 0.00, 0.00, 0.00, 0.00, NULL, NULL),
(298, 227, 181, 0, '2018-04-20 02:02:34', '2018-04-20 02:02:34', 155, 'đây là action plan nè', 'mô tả', 1, '50%', 'mục tiêu 2', 'mục tiêu 3', 'mục tiêu 4', 'mục tiêu 5', 0, 0, 0, 10, 0, 0.00, 0.00, 0.00, 0.00, NULL, NULL),
(299, 55, 183, 0, '2018-04-20 02:02:34', '2018-04-20 02:02:34', 157, 'ap 1', 'a', 0, 'a', 'a', 'a', 'a', 'a', 0, 0, 0, 10, 0, 0.00, 0.00, 0.00, 0.00, 'http://ssap.dev.digiprojects.top/uploads/1523359275.xlsx', NULL),
(300, 132, 195, 0, '2018-04-20 02:13:14', '2018-04-20 02:13:14', 154, 'Achievement of Sales targert', 'Equal (=) achievement', 1, '70%', '80%', '90%', '100%', '110%', 0, 0, 0, 35, 0, 0.00, 0.00, 0.00, 0.00, NULL, NULL),
(301, 133, 195, 0, '2018-04-20 02:13:14', '2018-04-20 02:13:14', 154, 'Achievement of new dealers/ spleeping dealers woke-up', 'Equal (=) achievement', 1, '70%', '80%', '90%', '100%', '110%', 0, 0, 0, 25, 0, 0.00, 0.00, 0.00, 0.00, NULL, NULL),
(302, 134, 195, 0, '2018-04-20 02:13:14', '2018-04-20 02:13:14', 154, 'Expense management vs. budget', 'Equal ( = ) (Result expense / Expense Budget) * 100%', 1, '110%', '105%', '100%', '95%', '90%', 0, 0, 0, 5, 0, 0.00, 0.00, 0.00, 0.00, NULL, NULL),
(303, 135, 195, 0, '2018-04-20 02:13:14', '2018-04-20 02:13:14', 154, 'Company Target Achievement - overal TurnOver', 'Equal (=) (Company turnover result / Company turnover target) * 100%', 1, '70%', '80%', '90%', '100%', '110%', 0, 0, 0, 15, 0, 0.00, 0.00, 0.00, 0.00, NULL, NULL),
(304, 136, 195, 0, '2018-04-20 02:13:14', '2018-04-20 02:13:14', 154, 'Management of Action Plan Execution as team', 'Equal (=) Score.\nSubmit action plan and self-evaluation report for such management (5 ranks)', 0, '1', '2', '3', '4', '5', 0, 0, 0, 15, 0, 0.00, 0.00, 0.00, 0.00, NULL, NULL),
(305, 137, 195, 0, '2018-04-20 02:13:14', '2018-04-20 02:13:14', 154, 'Team Building - Training & Staff development', 'Equal (=) Score', 0, '1', '2', '3', '4', '5', 0, 0, 0, 5, 0, 0.00, 0.00, 0.00, 0.00, NULL, NULL),
(306, 174, 195, 0, '2018-04-20 02:13:14', '2018-04-20 02:13:14', 154, 'Achievement of Sales targert', 'Equal (=) achievement', 1, '70%', '80%', '90%', '100%', '110%', 0, 0, 0, 35, 0, 0.00, 0.00, 0.00, 0.00, NULL, NULL),
(307, 175, 195, 0, '2018-04-20 02:13:14', '2018-04-20 02:13:14', 154, 'Achievement of new dealers/ spleeping dealers woke-up', 'Equal (=) achievement', 1, '70%', '80%', '90%', '100%', '110%', 0, 0, 0, 25, 0, 0.00, 0.00, 0.00, 0.00, NULL, NULL),
(308, 176, 195, 0, '2018-04-20 02:13:14', '2018-04-20 02:13:14', 154, 'Expense management vs. budget', 'Equal ( = ) (Result expense / Expense Budget) * 100%', 1, '110%', '105%', '100%', '95%', '90%', 0, 0, 0, 5, 0, 0.00, 0.00, 0.00, 0.00, NULL, NULL),
(309, 177, 195, 0, '2018-04-20 02:13:14', '2018-04-20 02:13:14', 154, 'Company Target Achievement - overal TurnOver', 'Equal (=) (Company turnover result / Company turnover target) * 100%', 1, '70%', '80%', '90%', '100%', '110%', 0, 0, 0, 15, 0, 0.00, 0.00, 0.00, 0.00, NULL, NULL),
(310, 178, 195, 0, '2018-04-20 02:13:14', '2018-04-20 02:13:14', 154, 'Management of Action Plan Execution as team', 'Equal (=) Score.\nSubmit action plan and self-evaluation report for such management (5 ranks)', 0, '1', '2', '3', '4', '5', 0, 0, 0, 15, 0, 0.00, 0.00, 0.00, 0.00, NULL, NULL),
(311, 179, 195, 0, '2018-04-20 02:13:14', '2018-04-20 02:13:14', 154, 'Team Building - Training & Staff development', 'Equal (=) Score', 0, '1', '2', '3', '4', '5', 0, 0, 0, 5, 0, 0.00, 0.00, 0.00, 0.00, NULL, NULL),
(312, 56, 196, 0, '2018-04-20 02:13:14', '2018-04-20 02:13:14', 155, 'a', 'a', 0, 'a', 'a', 'a', 'a', 'a', 0, 0, 0, 40, 0, 0.00, 0.00, 0.00, 0.00, 'http://ssap.dev.digiprojects.top/uploads/1523415818.txt', NULL),
(313, 73, 196, 0, '2018-04-20 02:13:14', '2018-04-20 02:13:14', 155, 'ap 1', 'this is action plan', 1, 'abc', 'def', 'ghj', 'lki', 'axcz', 0, 0, 0, 10, 0, 0.00, 0.00, 0.00, 0.00, NULL, NULL),
(314, 74, 196, 0, '2018-04-20 02:13:14', '2018-04-20 02:13:14', 155, 'ap 2', 'this is kpi item', 0, 'abc', 'def', 'ghj', 'lki', 'axcz', 0, 0, 0, 10, 0, 0.00, 0.00, 0.00, 0.00, NULL, NULL),
(315, 76, 196, 0, '2018-04-20 02:13:14', '2018-04-20 02:13:14', 155, 'qdaa', 'aaa', 0, 'aa', 'aa', 'aa', 'aa', 'aa', 0, 0, 0, 10, 0, 0.00, 0.00, 0.00, 0.00, NULL, NULL),
(316, 77, 196, 0, '2018-04-20 02:13:14', '2018-04-20 02:13:14', 155, 'aaa', 'aaa', 0, 'aa', 'a', 'a', 'a', 'a', 0, 0, 0, 10, 0, 0.00, 0.00, 0.00, 0.00, NULL, NULL),
(317, 78, 196, 0, '2018-04-20 02:13:14', '2018-04-20 02:13:14', 155, 'appp', 'a', 0, 'a', 'a', 'aa', 'a', 'a', 0, 0, 0, 20, 0, 0.00, 0.00, 0.00, 0.00, NULL, NULL),
(318, 79, 196, 0, '2018-04-20 02:13:14', '2018-04-20 02:13:14', 155, 'aaa', 'aaa', 1, 'a', 'a', 'a', 'a', 'a', 0, 0, 0, 20, 0, 0.00, 0.00, 0.00, 0.00, NULL, NULL),
(319, 85, 196, 0, '2018-04-20 02:13:14', '2018-04-20 02:13:14', 155, 'ap', 'a', 0, 'b', 's', 'c', 'd', 'e', 0, 0, 0, 10, 0, 0.00, 0.00, 0.00, 0.00, 'http://ssap.dev.digiprojects.top/uploads/1523515220-checklist (2).jpeg', NULL),
(320, 168, 196, 0, '2018-04-20 02:13:14', '2018-04-20 02:13:14', 155, 'Achievement of Sales targert', 'Equal (=) achievement', 1, '70%', '80%', '90%', '100%', '110%', 0, 0, 0, 35, 0, 0.00, 0.00, 0.00, 0.00, NULL, NULL),
(321, 169, 196, 0, '2018-04-20 02:13:14', '2018-04-20 02:13:14', 155, 'Achievement of new dealers/ spleeping dealers woke-up', 'Equal (=) achievement', 1, '70%', '80%', '90%', '100%', '110%', 0, 0, 0, 25, 0, 0.00, 0.00, 0.00, 0.00, NULL, NULL),
(322, 170, 196, 0, '2018-04-20 02:13:14', '2018-04-20 02:13:14', 155, 'Expense management vs. budget', 'Equal ( = ) (Result expense / Expense Budget) * 100%', 1, '110%', '105%', '100%', '95%', '90%', 0, 0, 0, 5, 0, 0.00, 0.00, 0.00, 0.00, NULL, NULL),
(323, 171, 196, 0, '2018-04-20 02:13:14', '2018-04-20 02:13:14', 155, 'Company Target Achievement - overal TurnOver', 'Equal (=) (Company turnover result / Company turnover target) * 100%', 1, '70%', '80%', '90%', '100%', '110%', 0, 0, 0, 15, 0, 0.00, 0.00, 0.00, 0.00, NULL, NULL),
(324, 172, 196, 0, '2018-04-20 02:13:14', '2018-04-20 02:13:14', 155, 'Management of Action Plan Execution as team', 'Equal (=) Score.\nSubmit action plan and self-evaluation report for such management (5 ranks)', 0, '1', '2', '3', '4', '5', 0, 0, 0, 15, 0, 0.00, 0.00, 0.00, 0.00, NULL, NULL),
(325, 173, 196, 0, '2018-04-20 02:13:15', '2018-04-20 02:13:15', 155, 'Team Building - Training & Staff development', 'Equal (=) Score', 0, '1', '2', '3', '4', '5', 0, 0, 0, 5, 0, 0.00, 0.00, 0.00, 0.00, NULL, NULL),
(326, 180, 196, 0, '2018-04-20 02:13:15', '2018-04-20 02:13:15', 155, 'Achievement of Sales targert', 'Equal (=) achievement', 1, '70%', '80%', '90%', '100%', '110%', 0, 0, 0, 35, 0, 0.00, 0.00, 0.00, 0.00, NULL, NULL),
(327, 181, 196, 0, '2018-04-20 02:13:15', '2018-04-20 02:13:15', 155, 'Achievement of new dealers/ spleeping dealers woke-up', 'Equal (=) achievement', 1, '70%', '80%', '90%', '100%', '110%', 0, 0, 0, 25, 0, 0.00, 0.00, 0.00, 0.00, NULL, NULL),
(328, 182, 196, 0, '2018-04-20 02:13:15', '2018-04-20 02:13:15', 155, 'Expense management vs. budget', 'Equal ( = ) (Result expense / Expense Budget) * 100%', 1, '110%', '105%', '100%', '95%', '90%', 0, 0, 0, 5, 0, 0.00, 0.00, 0.00, 0.00, NULL, NULL),
(329, 183, 196, 0, '2018-04-20 02:13:15', '2018-04-20 02:13:15', 155, 'Company Target Achievement - overal TurnOver', 'Equal (=) (Company turnover result / Company turnover target) * 100%', 1, '70%', '80%', '90%', '100%', '110%', 0, 0, 0, 15, 0, 0.00, 0.00, 0.00, 0.00, NULL, NULL),
(330, 184, 196, 0, '2018-04-20 02:13:15', '2018-04-20 02:13:15', 155, 'Management of Action Plan Execution as team', 'Equal (=) Score.\nSubmit action plan and self-evaluation report for such management (5 ranks)', 0, '1', '2', '3', '4', '5', 0, 0, 0, 15, 0, 0.00, 0.00, 0.00, 0.00, NULL, NULL),
(331, 185, 196, 0, '2018-04-20 02:13:15', '2018-04-20 02:13:15', 155, 'Team Building - Training & Staff development', 'Equal (=) Score', 0, '1', '2', '3', '4', '5', 0, 0, 0, 5, 0, 0.00, 0.00, 0.00, 0.00, NULL, NULL),
(332, 186, 196, 0, '2018-04-20 02:13:15', '2018-04-20 02:13:15', 155, 'Achievement of Sales targert', 'Equal (=) achievement', 1, '70%', '80%', '90%', '100%', '110%', 0, 0, 0, 35, 0, 0.00, 0.00, 0.00, 0.00, NULL, NULL),
(333, 187, 196, 0, '2018-04-20 02:13:15', '2018-04-20 02:13:15', 155, 'Achievement of new dealers/ spleeping dealers woke-up', 'Equal (=) achievement', 1, '70%', '80%', '90%', '100%', '110%', 0, 0, 0, 25, 0, 0.00, 0.00, 0.00, 0.00, NULL, NULL),
(334, 188, 196, 0, '2018-04-20 02:13:15', '2018-04-20 02:13:15', 155, 'Expense management vs. budget', 'Equal ( = ) (Result expense / Expense Budget) * 100%', 1, '110%', '105%', '100%', '95%', '90%', 0, 0, 0, 5, 0, 0.00, 0.00, 0.00, 0.00, NULL, NULL),
(335, 189, 196, 0, '2018-04-20 02:13:15', '2018-04-20 02:13:15', 155, 'Company Target Achievement - overal TurnOver', 'Equal (=) (Company turnover result / Company turnover target) * 100%', 1, '70%', '80%', '90%', '100%', '110%', 0, 0, 0, 15, 0, 0.00, 0.00, 0.00, 0.00, NULL, NULL),
(336, 190, 196, 0, '2018-04-20 02:13:15', '2018-04-20 02:13:15', 155, 'Management of Action Plan Execution as team', 'Equal (=) Score.\nSubmit action plan and self-evaluation report for such management (5 ranks)', 0, '1', '2', '3', '4', '5', 0, 0, 0, 15, 0, 0.00, 0.00, 0.00, 0.00, NULL, NULL),
(337, 191, 196, 0, '2018-04-20 02:13:15', '2018-04-20 02:13:15', 155, 'Team Building - Training & Staff development', 'Equal (=) Score', 0, '1', '2', '3', '4', '5', 0, 0, 0, 5, 0, 0.00, 0.00, 0.00, 0.00, NULL, NULL),
(338, 192, 196, 0, '2018-04-20 02:13:15', '2018-04-20 02:13:15', 155, 'Achievement of Sales targert', 'Equal (=) achievement', 1, '70%', '80%', '90%', '100%', '110%', 0, 0, 0, 35, 0, 0.00, 0.00, 0.00, 0.00, NULL, NULL),
(339, 193, 196, 0, '2018-04-20 02:13:15', '2018-04-20 02:13:15', 155, 'Achievement of new dealers/ spleeping dealers woke-up', 'Equal (=) achievement', 1, '70%', '80%', '90%', '100%', '110%', 0, 0, 0, 25, 0, 0.00, 0.00, 0.00, 0.00, NULL, NULL),
(340, 194, 196, 0, '2018-04-20 02:13:15', '2018-04-20 02:13:15', 155, 'Expense management vs. budget', 'Equal ( = ) (Result expense / Expense Budget) * 100%', 1, '110%', '105%', '100%', '95%', '90%', 0, 0, 0, 5, 0, 0.00, 0.00, 0.00, 0.00, NULL, NULL),
(341, 195, 196, 0, '2018-04-20 02:13:15', '2018-04-20 02:13:15', 155, 'Company Target Achievement - overal TurnOver', 'Equal (=) (Company turnover result / Company turnover target) * 100%', 1, '70%', '80%', '90%', '100%', '110%', 0, 0, 0, 15, 0, 0.00, 0.00, 0.00, 0.00, NULL, NULL),
(342, 196, 196, 0, '2018-04-20 02:13:15', '2018-04-20 02:13:15', 155, 'Management of Action Plan Execution as team', 'Equal (=) Score.\nSubmit action plan and self-evaluation report for such management (5 ranks)', 0, '1', '2', '3', '4', '5', 0, 0, 0, 15, 0, 0.00, 0.00, 0.00, 0.00, NULL, NULL),
(343, 197, 196, 0, '2018-04-20 02:13:15', '2018-04-20 02:13:15', 155, 'Team Building - Training & Staff development', 'Equal (=) Score', 0, '1', '2', '3', '4', '5', 0, 0, 0, 5, 0, 0.00, 0.00, 0.00, 0.00, NULL, NULL),
(344, 198, 196, 0, '2018-04-20 02:13:15', '2018-04-20 02:13:15', 155, 'Action Plan 1', 'Description 1', 0, 'Target 11', '11', '13', '34', '35', 0, 0, 0, 20, 0, 0.00, 0.00, 0.00, 0.00, NULL, NULL),
(345, 211, 196, 0, '2018-04-20 02:13:15', '2018-04-20 02:13:15', 155, '0', '0', 1, '0', '0', '0', '0', '0', 0, 0, 0, 10, 0, 0.00, 0.00, 0.00, 0.00, NULL, NULL),
(346, 212, 196, 0, '2018-04-20 02:13:15', '2018-04-20 02:13:15', 155, '0', '0', 1, '0', '0', '0', '0', '0', 0, 0, 0, 10, 0, 0.00, 0.00, 0.00, 0.00, NULL, NULL),
(347, 226, 196, 0, '2018-04-20 02:13:15', '2018-04-20 02:13:15', 155, 'đây là action plan nè', 'mô tả', 1, 'mục tiêu 1', 'mục tiêu 2', 'mục tiêu 3', 'mục tiêu 4', 'mục tiêu 5', 0, 0, 0, 10, 0, 0.00, 0.00, 0.00, 0.00, NULL, NULL),
(348, 227, 196, 0, '2018-04-20 02:13:15', '2018-04-20 02:13:15', 155, 'đây là action plan nè', 'mô tả', 1, '50%', 'mục tiêu 2', 'mục tiêu 3', 'mục tiêu 4', 'mục tiêu 5', 0, 0, 0, 10, 0, 0.00, 0.00, 0.00, 0.00, NULL, NULL),
(349, 55, 198, 0, '2018-04-20 02:13:15', '2018-04-20 02:13:15', 157, 'ap 1', 'a', 0, 'a', 'a', 'a', 'a', 'a', 0, 0, 0, 10, 0, 0.00, 0.00, 0.00, 0.00, 'http://ssap.dev.digiprojects.top/uploads/1523359275.xlsx', NULL),
(350, 132, 211, 0, '2018-04-20 02:13:16', '2018-04-20 02:13:16', 154, 'Achievement of Sales targert', 'Equal (=) achievement', 1, '70%', '80%', '90%', '100%', '110%', 0, 0, 0, 35, 0, 0.00, 0.00, 0.00, 0.00, NULL, NULL),
(351, 133, 211, 0, '2018-04-20 02:13:16', '2018-04-20 02:13:16', 154, 'Achievement of new dealers/ spleeping dealers woke-up', 'Equal (=) achievement', 1, '70%', '80%', '90%', '100%', '110%', 0, 0, 0, 25, 0, 0.00, 0.00, 0.00, 0.00, NULL, NULL),
(352, 134, 211, 0, '2018-04-20 02:13:16', '2018-04-20 02:13:16', 154, 'Expense management vs. budget', 'Equal ( = ) (Result expense / Expense Budget) * 100%', 1, '110%', '105%', '100%', '95%', '90%', 0, 0, 0, 5, 0, 0.00, 0.00, 0.00, 0.00, NULL, NULL),
(353, 135, 211, 0, '2018-04-20 02:13:16', '2018-04-20 02:13:16', 154, 'Company Target Achievement - overal TurnOver', 'Equal (=) (Company turnover result / Company turnover target) * 100%', 1, '70%', '80%', '90%', '100%', '110%', 0, 0, 0, 15, 0, 0.00, 0.00, 0.00, 0.00, NULL, NULL),
(354, 136, 211, 0, '2018-04-20 02:13:16', '2018-04-20 02:13:16', 154, 'Management of Action Plan Execution as team', 'Equal (=) Score.\nSubmit action plan and self-evaluation report for such management (5 ranks)', 0, '1', '2', '3', '4', '5', 0, 0, 0, 15, 0, 0.00, 0.00, 0.00, 0.00, NULL, NULL),
(355, 137, 211, 0, '2018-04-20 02:13:16', '2018-04-20 02:13:16', 154, 'Team Building - Training & Staff development', 'Equal (=) Score', 0, '1', '2', '3', '4', '5', 0, 0, 0, 5, 0, 0.00, 0.00, 0.00, 0.00, NULL, NULL),
(356, 174, 211, 0, '2018-04-20 02:13:16', '2018-04-20 02:13:16', 154, 'Achievement of Sales targert', 'Equal (=) achievement', 1, '70%', '80%', '90%', '100%', '110%', 0, 0, 0, 35, 0, 0.00, 0.00, 0.00, 0.00, NULL, NULL),
(357, 175, 211, 0, '2018-04-20 02:13:16', '2018-04-20 02:13:16', 154, 'Achievement of new dealers/ spleeping dealers woke-up', 'Equal (=) achievement', 1, '70%', '80%', '90%', '100%', '110%', 0, 0, 0, 25, 0, 0.00, 0.00, 0.00, 0.00, NULL, NULL),
(358, 176, 211, 0, '2018-04-20 02:13:16', '2018-04-20 02:13:16', 154, 'Expense management vs. budget', 'Equal ( = ) (Result expense / Expense Budget) * 100%', 1, '110%', '105%', '100%', '95%', '90%', 0, 0, 0, 5, 0, 0.00, 0.00, 0.00, 0.00, NULL, NULL),
(359, 177, 211, 0, '2018-04-20 02:13:17', '2018-04-20 02:13:17', 154, 'Company Target Achievement - overal TurnOver', 'Equal (=) (Company turnover result / Company turnover target) * 100%', 1, '70%', '80%', '90%', '100%', '110%', 0, 0, 0, 15, 0, 0.00, 0.00, 0.00, 0.00, NULL, NULL),
(360, 178, 211, 0, '2018-04-20 02:13:17', '2018-04-20 02:13:17', 154, 'Management of Action Plan Execution as team', 'Equal (=) Score.\nSubmit action plan and self-evaluation report for such management (5 ranks)', 0, '1', '2', '3', '4', '5', 0, 0, 0, 15, 0, 0.00, 0.00, 0.00, 0.00, NULL, NULL),
(361, 179, 211, 0, '2018-04-20 02:13:17', '2018-04-20 02:13:17', 154, 'Team Building - Training & Staff development', 'Equal (=) Score', 0, '1', '2', '3', '4', '5', 0, 0, 0, 5, 0, 0.00, 0.00, 0.00, 0.00, NULL, NULL),
(362, 56, 212, 0, '2018-04-20 02:13:17', '2018-04-20 02:13:17', 155, 'a', 'a', 0, 'a', 'a', 'a', 'a', 'a', 0, 0, 0, 40, 0, 0.00, 0.00, 0.00, 0.00, 'http://ssap.dev.digiprojects.top/uploads/1523415818.txt', NULL),
(363, 73, 212, 0, '2018-04-20 02:13:17', '2018-04-20 02:13:17', 155, 'ap 1', 'this is action plan', 1, 'abc', 'def', 'ghj', 'lki', 'axcz', 0, 0, 0, 10, 0, 0.00, 0.00, 0.00, 0.00, NULL, NULL),
(364, 74, 212, 0, '2018-04-20 02:13:17', '2018-04-20 02:13:17', 155, 'ap 2', 'this is kpi item', 0, 'abc', 'def', 'ghj', 'lki', 'axcz', 0, 0, 0, 10, 0, 0.00, 0.00, 0.00, 0.00, NULL, NULL),
(365, 76, 212, 0, '2018-04-20 02:13:17', '2018-04-20 02:13:17', 155, 'qdaa', 'aaa', 0, 'aa', 'aa', 'aa', 'aa', 'aa', 0, 0, 0, 10, 0, 0.00, 0.00, 0.00, 0.00, NULL, NULL),
(366, 77, 212, 0, '2018-04-20 02:13:17', '2018-04-20 02:13:17', 155, 'aaa', 'aaa', 0, 'aa', 'a', 'a', 'a', 'a', 0, 0, 0, 10, 0, 0.00, 0.00, 0.00, 0.00, NULL, NULL),
(367, 78, 212, 0, '2018-04-20 02:13:17', '2018-04-20 02:13:17', 155, 'appp', 'a', 0, 'a', 'a', 'aa', 'a', 'a', 0, 0, 0, 20, 0, 0.00, 0.00, 0.00, 0.00, NULL, NULL),
(368, 79, 212, 0, '2018-04-20 02:13:17', '2018-04-20 02:13:17', 155, 'aaa', 'aaa', 1, 'a', 'a', 'a', 'a', 'a', 0, 0, 0, 20, 0, 0.00, 0.00, 0.00, 0.00, NULL, NULL),
(369, 85, 212, 0, '2018-04-20 02:13:17', '2018-04-20 02:13:17', 155, 'ap', 'a', 0, 'b', 's', 'c', 'd', 'e', 0, 0, 0, 10, 0, 0.00, 0.00, 0.00, 0.00, 'http://ssap.dev.digiprojects.top/uploads/1523515220-checklist (2).jpeg', NULL),
(370, 168, 212, 0, '2018-04-20 02:13:17', '2018-04-20 02:13:17', 155, 'Achievement of Sales targert', 'Equal (=) achievement', 1, '70%', '80%', '90%', '100%', '110%', 0, 0, 0, 35, 0, 0.00, 0.00, 0.00, 0.00, NULL, NULL),
(371, 169, 212, 0, '2018-04-20 02:13:17', '2018-04-20 02:13:17', 155, 'Achievement of new dealers/ spleeping dealers woke-up', 'Equal (=) achievement', 1, '70%', '80%', '90%', '100%', '110%', 0, 0, 0, 25, 0, 0.00, 0.00, 0.00, 0.00, NULL, NULL),
(372, 170, 212, 0, '2018-04-20 02:13:17', '2018-04-20 02:13:17', 155, 'Expense management vs. budget', 'Equal ( = ) (Result expense / Expense Budget) * 100%', 1, '110%', '105%', '100%', '95%', '90%', 0, 0, 0, 5, 0, 0.00, 0.00, 0.00, 0.00, NULL, NULL),
(373, 171, 212, 0, '2018-04-20 02:13:17', '2018-04-20 02:13:17', 155, 'Company Target Achievement - overal TurnOver', 'Equal (=) (Company turnover result / Company turnover target) * 100%', 1, '70%', '80%', '90%', '100%', '110%', 0, 0, 0, 15, 0, 0.00, 0.00, 0.00, 0.00, NULL, NULL),
(374, 172, 212, 0, '2018-04-20 02:13:17', '2018-04-20 02:13:17', 155, 'Management of Action Plan Execution as team', 'Equal (=) Score.\nSubmit action plan and self-evaluation report for such management (5 ranks)', 0, '1', '2', '3', '4', '5', 0, 0, 0, 15, 0, 0.00, 0.00, 0.00, 0.00, NULL, NULL),
(375, 173, 212, 0, '2018-04-20 02:13:17', '2018-04-20 02:13:17', 155, 'Team Building - Training & Staff development', 'Equal (=) Score', 0, '1', '2', '3', '4', '5', 0, 0, 0, 5, 0, 0.00, 0.00, 0.00, 0.00, NULL, NULL),
(376, 180, 212, 0, '2018-04-20 02:13:17', '2018-04-20 02:13:17', 155, 'Achievement of Sales targert', 'Equal (=) achievement', 1, '70%', '80%', '90%', '100%', '110%', 0, 0, 0, 35, 0, 0.00, 0.00, 0.00, 0.00, NULL, NULL),
(377, 181, 212, 0, '2018-04-20 02:13:17', '2018-04-20 02:13:17', 155, 'Achievement of new dealers/ spleeping dealers woke-up', 'Equal (=) achievement', 1, '70%', '80%', '90%', '100%', '110%', 0, 0, 0, 25, 0, 0.00, 0.00, 0.00, 0.00, NULL, NULL),
(378, 182, 212, 0, '2018-04-20 02:13:17', '2018-04-20 02:13:17', 155, 'Expense management vs. budget', 'Equal ( = ) (Result expense / Expense Budget) * 100%', 1, '110%', '105%', '100%', '95%', '90%', 0, 0, 0, 5, 0, 0.00, 0.00, 0.00, 0.00, NULL, NULL),
(379, 183, 212, 0, '2018-04-20 02:13:17', '2018-04-20 02:13:17', 155, 'Company Target Achievement - overal TurnOver', 'Equal (=) (Company turnover result / Company turnover target) * 100%', 1, '70%', '80%', '90%', '100%', '110%', 0, 0, 0, 15, 0, 0.00, 0.00, 0.00, 0.00, NULL, NULL),
(380, 184, 212, 0, '2018-04-20 02:13:17', '2018-04-20 02:13:17', 155, 'Management of Action Plan Execution as team', 'Equal (=) Score.\nSubmit action plan and self-evaluation report for such management (5 ranks)', 0, '1', '2', '3', '4', '5', 0, 0, 0, 15, 0, 0.00, 0.00, 0.00, 0.00, NULL, NULL),
(381, 185, 212, 0, '2018-04-20 02:13:17', '2018-04-20 02:13:17', 155, 'Team Building - Training & Staff development', 'Equal (=) Score', 0, '1', '2', '3', '4', '5', 0, 0, 0, 5, 0, 0.00, 0.00, 0.00, 0.00, NULL, NULL),
(382, 186, 212, 0, '2018-04-20 02:13:17', '2018-04-20 02:13:17', 155, 'Achievement of Sales targert', 'Equal (=) achievement', 1, '70%', '80%', '90%', '100%', '110%', 0, 0, 0, 35, 0, 0.00, 0.00, 0.00, 0.00, NULL, NULL),
(383, 187, 212, 0, '2018-04-20 02:13:17', '2018-04-20 02:13:17', 155, 'Achievement of new dealers/ spleeping dealers woke-up', 'Equal (=) achievement', 1, '70%', '80%', '90%', '100%', '110%', 0, 0, 0, 25, 0, 0.00, 0.00, 0.00, 0.00, NULL, NULL),
(384, 188, 212, 0, '2018-04-20 02:13:17', '2018-04-20 02:13:17', 155, 'Expense management vs. budget', 'Equal ( = ) (Result expense / Expense Budget) * 100%', 1, '110%', '105%', '100%', '95%', '90%', 0, 0, 0, 5, 0, 0.00, 0.00, 0.00, 0.00, NULL, NULL),
(385, 189, 212, 0, '2018-04-20 02:13:17', '2018-04-20 02:13:17', 155, 'Company Target Achievement - overal TurnOver', 'Equal (=) (Company turnover result / Company turnover target) * 100%', 1, '70%', '80%', '90%', '100%', '110%', 0, 0, 0, 15, 0, 0.00, 0.00, 0.00, 0.00, NULL, NULL),
(386, 190, 212, 0, '2018-04-20 02:13:17', '2018-04-20 02:13:17', 155, 'Management of Action Plan Execution as team', 'Equal (=) Score.\nSubmit action plan and self-evaluation report for such management (5 ranks)', 0, '1', '2', '3', '4', '5', 0, 0, 0, 15, 0, 0.00, 0.00, 0.00, 0.00, NULL, NULL),
(387, 191, 212, 0, '2018-04-20 02:13:17', '2018-04-20 02:13:17', 155, 'Team Building - Training & Staff development', 'Equal (=) Score', 0, '1', '2', '3', '4', '5', 0, 0, 0, 5, 0, 0.00, 0.00, 0.00, 0.00, NULL, NULL),
(388, 192, 212, 0, '2018-04-20 02:13:17', '2018-04-20 02:13:17', 155, 'Achievement of Sales targert', 'Equal (=) achievement', 1, '70%', '80%', '90%', '100%', '110%', 0, 0, 0, 35, 0, 0.00, 0.00, 0.00, 0.00, NULL, NULL),
(389, 193, 212, 0, '2018-04-20 02:13:17', '2018-04-20 02:13:17', 155, 'Achievement of new dealers/ spleeping dealers woke-up', 'Equal (=) achievement', 1, '70%', '80%', '90%', '100%', '110%', 0, 0, 0, 25, 0, 0.00, 0.00, 0.00, 0.00, NULL, NULL),
(390, 194, 212, 0, '2018-04-20 02:13:17', '2018-04-20 02:13:17', 155, 'Expense management vs. budget', 'Equal ( = ) (Result expense / Expense Budget) * 100%', 1, '110%', '105%', '100%', '95%', '90%', 0, 0, 0, 5, 0, 0.00, 0.00, 0.00, 0.00, NULL, NULL),
(391, 195, 212, 0, '2018-04-20 02:13:17', '2018-04-20 02:13:17', 155, 'Company Target Achievement - overal TurnOver', 'Equal (=) (Company turnover result / Company turnover target) * 100%', 1, '70%', '80%', '90%', '100%', '110%', 0, 0, 0, 15, 0, 0.00, 0.00, 0.00, 0.00, NULL, NULL),
(392, 196, 212, 0, '2018-04-20 02:13:18', '2018-04-20 02:13:18', 155, 'Management of Action Plan Execution as team', 'Equal (=) Score.\nSubmit action plan and self-evaluation report for such management (5 ranks)', 0, '1', '2', '3', '4', '5', 0, 0, 0, 15, 0, 0.00, 0.00, 0.00, 0.00, NULL, NULL),
(393, 197, 212, 0, '2018-04-20 02:13:18', '2018-04-20 02:13:18', 155, 'Team Building - Training & Staff development', 'Equal (=) Score', 0, '1', '2', '3', '4', '5', 0, 0, 0, 5, 0, 0.00, 0.00, 0.00, 0.00, NULL, NULL),
(394, 198, 212, 0, '2018-04-20 02:13:18', '2018-04-20 02:13:18', 155, 'Action Plan 1', 'Description 1', 0, 'Target 11', '11', '13', '34', '35', 0, 0, 0, 20, 0, 0.00, 0.00, 0.00, 0.00, NULL, NULL),
(395, 211, 212, 0, '2018-04-20 02:13:18', '2018-04-20 02:13:18', 155, '0', '0', 1, '0', '0', '0', '0', '0', 0, 0, 0, 10, 0, 0.00, 0.00, 0.00, 0.00, NULL, NULL),
(396, 212, 212, 0, '2018-04-20 02:13:18', '2018-04-20 02:13:18', 155, '0', '0', 1, '0', '0', '0', '0', '0', 0, 0, 0, 10, 0, 0.00, 0.00, 0.00, 0.00, NULL, NULL),
(397, 226, 212, 0, '2018-04-20 02:13:18', '2018-04-20 02:13:18', 155, 'đây là action plan nè', 'mô tả', 1, 'mục tiêu 1', 'mục tiêu 2', 'mục tiêu 3', 'mục tiêu 4', 'mục tiêu 5', 0, 0, 0, 10, 0, 0.00, 0.00, 0.00, 0.00, NULL, NULL),
(398, 227, 212, 0, '2018-04-20 02:13:18', '2018-04-20 02:13:18', 155, 'đây là action plan nè', 'mô tả', 1, '50%', 'mục tiêu 2', 'mục tiêu 3', 'mục tiêu 4', 'mục tiêu 5', 0, 0, 0, 10, 0, 0.00, 0.00, 0.00, 0.00, NULL, NULL),
(399, 55, 214, 0, '2018-04-20 02:13:18', '2018-04-20 02:13:18', 157, 'ap 1', 'a', 0, 'a', 'a', 'a', 'a', 'a', 0, 0, 0, 10, 0, 0.00, 0.00, 0.00, 0.00, 'http://ssap.dev.digiprojects.top/uploads/1523359275.xlsx', NULL);

-- --------------------------------------------------------

--
-- Table structure for table `api_save_result_kpi_sub_kpi`
--

CREATE TABLE `api_save_result_kpi_sub_kpi` (
  `id` int(10) UNSIGNED NOT NULL,
  `sub_kpi_id` int(11) NOT NULL,
  `final_result` int(11) DEFAULT NULL,
  `created_at` timestamp NULL DEFAULT NULL,
  `updated_at` timestamp NULL DEFAULT NULL,
  `name` varchar(191) COLLATE utf8mb4_unicode_ci DEFAULT NULL,
  `kpi_id` int(11) DEFAULT NULL,
  `date_end` varchar(191) COLLATE utf8mb4_unicode_ci DEFAULT NULL,
  `date_start` varchar(191) COLLATE utf8mb4_unicode_ci DEFAULT NULL,
  `progress_status` int(11) DEFAULT NULL,
  `evaluate_date` varchar(191) COLLATE utf8mb4_unicode_ci DEFAULT NULL,
  `responsibility_id` int(11) DEFAULT NULL,
  `approver_id` int(11) DEFAULT NULL,
  `assigner_id` int(11) DEFAULT NULL,
  `evaluator_id_1` int(11) DEFAULT NULL,
  `evaluator_id_2` int(11) DEFAULT NULL,
  `evaluator_id_3` int(11) DEFAULT NULL,
  `dead_line` varchar(191) COLLATE utf8mb4_unicode_ci DEFAULT NULL,
  `main` int(11) DEFAULT NULL,
  `status` int(11) DEFAULT NULL,
  `final_scored` double(8,2) DEFAULT NULL,
  `link_file` varchar(191) COLLATE utf8mb4_unicode_ci DEFAULT NULL
) ENGINE=InnoDB DEFAULT CHARSET=utf8mb4 COLLATE=utf8mb4_unicode_ci;

--
-- Dumping data for table `api_save_result_kpi_sub_kpi`
--

INSERT INTO `api_save_result_kpi_sub_kpi` (`id`, `sub_kpi_id`, `final_result`, `created_at`, `updated_at`, `name`, `kpi_id`, `date_end`, `date_start`, `progress_status`, `evaluate_date`, `responsibility_id`, `approver_id`, `assigner_id`, `evaluator_id_1`, `evaluator_id_2`, `evaluator_id_3`, `dead_line`, `main`, `status`, `final_scored`, `link_file`) VALUES
(71, 169, 0, '2018-04-11 06:29:50', '2018-04-11 06:29:50', 'test relation', 120, '2018-04-11', '2018-04-11', 0, '2018-04-11', 3, 3, 2, 2, NULL, NULL, '2018-04-11', 1, 0, 0.00, NULL),
(72, 170, 0, '2018-04-11 06:29:50', '2018-04-11 06:29:50', 'test relation', 120, '2018-04-11', '2018-04-11', 0, '2018-04-11', 11, 56, 56, 56, 3, 2, '2018-04-11', 0, 0, 0.00, NULL),
(73, 154, 0, '2018-04-11 06:30:30', '2018-04-11 06:30:30', 'KPI FY 2017 Sale HCM', 119, '2018-10-04', '2018-10-04', 0, '2018-10-04', 2, 2, 2, 2, NULL, NULL, '2018-10-04', 1, 0, 0.00, NULL),
(74, 155, 0, '2018-04-11 06:30:30', '2018-04-11 06:30:30', 'KPI FY 2017 Sale HCM', 119, '2018-10-04', '2018-10-04', 0, '2018-10-04', 2, 2, 2, 2, 2, NULL, '2018-10-04', 0, 0, 4.00, 'http://ssap.dev.digiprojects.top/uploads/1523415818.txt'),
(75, 156, 0, '2018-04-11 06:30:31', '2018-04-11 06:30:31', 'KPI FY 2017 Sale HCM', 119, '2018-10-04', '2018-10-04', 0, '2018-10-04', 60, 2, 2, 2, 2, NULL, '2018-10-04', 0, 0, 0.00, NULL),
(76, 157, 0, '2018-04-11 06:30:31', '2018-04-11 06:30:31', 'KPI FY 2017 Sale HCM', 119, '2018-10-04', '2018-10-04', 0, '2018-10-04', 56, 2, 2, 2, 2, NULL, '2018-10-04', 0, 0, 0.00, NULL),
(77, 158, 0, '2018-04-11 06:30:31', '2018-04-11 06:30:31', 'KPI FY 2017 Sale HCM', 119, '2018-10-04', '2018-10-04', 0, '2018-10-04', 49, 2, 2, 2, 2, NULL, '2018-10-04', 0, 0, 0.00, NULL),
(78, 159, 0, '2018-04-11 06:30:31', '2018-04-11 06:30:31', 'KPI FY 2017 Sale HCM', 119, '2018-10-04', '2018-10-04', 0, '2018-10-04', 52, 2, 2, 2, 2, NULL, '2018-10-04', 0, 0, 0.00, NULL),
(79, 160, 0, '2018-04-11 06:30:31', '2018-04-11 06:30:31', 'KPI FY 2017 Sale HCM', 119, '2018-10-04', '2018-10-04', 0, '2018-10-04', 53, 2, 2, 2, 2, NULL, '2018-10-04', 0, 0, 0.00, NULL),
(80, 161, 0, '2018-04-11 06:30:31', '2018-04-11 06:30:31', 'KPI FY 2017 Sale HCM', 119, '2018-10-04', '2018-10-04', 0, '2018-10-04', 67, 2, 2, 2, 2, NULL, '2018-10-04', 0, 0, 0.00, NULL),
(81, 162, 0, '2018-04-11 06:30:31', '2018-04-11 06:30:31', 'KPI FY 2017 Sale HCM', 119, '2018-10-04', '2018-10-04', 0, '2018-10-04', 68, 2, 2, 2, 2, NULL, '2018-10-04', 0, 0, 0.00, NULL),
(82, 163, 0, '2018-04-11 06:30:31', '2018-04-11 06:30:31', 'KPI FY 2017 Sale HCM', 119, '2018-10-04', '2018-10-04', 0, '2018-10-04', 69, 2, 2, 2, 2, NULL, '2018-10-04', 0, 0, 0.00, NULL),
(83, 164, 0, '2018-04-11 06:30:31', '2018-04-11 06:30:31', 'KPI FY 2017 Sale HCM', 119, '2018-10-04', '2018-10-04', 0, '2018-10-04', 71, 2, 2, 2, 2, NULL, '2018-10-04', 0, 0, 0.00, NULL),
(84, 165, 0, '2018-04-11 06:30:31', '2018-04-11 06:30:31', 'KPI FY 2017 Sale HCM', 119, '2018-10-04', '2018-10-04', 0, '2018-10-04', 70, 2, 2, 2, 2, NULL, '2018-10-04', 0, 0, 0.00, NULL),
(85, 166, 0, '2018-04-11 06:30:31', '2018-04-11 06:30:31', 'KPI FY 2017 Sale HCM', 119, '2018-10-04', '2018-10-04', 0, '2018-10-04', 72, 2, 2, 2, 2, NULL, '2018-10-04', 0, 0, 0.00, NULL),
(86, 167, 0, '2018-04-11 06:30:31', '2018-04-11 06:30:31', 'KPI FY 2017 Sale HCM', 119, '2018-10-04', '2018-10-04', 0, '2018-10-04', 73, 2, 2, 2, 2, NULL, '2018-10-04', 0, 0, 0.00, NULL),
(87, 168, 0, '2018-04-11 06:30:31', '2018-04-11 06:30:31', 'KPI FY 2017 Sale HCM', 119, '2018-10-04', '2018-10-04', 0, '2018-10-04', 74, 2, 2, 2, 2, NULL, '2018-10-04', 0, 0, 0.00, NULL),
(88, 171, 0, '2018-04-11 10:52:29', '2018-04-11 10:52:29', 'KPI ++++++', 121, '2018-04-30', '2018-04-11', 0, '2018-04-29', 11, 2, 2, 2, NULL, NULL, NULL, 1, 0, NULL, NULL),
(89, 172, 0, '2018-04-11 10:52:29', '2018-04-11 10:52:29', 'KPI ++++++', 121, '2018-04-30', '2018-04-11', 0, '2018-04-29', 3, 11, 11, 11, 2, NULL, NULL, 0, 0, NULL, NULL),
(90, 173, 0, '2018-04-11 10:52:29', '2018-04-11 10:52:29', 'KPI ++++++', 121, '2018-04-30', '2018-04-11', 0, '2018-04-29', 75, 3, 3, 3, 11, 2, NULL, 0, 0, 0.00, NULL),
(91, 174, 0, '2018-04-12 07:09:21', '2018-04-12 07:09:21', 'KPI ***********', 122, '2018-04-12', '2018-04-12', 0, '2018-04-12', 11, 2, 2, 2, NULL, NULL, NULL, 1, 0, NULL, NULL),
(92, 175, 0, '2018-04-12 07:09:21', '2018-04-12 07:09:21', 'KPI ***********', 122, '2018-04-12', '2018-04-12', 0, '2018-04-12', 3, 11, 11, 11, 2, NULL, NULL, 0, 0, NULL, NULL),
(93, 176, NULL, '2018-04-12 07:09:21', '2018-04-12 07:09:21', 'KPI ***********', 122, '2018-04-12', '2018-04-12', 0, '2018-04-12', 75, 3, 3, 3, 11, 2, NULL, 0, 0, 1.67, NULL),
(94, 177, 0, '2018-04-12 07:09:21', '2018-04-12 07:09:21', 'KPI ***********', 122, '2018-04-12', '2018-04-12', 0, '2018-04-12', 48, 71, 11, 3, 12, 52, NULL, 0, 0, NULL, NULL),
(110, 169, 0, '2018-04-12 10:08:58', '2018-04-12 10:08:58', 'test relation', 120, '2018-11-04', '2018-11-04', 0, '2018-11-04', 3, 3, 2, 2, NULL, NULL, '2018-11-04', 1, 0, 0.00, 'http://localhost:8000/uploads/kpi_uploads/1523499997-286928.PNG'),
(111, 170, 0, '2018-04-12 10:08:59', '2018-04-12 10:08:59', 'test relation', 120, '2018-11-04', '2018-11-04', 0, '2018-11-04', 11, 56, 56, 11, 3, 2, '2018-11-04', 0, 0, 0.00, NULL),
(112, 194, 0, '2018-04-17 03:03:13', '2018-04-17 03:03:13', 'KPI ()()()()()()()()()()()()()()', 124, '2018-04-17', '2018-04-17', 0, '2018-04-17', 3, 2, 2, 2, NULL, NULL, NULL, 1, 0, NULL, NULL),
(113, 195, 0, '2018-04-17 03:03:13', '2018-04-17 03:03:13', 'KPI ()()()()()()()()()()()()()()', 124, '2018-04-17', '2018-04-17', 0, '2018-04-17', 11, 3, 3, 3, 2, NULL, NULL, 0, 0, NULL, NULL),
(114, 196, NULL, '2018-04-17 03:03:13', '2018-04-17 03:03:13', 'KPI ()()()()()()()()()()()()()()', 124, '2018-04-17', '2018-04-17', 0, '2018-04-17', 75, 11, 11, 11, 3, 2, NULL, 0, 0, 4.10, 'http://ssap.dev.digiprojects.top/uploads/kpi_uploads/1523932193-task.txt'),
(115, 169, 0, '2018-04-18 09:09:12', '2018-04-18 09:09:12', 'test relation', 120, '2018-04-11', '2018-04-11', 0, '2018-04-11', 3, 3, 2, 2, NULL, NULL, '2018-04-11', 1, 0, 0.00, 'http://localhost:8000/uploads/kpi_uploads/1523499997-286928.PNG'),
(116, 170, 0, '2018-04-18 09:09:12', '2018-04-18 09:09:12', 'test relation', 120, '2018-04-11', '2018-04-11', 0, '2018-04-11', 11, 56, 56, 11, 3, 2, '2018-04-11', 0, 0, 0.00, NULL),
(117, 194, 0, '2018-04-18 09:11:33', '2018-04-18 09:11:33', 'KPI ()()()()()()()()()()()()()()', 124, '2017-04-30', '2017-04-22', 0, '2017-04-28', 3, 2, 2, 2, NULL, NULL, '2017-04-30', 1, 0, 0.00, 'http://satelite.ssap.local/uploads/kpi_uploads/1524022295-import_kpi_item - sample.csv'),
(118, 195, 0, '2018-04-18 09:11:33', '2018-04-18 09:11:33', 'KPI ()()()()()()()()()()()()()()', 124, '2017-04-30', '2017-04-22', 0, '2017-04-28', 11, 3, 3, 3, 2, NULL, '2017-04-30', 0, 0, 0.00, 'http://satelite.ssap.local/uploads/kpi_uploads/1524022608-import_kpi_item - sample.csv'),
(119, 196, NULL, '2018-04-18 09:11:33', '2018-04-18 09:11:33', 'KPI ()()()()()()()()()()()()()()', 124, '2017-04-30', '2017-04-22', 0, '2017-04-28', 75, 11, 11, 11, 3, 2, '2017-04-30', 0, 0, 3.00, 'http://ssap.dev.digiprojects.top/uploads/kpi_uploads/1523932193-task.txt'),
(120, 154, 0, '2018-04-18 09:12:53', '2018-04-18 09:12:53', 'KPI FY 2017 Sale HCM', 119, '2018-10-04', '2018-10-04', 0, '2018-10-04', 2, 2, 2, 2, NULL, NULL, '2018-10-04', 1, 0, 0.00, 'http://satelite.ssap.local/uploads/kpi_uploads/1523450585-New Text Document.txt'),
(121, 155, 0, '2018-04-18 09:12:54', '2018-04-18 09:12:54', 'KPI FY 2017 Sale HCM', 119, '2018-10-04', '2018-10-04', 0, '2018-10-04', 2, 2, 2, 2, 2, NULL, '2018-10-04', 0, 0, 0.00, 'http://satelite.ssap.local/uploads/kpi_uploads/1523517321-New Text Document.txt'),
(122, 156, 0, '2018-04-18 09:12:55', '2018-04-18 09:12:55', 'KPI FY 2017 Sale HCM', 119, '2018-10-04', '2018-10-04', 0, '2018-10-04', 60, 2, 2, 2, 2, NULL, '2018-10-04', 0, 0, 0.00, NULL),
(123, 157, 0, '2018-04-18 09:12:55', '2018-04-18 09:12:55', 'KPI FY 2017 Sale HCM', 119, '2018-10-04', '2018-10-04', 0, '2018-10-04', 56, 2, 2, 2, 2, NULL, '2018-10-04', 0, 0, 0.00, NULL),
(124, 158, 0, '2018-04-18 09:12:55', '2018-04-18 09:12:55', 'KPI FY 2017 Sale HCM', 119, '2018-10-04', '2018-10-04', 0, '2018-10-04', 49, 2, 2, 2, 2, NULL, '2018-10-04', 0, 0, 0.00, NULL),
(125, 159, 0, '2018-04-18 09:12:55', '2018-04-18 09:12:55', 'KPI FY 2017 Sale HCM', 119, '2018-10-04', '2018-10-04', 0, '2018-10-04', 52, 2, 2, 2, 2, NULL, '2018-10-04', 0, 0, 0.00, NULL),
(126, 160, 0, '2018-04-18 09:12:56', '2018-04-18 09:12:56', 'KPI FY 2017 Sale HCM', 119, '2018-10-04', '2018-10-04', 0, '2018-10-04', 53, 2, 2, 2, 2, NULL, '2018-10-04', 0, 0, 0.00, NULL),
(127, 161, 0, '2018-04-18 09:12:56', '2018-04-18 09:12:56', 'KPI FY 2017 Sale HCM', 119, '2018-10-04', '2018-10-04', 0, '2018-10-04', 67, 2, 2, 2, 2, NULL, '2018-10-04', 0, 0, 0.00, NULL),
(128, 162, 0, '2018-04-18 09:12:56', '2018-04-18 09:12:56', 'KPI FY 2017 Sale HCM', 119, '2018-10-04', '2018-10-04', 0, '2018-10-04', 68, 2, 2, 2, 2, NULL, '2018-10-04', 0, 0, 0.00, NULL),
(129, 163, 0, '2018-04-18 09:12:56', '2018-04-18 09:12:56', 'KPI FY 2017 Sale HCM', 119, '2018-10-04', '2018-10-04', 0, '2018-10-04', 69, 2, 2, 2, 2, NULL, '2018-10-04', 0, 0, 0.00, NULL),
(130, 164, 0, '2018-04-18 09:12:56', '2018-04-18 09:12:56', 'KPI FY 2017 Sale HCM', 119, '2018-10-04', '2018-10-04', 0, '2018-10-04', 71, 2, 2, 2, 2, NULL, '2018-10-04', 0, 0, 0.00, NULL),
(131, 165, 0, '2018-04-18 09:12:56', '2018-04-18 09:12:56', 'KPI FY 2017 Sale HCM', 119, '2018-10-04', '2018-10-04', 0, '2018-10-04', 70, 2, 2, 2, 2, NULL, '2018-10-04', 0, 0, 0.00, NULL),
(132, 166, 0, '2018-04-18 09:12:56', '2018-04-18 09:12:56', 'KPI FY 2017 Sale HCM', 119, '2018-10-04', '2018-10-04', 0, '2018-10-04', 72, 2, 2, 2, 2, NULL, '2018-10-04', 0, 0, 0.00, NULL),
(133, 167, 0, '2018-04-18 09:12:56', '2018-04-18 09:12:56', 'KPI FY 2017 Sale HCM', 119, '2018-10-04', '2018-10-04', 0, '2018-10-04', 73, 2, 2, 2, 2, NULL, '2018-10-04', 0, 0, 0.00, NULL),
(134, 168, 0, '2018-04-18 09:12:56', '2018-04-18 09:12:56', 'KPI FY 2017 Sale HCM', 119, '2018-10-04', '2018-10-04', 0, '2018-10-04', 74, 2, 2, 2, 2, NULL, '2018-10-04', 0, 0, 0.00, 'http://localhost:8000/uploads/kpi_uploads/1523499997-286928.PNG'),
(135, 154, 0, '2018-04-18 09:13:02', '2018-04-18 09:13:02', 'KPI FY 2017 Sale HCM', 119, '2004-10-20', '2004-10-20', 0, '2004-10-20', 2, 2, 2, 2, NULL, NULL, '2004-10-20', 1, 0, 0.00, 'http://satelite.ssap.local/uploads/kpi_uploads/1523450585-New Text Document.txt'),
(136, 155, 0, '2018-04-18 09:13:02', '2018-04-18 09:13:02', 'KPI FY 2017 Sale HCM', 119, '2004-10-20', '2004-10-20', 0, '2004-10-20', 2, 2, 2, 2, 2, NULL, '2004-10-20', 0, 0, 0.00, 'http://satelite.ssap.local/uploads/kpi_uploads/1523517321-New Text Document.txt'),
(137, 156, 0, '2018-04-18 09:13:05', '2018-04-18 09:13:05', 'KPI FY 2017 Sale HCM', 119, '2004-10-20', '2004-10-20', 0, '2004-10-20', 60, 2, 2, 2, 2, NULL, '2004-10-20', 0, 0, 0.00, NULL),
(138, 157, 0, '2018-04-18 09:13:05', '2018-04-18 09:13:05', 'KPI FY 2017 Sale HCM', 119, '2004-10-20', '2004-10-20', 0, '2004-10-20', 56, 2, 2, 2, 2, NULL, '2004-10-20', 0, 0, 0.00, NULL),
(139, 158, 0, '2018-04-18 09:13:05', '2018-04-18 09:13:05', 'KPI FY 2017 Sale HCM', 119, '2004-10-20', '2004-10-20', 0, '2004-10-20', 49, 2, 2, 2, 2, NULL, '2004-10-20', 0, 0, 0.00, NULL),
(140, 159, 0, '2018-04-18 09:13:05', '2018-04-18 09:13:05', 'KPI FY 2017 Sale HCM', 119, '2004-10-20', '2004-10-20', 0, '2004-10-20', 52, 2, 2, 2, 2, NULL, '2004-10-20', 0, 0, 0.00, NULL),
(141, 160, 0, '2018-04-18 09:13:05', '2018-04-18 09:13:05', 'KPI FY 2017 Sale HCM', 119, '2004-10-20', '2004-10-20', 0, '2004-10-20', 53, 2, 2, 2, 2, NULL, '2004-10-20', 0, 0, 0.00, NULL),
(142, 161, 0, '2018-04-18 09:13:05', '2018-04-18 09:13:05', 'KPI FY 2017 Sale HCM', 119, '2004-10-20', '2004-10-20', 0, '2004-10-20', 67, 2, 2, 2, 2, NULL, '2004-10-20', 0, 0, 0.00, NULL),
(143, 162, 0, '2018-04-18 09:13:06', '2018-04-18 09:13:06', 'KPI FY 2017 Sale HCM', 119, '2004-10-20', '2004-10-20', 0, '2004-10-20', 68, 2, 2, 2, 2, NULL, '2004-10-20', 0, 0, 0.00, NULL),
(144, 163, 0, '2018-04-18 09:13:06', '2018-04-18 09:13:06', 'KPI FY 2017 Sale HCM', 119, '2004-10-20', '2004-10-20', 0, '2004-10-20', 69, 2, 2, 2, 2, NULL, '2004-10-20', 0, 0, 0.00, NULL),
(145, 164, 0, '2018-04-18 09:13:06', '2018-04-18 09:13:06', 'KPI FY 2017 Sale HCM', 119, '2004-10-20', '2004-10-20', 0, '2004-10-20', 71, 2, 2, 2, 2, NULL, '2004-10-20', 0, 0, 0.00, NULL),
(146, 165, 0, '2018-04-18 09:13:06', '2018-04-18 09:13:06', 'KPI FY 2017 Sale HCM', 119, '2004-10-20', '2004-10-20', 0, '2004-10-20', 70, 2, 2, 2, 2, NULL, '2004-10-20', 0, 0, 0.00, NULL),
(147, 166, 0, '2018-04-18 09:13:06', '2018-04-18 09:13:06', 'KPI FY 2017 Sale HCM', 119, '2004-10-20', '2004-10-20', 0, '2004-10-20', 72, 2, 2, 2, 2, NULL, '2004-10-20', 0, 0, 0.00, NULL),
(148, 167, 0, '2018-04-18 09:13:06', '2018-04-18 09:13:06', 'KPI FY 2017 Sale HCM', 119, '2004-10-20', '2004-10-20', 0, '2004-10-20', 73, 2, 2, 2, 2, NULL, '2004-10-20', 0, 0, 0.00, NULL),
(149, 168, 0, '2018-04-18 09:13:06', '2018-04-18 09:13:06', 'KPI FY 2017 Sale HCM', 119, '2004-10-20', '2004-10-20', 0, '2004-10-20', 74, 2, 2, 2, 2, NULL, '2004-10-20', 0, 0, 0.00, 'http://localhost:8000/uploads/kpi_uploads/1523499997-286928.PNG'),
(150, 154, 0, '2018-04-18 09:14:58', '2018-04-18 09:14:58', 'KPI FY 2017 Sale HCM', 119, '2004-10-20', '2004-10-20', 0, '2004-10-20', 2, 2, 2, 2, NULL, NULL, '2004-10-20', 1, 0, 0.00, 'http://satelite.ssap.local/uploads/kpi_uploads/1523450585-New Text Document.txt'),
(151, 155, 0, '2018-04-18 09:14:59', '2018-04-18 09:14:59', 'KPI FY 2017 Sale HCM', 119, '2004-10-20', '2004-10-20', 0, '2004-10-20', 2, 2, 2, 2, 2, NULL, '2004-10-20', 0, 0, 0.00, 'http://satelite.ssap.local/uploads/kpi_uploads/1523517321-New Text Document.txt'),
(152, 156, 0, '2018-04-18 09:15:02', '2018-04-18 09:15:02', 'KPI FY 2017 Sale HCM', 119, '2004-10-20', '2004-10-20', 0, '2004-10-20', 60, 2, 2, 2, 2, NULL, '2004-10-20', 0, 0, 0.00, NULL),
(153, 157, 0, '2018-04-18 09:15:02', '2018-04-18 09:15:02', 'KPI FY 2017 Sale HCM', 119, '2004-10-20', '2004-10-20', 0, '2004-10-20', 56, 2, 2, 2, 2, NULL, '2004-10-20', 0, 0, 0.00, NULL),
(154, 158, 0, '2018-04-18 09:15:02', '2018-04-18 09:15:02', 'KPI FY 2017 Sale HCM', 119, '2004-10-20', '2004-10-20', 0, '2004-10-20', 49, 2, 2, 2, 2, NULL, '2004-10-20', 0, 0, 0.00, NULL),
(155, 159, 0, '2018-04-18 09:15:02', '2018-04-18 09:15:02', 'KPI FY 2017 Sale HCM', 119, '2004-10-20', '2004-10-20', 0, '2004-10-20', 52, 2, 2, 2, 2, NULL, '2004-10-20', 0, 0, 0.00, NULL),
(156, 160, 0, '2018-04-18 09:15:02', '2018-04-18 09:15:02', 'KPI FY 2017 Sale HCM', 119, '2004-10-20', '2004-10-20', 0, '2004-10-20', 53, 2, 2, 2, 2, NULL, '2004-10-20', 0, 0, 0.00, NULL),
(157, 161, 0, '2018-04-18 09:15:02', '2018-04-18 09:15:02', 'KPI FY 2017 Sale HCM', 119, '2004-10-20', '2004-10-20', 0, '2004-10-20', 67, 2, 2, 2, 2, NULL, '2004-10-20', 0, 0, 0.00, NULL),
(158, 162, 0, '2018-04-18 09:15:02', '2018-04-18 09:15:02', 'KPI FY 2017 Sale HCM', 119, '2004-10-20', '2004-10-20', 0, '2004-10-20', 68, 2, 2, 2, 2, NULL, '2004-10-20', 0, 0, 0.00, NULL),
(159, 163, 0, '2018-04-18 09:15:02', '2018-04-18 09:15:02', 'KPI FY 2017 Sale HCM', 119, '2004-10-20', '2004-10-20', 0, '2004-10-20', 69, 2, 2, 2, 2, NULL, '2004-10-20', 0, 0, 0.00, NULL),
(160, 164, 0, '2018-04-18 09:15:02', '2018-04-18 09:15:02', 'KPI FY 2017 Sale HCM', 119, '2004-10-20', '2004-10-20', 0, '2004-10-20', 71, 2, 2, 2, 2, NULL, '2004-10-20', 0, 0, 0.00, NULL),
(161, 165, 0, '2018-04-18 09:15:02', '2018-04-18 09:15:02', 'KPI FY 2017 Sale HCM', 119, '2004-10-20', '2004-10-20', 0, '2004-10-20', 70, 2, 2, 2, 2, NULL, '2004-10-20', 0, 0, 0.00, NULL),
(162, 166, 0, '2018-04-18 09:15:02', '2018-04-18 09:15:02', 'KPI FY 2017 Sale HCM', 119, '2004-10-20', '2004-10-20', 0, '2004-10-20', 72, 2, 2, 2, 2, NULL, '2004-10-20', 0, 0, 0.00, NULL),
(163, 167, 0, '2018-04-18 09:15:03', '2018-04-18 09:15:03', 'KPI FY 2017 Sale HCM', 119, '2004-10-20', '2004-10-20', 0, '2004-10-20', 73, 2, 2, 2, 2, NULL, '2004-10-20', 0, 0, 0.00, NULL),
(164, 168, 0, '2018-04-18 09:15:04', '2018-04-18 09:15:04', 'KPI FY 2017 Sale HCM', 119, '2004-10-20', '2004-10-20', 0, '2004-10-20', 74, 2, 2, 2, 2, NULL, '2004-10-20', 0, 0, 0.00, 'http://localhost:8000/uploads/kpi_uploads/1523499997-286928.PNG'),
(165, 154, 0, '2018-04-20 02:02:29', '2018-04-20 02:02:29', 'KPI FY 2017 Sale HCM', 119, '2020-10-20', '2020-10-20', 0, '2020-10-20', 2, 2, 2, 2, NULL, NULL, '2020-10-20', 1, 0, 0.00, 'http://satelite.ssap.local/uploads/kpi_uploads/1523450585-New Text Document.txt'),
(166, 155, 0, '2018-04-20 02:02:29', '2018-04-20 02:02:29', 'KPI FY 2017 Sale HCM', 119, '2020-10-20', '2020-10-20', 0, '2020-10-20', 2, 2, 2, 2, 2, NULL, '2020-10-20', 0, 0, 0.00, 'http://satelite.ssap.local/uploads/kpi_uploads/1523517321-New Text Document.txt'),
(167, 156, 0, '2018-04-20 02:02:31', '2018-04-20 02:02:31', 'KPI FY 2017 Sale HCM', 119, '2020-10-20', '2020-10-20', 0, '2020-10-20', 60, 2, 2, 2, 2, NULL, '2020-10-20', 0, 0, 0.00, NULL),
(168, 157, 0, '2018-04-20 02:02:31', '2018-04-20 02:02:31', 'KPI FY 2017 Sale HCM', 119, '2020-10-20', '2020-10-20', 0, '2020-10-20', 56, 2, 2, 2, 2, NULL, '2020-10-20', 0, 0, 0.00, NULL),
(169, 158, 0, '2018-04-20 02:02:31', '2018-04-20 02:02:31', 'KPI FY 2017 Sale HCM', 119, '2020-10-20', '2020-10-20', 0, '2020-10-20', 49, 2, 2, 2, 2, NULL, '2020-10-20', 0, 0, 0.00, NULL),
(170, 159, 0, '2018-04-20 02:02:31', '2018-04-20 02:02:31', 'KPI FY 2017 Sale HCM', 119, '2020-10-20', '2020-10-20', 0, '2020-10-20', 52, 2, 2, 2, 2, NULL, '2020-10-20', 0, 0, 0.00, NULL),
(171, 160, 0, '2018-04-20 02:02:31', '2018-04-20 02:02:31', 'KPI FY 2017 Sale HCM', 119, '2020-10-20', '2020-10-20', 0, '2020-10-20', 53, 2, 2, 2, 2, NULL, '2020-10-20', 0, 0, 0.00, NULL),
(172, 161, 0, '2018-04-20 02:02:31', '2018-04-20 02:02:31', 'KPI FY 2017 Sale HCM', 119, '2020-10-20', '2020-10-20', 0, '2020-10-20', 67, 2, 2, 2, 2, NULL, '2020-10-20', 0, 0, 0.00, NULL),
(173, 162, 0, '2018-04-20 02:02:31', '2018-04-20 02:02:31', 'KPI FY 2017 Sale HCM', 119, '2020-10-20', '2020-10-20', 0, '2020-10-20', 68, 2, 2, 2, 2, NULL, '2020-10-20', 0, 0, 0.00, NULL),
(174, 163, 0, '2018-04-20 02:02:31', '2018-04-20 02:02:31', 'KPI FY 2017 Sale HCM', 119, '2020-10-20', '2020-10-20', 0, '2020-10-20', 69, 2, 2, 2, 2, NULL, '2020-10-20', 0, 0, 0.00, NULL),
(175, 164, 0, '2018-04-20 02:02:31', '2018-04-20 02:02:31', 'KPI FY 2017 Sale HCM', 119, '2020-10-20', '2020-10-20', 0, '2020-10-20', 71, 2, 2, 2, 2, NULL, '2020-10-20', 0, 0, 0.00, NULL),
(176, 165, 0, '2018-04-20 02:02:31', '2018-04-20 02:02:31', 'KPI FY 2017 Sale HCM', 119, '2020-10-20', '2020-10-20', 0, '2020-10-20', 70, 2, 2, 2, 2, NULL, '2020-10-20', 0, 0, 0.00, NULL),
(177, 166, 0, '2018-04-20 02:02:31', '2018-04-20 02:02:31', 'KPI FY 2017 Sale HCM', 119, '2020-10-20', '2020-10-20', 0, '2020-10-20', 72, 2, 2, 2, 2, NULL, '2020-10-20', 0, 0, 0.00, NULL),
(178, 167, 0, '2018-04-20 02:02:32', '2018-04-20 02:02:32', 'KPI FY 2017 Sale HCM', 119, '2020-10-20', '2020-10-20', 0, '2020-10-20', 73, 2, 2, 2, 2, NULL, '2020-10-20', 0, 0, 0.00, NULL),
(179, 168, 0, '2018-04-20 02:02:32', '2018-04-20 02:02:32', 'KPI FY 2017 Sale HCM', 119, '2020-10-20', '2020-10-20', 0, '2020-10-20', 74, 2, 2, 2, 2, NULL, '2020-10-20', 0, 0, 0.00, 'http://localhost:8000/uploads/kpi_uploads/1523499997-286928.PNG'),
(180, 154, 0, '2018-04-20 02:02:32', '2018-04-20 02:02:32', 'KPI FY 2017 Sale HCM', 119, '2020-10-20', '2020-10-20', 0, '2020-10-20', 2, 2, 2, 2, NULL, NULL, '2020-10-20', 1, 0, 0.00, 'http://satelite.ssap.local/uploads/kpi_uploads/1523450585-New Text Document.txt'),
(181, 155, 0, '2018-04-20 02:02:32', '2018-04-20 02:02:32', 'KPI FY 2017 Sale HCM', 119, '2020-10-20', '2020-10-20', 0, '2020-10-20', 2, 2, 2, 2, 2, NULL, '2020-10-20', 0, 0, 0.00, 'http://satelite.ssap.local/uploads/kpi_uploads/1523517321-New Text Document.txt'),
(182, 156, 0, '2018-04-20 02:02:34', '2018-04-20 02:02:34', 'KPI FY 2017 Sale HCM', 119, '2020-10-20', '2020-10-20', 0, '2020-10-20', 60, 2, 2, 2, 2, NULL, '2020-10-20', 0, 0, 0.00, NULL),
(183, 157, 0, '2018-04-20 02:02:34', '2018-04-20 02:02:34', 'KPI FY 2017 Sale HCM', 119, '2020-10-20', '2020-10-20', 0, '2020-10-20', 56, 2, 2, 2, 2, NULL, '2020-10-20', 0, 0, 0.00, NULL),
(184, 158, 0, '2018-04-20 02:02:34', '2018-04-20 02:02:34', 'KPI FY 2017 Sale HCM', 119, '2020-10-20', '2020-10-20', 0, '2020-10-20', 49, 2, 2, 2, 2, NULL, '2020-10-20', 0, 0, 0.00, NULL),
(185, 159, 0, '2018-04-20 02:02:34', '2018-04-20 02:02:34', 'KPI FY 2017 Sale HCM', 119, '2020-10-20', '2020-10-20', 0, '2020-10-20', 52, 2, 2, 2, 2, NULL, '2020-10-20', 0, 0, 0.00, NULL),
(186, 160, 0, '2018-04-20 02:02:34', '2018-04-20 02:02:34', 'KPI FY 2017 Sale HCM', 119, '2020-10-20', '2020-10-20', 0, '2020-10-20', 53, 2, 2, 2, 2, NULL, '2020-10-20', 0, 0, 0.00, NULL),
(187, 161, 0, '2018-04-20 02:02:34', '2018-04-20 02:02:34', 'KPI FY 2017 Sale HCM', 119, '2020-10-20', '2020-10-20', 0, '2020-10-20', 67, 2, 2, 2, 2, NULL, '2020-10-20', 0, 0, 0.00, NULL),
(188, 162, 0, '2018-04-20 02:02:34', '2018-04-20 02:02:34', 'KPI FY 2017 Sale HCM', 119, '2020-10-20', '2020-10-20', 0, '2020-10-20', 68, 2, 2, 2, 2, NULL, '2020-10-20', 0, 0, 0.00, NULL),
(189, 163, 0, '2018-04-20 02:02:34', '2018-04-20 02:02:34', 'KPI FY 2017 Sale HCM', 119, '2020-10-20', '2020-10-20', 0, '2020-10-20', 69, 2, 2, 2, 2, NULL, '2020-10-20', 0, 0, 0.00, NULL),
(190, 164, 0, '2018-04-20 02:02:34', '2018-04-20 02:02:34', 'KPI FY 2017 Sale HCM', 119, '2020-10-20', '2020-10-20', 0, '2020-10-20', 71, 2, 2, 2, 2, NULL, '2020-10-20', 0, 0, 0.00, NULL),
(191, 165, 0, '2018-04-20 02:02:34', '2018-04-20 02:02:34', 'KPI FY 2017 Sale HCM', 119, '2020-10-20', '2020-10-20', 0, '2020-10-20', 70, 2, 2, 2, 2, NULL, '2020-10-20', 0, 0, 0.00, NULL),
(192, 166, 0, '2018-04-20 02:02:34', '2018-04-20 02:02:34', 'KPI FY 2017 Sale HCM', 119, '2020-10-20', '2020-10-20', 0, '2020-10-20', 72, 2, 2, 2, 2, NULL, '2020-10-20', 0, 0, 0.00, NULL),
(193, 167, 0, '2018-04-20 02:02:34', '2018-04-20 02:02:34', 'KPI FY 2017 Sale HCM', 119, '2020-10-20', '2020-10-20', 0, '2020-10-20', 73, 2, 2, 2, 2, NULL, '2020-10-20', 0, 0, 0.00, NULL),
(194, 168, 0, '2018-04-20 02:02:34', '2018-04-20 02:02:34', 'KPI FY 2017 Sale HCM', 119, '2020-10-20', '2020-10-20', 0, '2020-10-20', 74, 2, 2, 2, 2, NULL, '2020-10-20', 0, 0, 0.00, 'http://localhost:8000/uploads/kpi_uploads/1523499997-286928.PNG'),
(195, 154, 0, '2018-04-20 02:13:14', '2018-04-20 02:13:14', 'KPI FY 2017 Sale HCM', 119, '2020-10-20', '2020-10-20', 0, '2020-10-20', 2, 2, 2, 2, NULL, NULL, '2020-10-20', 1, 0, 0.00, 'http://satelite.ssap.local/uploads/kpi_uploads/1523450585-New Text Document.txt'),
(196, 155, 0, '2018-04-20 02:13:14', '2018-04-20 02:13:14', 'KPI FY 2017 Sale HCM', 119, '2020-10-20', '2020-10-20', 0, '2020-10-20', 2, 2, 2, 2, 2, NULL, '2020-10-20', 0, 0, 0.00, 'http://satelite.ssap.local/uploads/kpi_uploads/1523517321-New Text Document.txt'),
(197, 156, 0, '2018-04-20 02:13:15', '2018-04-20 02:13:15', 'KPI FY 2017 Sale HCM', 119, '2020-10-20', '2020-10-20', 0, '2020-10-20', 60, 2, 2, 2, 2, NULL, '2020-10-20', 0, 0, 0.00, NULL),
(198, 157, 0, '2018-04-20 02:13:15', '2018-04-20 02:13:15', 'KPI FY 2017 Sale HCM', 119, '2020-10-20', '2020-10-20', 0, '2020-10-20', 56, 2, 2, 2, 2, NULL, '2020-10-20', 0, 0, 0.00, NULL),
(199, 158, 0, '2018-04-20 02:13:15', '2018-04-20 02:13:15', 'KPI FY 2017 Sale HCM', 119, '2020-10-20', '2020-10-20', 0, '2020-10-20', 49, 2, 2, 2, 2, NULL, '2020-10-20', 0, 0, 0.00, NULL),
(200, 159, 0, '2018-04-20 02:13:15', '2018-04-20 02:13:15', 'KPI FY 2017 Sale HCM', 119, '2020-10-20', '2020-10-20', 0, '2020-10-20', 52, 2, 2, 2, 2, NULL, '2020-10-20', 0, 0, 0.00, NULL),
(201, 160, 0, '2018-04-20 02:13:15', '2018-04-20 02:13:15', 'KPI FY 2017 Sale HCM', 119, '2020-10-20', '2020-10-20', 0, '2020-10-20', 53, 2, 2, 2, 2, NULL, '2020-10-20', 0, 0, 0.00, NULL),
(202, 161, 0, '2018-04-20 02:13:15', '2018-04-20 02:13:15', 'KPI FY 2017 Sale HCM', 119, '2020-10-20', '2020-10-20', 0, '2020-10-20', 67, 2, 2, 2, 2, NULL, '2020-10-20', 0, 0, 0.00, NULL),
(203, 162, 0, '2018-04-20 02:13:15', '2018-04-20 02:13:15', 'KPI FY 2017 Sale HCM', 119, '2020-10-20', '2020-10-20', 0, '2020-10-20', 68, 2, 2, 2, 2, NULL, '2020-10-20', 0, 0, 0.00, NULL),
(204, 163, 0, '2018-04-20 02:13:15', '2018-04-20 02:13:15', 'KPI FY 2017 Sale HCM', 119, '2020-10-20', '2020-10-20', 0, '2020-10-20', 69, 2, 2, 2, 2, NULL, '2020-10-20', 0, 0, 0.00, NULL),
(205, 164, 0, '2018-04-20 02:13:15', '2018-04-20 02:13:15', 'KPI FY 2017 Sale HCM', 119, '2020-10-20', '2020-10-20', 0, '2020-10-20', 71, 2, 2, 2, 2, NULL, '2020-10-20', 0, 0, 0.00, NULL),
(206, 165, 0, '2018-04-20 02:13:15', '2018-04-20 02:13:15', 'KPI FY 2017 Sale HCM', 119, '2020-10-20', '2020-10-20', 0, '2020-10-20', 70, 2, 2, 2, 2, NULL, '2020-10-20', 0, 0, 0.00, NULL),
(207, 166, 0, '2018-04-20 02:13:15', '2018-04-20 02:13:15', 'KPI FY 2017 Sale HCM', 119, '2020-10-20', '2020-10-20', 0, '2020-10-20', 72, 2, 2, 2, 2, NULL, '2020-10-20', 0, 0, 0.00, NULL),
(208, 167, 0, '2018-04-20 02:13:15', '2018-04-20 02:13:15', 'KPI FY 2017 Sale HCM', 119, '2020-10-20', '2020-10-20', 0, '2020-10-20', 73, 2, 2, 2, 2, NULL, '2020-10-20', 0, 0, 0.00, NULL),
(209, 168, 0, '2018-04-20 02:13:15', '2018-04-20 02:13:15', 'KPI FY 2017 Sale HCM', 119, '2020-10-20', '2020-10-20', 0, '2020-10-20', 74, 2, 2, 2, 2, NULL, '2020-10-20', 0, 0, 0.00, 'http://localhost:8000/uploads/kpi_uploads/1523499997-286928.PNG'),
(210, 197, 0, '2018-04-20 02:13:15', '2018-04-20 02:13:15', 'KPI FY 2017 Sale HCM', 119, '2020-10-20', '2020-10-20', 0, '2020-10-20', 11, 2, 2, 2, NULL, NULL, NULL, 0, 0, NULL, NULL),
(211, 154, 0, '2018-04-20 02:13:16', '2018-04-20 02:13:16', 'KPI FY 2017 Sale HCM', 119, '2020-10-20', '2020-10-20', 0, '2020-10-20', 2, 2, 2, 2, NULL, NULL, '2020-10-20', 1, 0, 0.00, 'http://satelite.ssap.local/uploads/kpi_uploads/1523450585-New Text Document.txt'),
(212, 155, 0, '2018-04-20 02:13:17', '2018-04-20 02:13:17', 'KPI FY 2017 Sale HCM', 119, '2020-10-20', '2020-10-20', 0, '2020-10-20', 2, 2, 2, 2, 2, NULL, '2020-10-20', 0, 0, 0.00, 'http://satelite.ssap.local/uploads/kpi_uploads/1523517321-New Text Document.txt'),
(213, 156, 0, '2018-04-20 02:13:18', '2018-04-20 02:13:18', 'KPI FY 2017 Sale HCM', 119, '2020-10-20', '2020-10-20', 0, '2020-10-20', 60, 2, 2, 2, 2, NULL, '2020-10-20', 0, 0, 0.00, NULL),
(214, 157, 0, '2018-04-20 02:13:18', '2018-04-20 02:13:18', 'KPI FY 2017 Sale HCM', 119, '2020-10-20', '2020-10-20', 0, '2020-10-20', 56, 2, 2, 2, 2, NULL, '2020-10-20', 0, 0, 0.00, NULL),
(215, 158, 0, '2018-04-20 02:13:18', '2018-04-20 02:13:18', 'KPI FY 2017 Sale HCM', 119, '2020-10-20', '2020-10-20', 0, '2020-10-20', 49, 2, 2, 2, 2, NULL, '2020-10-20', 0, 0, 0.00, NULL),
(216, 159, 0, '2018-04-20 02:13:18', '2018-04-20 02:13:18', 'KPI FY 2017 Sale HCM', 119, '2020-10-20', '2020-10-20', 0, '2020-10-20', 52, 2, 2, 2, 2, NULL, '2020-10-20', 0, 0, 0.00, NULL),
(217, 160, 0, '2018-04-20 02:13:18', '2018-04-20 02:13:18', 'KPI FY 2017 Sale HCM', 119, '2020-10-20', '2020-10-20', 0, '2020-10-20', 53, 2, 2, 2, 2, NULL, '2020-10-20', 0, 0, 0.00, NULL),
(218, 161, 0, '2018-04-20 02:13:18', '2018-04-20 02:13:18', 'KPI FY 2017 Sale HCM', 119, '2020-10-20', '2020-10-20', 0, '2020-10-20', 67, 2, 2, 2, 2, NULL, '2020-10-20', 0, 0, 0.00, NULL),
(219, 162, 0, '2018-04-20 02:13:18', '2018-04-20 02:13:18', 'KPI FY 2017 Sale HCM', 119, '2020-10-20', '2020-10-20', 0, '2020-10-20', 68, 2, 2, 2, 2, NULL, '2020-10-20', 0, 0, 0.00, NULL),
(220, 163, 0, '2018-04-20 02:13:18', '2018-04-20 02:13:18', 'KPI FY 2017 Sale HCM', 119, '2020-10-20', '2020-10-20', 0, '2020-10-20', 69, 2, 2, 2, 2, NULL, '2020-10-20', 0, 0, 0.00, NULL),
(221, 164, 0, '2018-04-20 02:13:18', '2018-04-20 02:13:18', 'KPI FY 2017 Sale HCM', 119, '2020-10-20', '2020-10-20', 0, '2020-10-20', 71, 2, 2, 2, 2, NULL, '2020-10-20', 0, 0, 0.00, NULL),
(222, 165, 0, '2018-04-20 02:13:18', '2018-04-20 02:13:18', 'KPI FY 2017 Sale HCM', 119, '2020-10-20', '2020-10-20', 0, '2020-10-20', 70, 2, 2, 2, 2, NULL, '2020-10-20', 0, 0, 0.00, NULL),
(223, 166, 0, '2018-04-20 02:13:18', '2018-04-20 02:13:18', 'KPI FY 2017 Sale HCM', 119, '2020-10-20', '2020-10-20', 0, '2020-10-20', 72, 2, 2, 2, 2, NULL, '2020-10-20', 0, 0, 0.00, NULL),
(224, 167, 0, '2018-04-20 02:13:18', '2018-04-20 02:13:18', 'KPI FY 2017 Sale HCM', 119, '2020-10-20', '2020-10-20', 0, '2020-10-20', 73, 2, 2, 2, 2, NULL, '2020-10-20', 0, 0, 0.00, NULL),
(225, 168, 0, '2018-04-20 02:13:18', '2018-04-20 02:13:18', 'KPI FY 2017 Sale HCM', 119, '2020-10-20', '2020-10-20', 0, '2020-10-20', 74, 2, 2, 2, 2, NULL, '2020-10-20', 0, 0, 0.00, 'http://localhost:8000/uploads/kpi_uploads/1523499997-286928.PNG'),
(226, 197, 0, '2018-04-20 02:13:18', '2018-04-20 02:13:18', 'KPI FY 2017 Sale HCM', 119, '2020-10-20', '2020-10-20', 0, '2020-10-20', 11, 2, 2, 2, NULL, NULL, '2020-10-20', 0, 0, 0.00, NULL);

-- --------------------------------------------------------

--
-- Table structure for table `api_sub_kpi`
--

CREATE TABLE `api_sub_kpi` (
  `id` int(10) UNSIGNED NOT NULL,
  `kpi_id` int(10) UNSIGNED NOT NULL,
  `date_end` date DEFAULT NULL,
  `date_start` date DEFAULT NULL,
  `responsibility_id` int(11) NOT NULL,
  `approver_id` int(11) NOT NULL,
  `assigner_id` int(11) NOT NULL,
  `evaluator_id_1` int(11) DEFAULT NULL,
  `evaluator_id_2` int(11) DEFAULT NULL,
  `evaluator_id_3` int(11) DEFAULT NULL,
  `dead_line` date DEFAULT NULL,
  `final_scored` double DEFAULT NULL,
  `main` int(11) NOT NULL,
  `status` int(11) NOT NULL DEFAULT '0' COMMENT '0:Active,1:Removed',
  `deleted_at` timestamp NULL DEFAULT NULL,
  `created_at` timestamp NULL DEFAULT NULL,
  `updated_at` timestamp NULL DEFAULT NULL,
  `attachment_url` varchar(191) COLLATE utf8mb4_unicode_ci DEFAULT NULL
) ENGINE=InnoDB DEFAULT CHARSET=utf8mb4 COLLATE=utf8mb4_unicode_ci;

--
-- Dumping data for table `api_sub_kpi`
--

INSERT INTO `api_sub_kpi` (`id`, `kpi_id`, `date_end`, `date_start`, `responsibility_id`, `approver_id`, `assigner_id`, `evaluator_id_1`, `evaluator_id_2`, `evaluator_id_3`, `dead_line`, `final_scored`, `main`, `status`, `deleted_at`, `created_at`, `updated_at`, `attachment_url`) VALUES
(45, 94, NULL, NULL, 12, 2, 12, 12, NULL, NULL, '2018-03-26', NULL, 1, 0, NULL, '2018-03-26 08:23:13', '2018-03-26 08:23:13', NULL),
(46, 95, NULL, NULL, 12, 2, 55, 55, NULL, NULL, '2018-03-26', 0, 1, 0, NULL, '2018-03-26 08:25:38', '2018-04-12 01:53:11', NULL),
(47, 96, NULL, NULL, 34, 2, 55, 55, NULL, NULL, '2018-03-26', NULL, 1, 0, NULL, '2018-03-26 08:26:47', '2018-03-26 08:26:47', NULL),
(57, 95, NULL, NULL, 52, 12, 12, 12, NULL, NULL, '2018-03-26', NULL, 0, 0, NULL, '2018-03-27 07:11:36', '2018-03-27 07:11:36', NULL),
(58, 95, NULL, NULL, 50, 12, 12, 12, NULL, NULL, '2018-03-26', NULL, 0, 0, NULL, '2018-03-27 07:11:36', '2018-03-27 07:11:36', NULL),
(59, 95, NULL, NULL, 45, 12, 12, 12, NULL, NULL, '2018-03-26', NULL, 0, 0, NULL, '2018-03-27 07:11:36', '2018-03-27 07:11:36', NULL),
(60, 95, NULL, NULL, 51, 12, 12, 12, NULL, NULL, '2018-03-26', NULL, 0, 0, NULL, '2018-03-27 07:11:36', '2018-03-27 07:11:36', NULL),
(61, 95, NULL, NULL, 49, 12, 12, 12, NULL, NULL, '2018-03-26', NULL, 0, 0, NULL, '2018-03-27 07:11:36', '2018-03-27 07:11:36', NULL),
(62, 95, NULL, NULL, 48, 12, 12, 12, NULL, NULL, '2018-03-26', NULL, 0, 0, NULL, '2018-03-27 07:11:36', '2018-03-27 07:11:36', NULL),
(63, 95, NULL, NULL, 53, 12, 12, 12, NULL, NULL, '2018-03-26', NULL, 0, 0, NULL, '2018-03-27 07:11:36', '2018-03-27 07:11:36', NULL),
(64, 95, NULL, NULL, 55, 12, 12, 12, NULL, NULL, '2018-03-26', NULL, 0, 0, NULL, '2018-03-27 07:11:37', '2018-03-27 07:11:37', NULL),
(65, 95, NULL, NULL, 56, 12, 12, 12, NULL, NULL, '2018-03-26', NULL, 0, 0, NULL, '2018-03-27 07:11:37', '2018-03-27 07:11:37', NULL),
(66, 95, NULL, NULL, 56, 12, 12, 12, NULL, NULL, '2018-03-26', NULL, 0, 0, NULL, '2018-03-27 07:11:37', '2018-03-27 07:11:37', NULL),
(67, 95, NULL, NULL, 54, 12, 12, 12, NULL, NULL, '2018-03-26', NULL, 0, 0, NULL, '2018-03-27 07:11:37', '2018-03-27 07:11:37', NULL),
(68, 95, NULL, NULL, 57, 12, 12, 12, NULL, NULL, '2018-03-26', NULL, 0, 0, NULL, '2018-03-27 07:15:00', '2018-03-27 07:15:00', NULL),
(69, 95, NULL, NULL, 58, 12, 12, 12, NULL, NULL, '2018-03-26', NULL, 0, 0, NULL, '2018-03-27 07:15:01', '2018-03-27 07:15:01', NULL),
(70, 95, NULL, NULL, 59, 12, 12, 12, NULL, NULL, '2018-03-26', NULL, 0, 0, NULL, '2018-03-27 07:15:01', '2018-03-27 07:15:01', NULL),
(71, 95, NULL, NULL, 60, 12, 12, 12, NULL, NULL, '2018-03-26', NULL, 0, 0, NULL, '2018-03-27 07:15:01', '2018-03-27 07:15:01', NULL),
(72, 95, NULL, NULL, 61, 12, 12, 12, NULL, NULL, '2018-03-26', NULL, 0, 0, NULL, '2018-03-27 07:15:01', '2018-03-27 07:15:01', NULL),
(73, 95, NULL, NULL, 62, 12, 12, 12, NULL, NULL, '2018-03-26', NULL, 0, 0, NULL, '2018-03-27 07:15:01', '2018-03-27 07:15:01', NULL),
(74, 95, NULL, NULL, 63, 12, 12, 12, NULL, NULL, '2018-03-26', NULL, 0, 0, NULL, '2018-03-27 07:15:01', '2018-03-27 07:15:01', NULL),
(75, 95, NULL, NULL, 64, 12, 12, 12, NULL, NULL, '2018-03-26', NULL, 0, 0, NULL, '2018-03-27 07:15:01', '2018-03-27 07:15:01', NULL),
(76, 95, NULL, NULL, 65, 12, 12, 12, NULL, NULL, '2018-03-26', NULL, 0, 0, NULL, '2018-03-27 07:15:02', '2018-03-27 07:15:02', NULL),
(77, 95, NULL, NULL, 66, 12, 12, 12, NULL, NULL, '2018-03-26', NULL, 0, 0, NULL, '2018-03-27 07:15:02', '2018-03-27 07:15:02', NULL),
(78, 95, NULL, NULL, 67, 12, 12, 12, NULL, NULL, '2018-03-26', NULL, 0, 0, NULL, '2018-03-27 07:15:02', '2018-03-27 07:15:02', NULL),
(79, 97, NULL, NULL, 68, 68, 12, 12, NULL, NULL, '2018-04-02', NULL, 1, 0, NULL, '2018-04-02 15:38:29', '2018-04-02 15:38:29', NULL),
(80, 97, NULL, NULL, 69, 68, 68, 68, NULL, NULL, '2018-04-02', NULL, 0, 0, NULL, '2018-04-02 16:41:55', '2018-04-02 16:41:55', NULL),
(81, 97, NULL, NULL, 70, 68, 68, 68, NULL, NULL, '2018-04-02', NULL, 0, 0, NULL, '2018-04-02 16:41:55', '2018-04-02 16:41:55', NULL),
(82, 98, '2018-04-03', NULL, 68, 3, 12, 68, 12, NULL, '2018-04-02', 3.5, 1, 0, NULL, '2018-04-02 16:50:56', '2018-04-16 09:29:05', NULL),
(90, 98, NULL, NULL, 70, 68, 68, 70, 68, 12, '2018-04-02', NULL, 0, 0, NULL, '2018-04-02 17:33:34', '2018-04-02 17:33:34', NULL),
(91, 98, NULL, NULL, 69, 68, 68, 69, 68, 12, '2018-04-02', NULL, 0, 0, NULL, '2018-04-02 17:33:34', '2018-04-02 17:33:34', NULL),
(92, 100, '2018-04-04', '2018-04-04', 2, 5, 12, 2, 12, NULL, NULL, NULL, 1, 0, NULL, '2018-04-04 08:52:18', '2018-04-12 02:15:57', 'http://ssap.dev.digiprojects.top/uploads/kpi_uploads/1523499356-checklist (2).jpeg'),
(93, 101, '2018-04-04', '2018-04-04', 3, 3, 12, 3, 12, NULL, NULL, NULL, 1, 0, NULL, '2018-04-04 08:52:40', '2018-04-04 08:52:40', NULL),
(94, 102, '2018-04-25', '2018-04-26', 2, 3, 12, 2, 12, NULL, '2018-04-25', 0, 1, 0, NULL, '2018-04-04 14:38:04', '2018-04-12 02:15:16', 'http://ssap.dev.digiprojects.top/uploads/kpi_uploads/1523499316-checklist (2).jpeg'),
(95, 103, '2018-04-04', '2018-04-04', 69, 70, 12, 69, 12, NULL, NULL, NULL, 1, 0, NULL, '2018-04-04 15:20:36', '2018-04-04 15:20:36', NULL),
(96, 104, '2018-04-04', '2018-04-04', 71, 2, 12, 71, 12, NULL, NULL, NULL, 1, 0, NULL, '2018-04-04 15:28:35', '2018-04-04 15:28:35', NULL),
(97, 104, NULL, NULL, 72, 71, 71, 72, 71, 12, NULL, 2.57, 0, 0, NULL, '2018-04-04 15:43:52', '2018-04-05 01:47:11', NULL),
(98, 105, '2018-04-05', '2018-04-05', 2, 2, 2, 2, 2, NULL, NULL, NULL, 1, 0, NULL, '2018-04-05 02:18:30', '2018-04-12 02:15:08', 'http://ssap.dev.digiprojects.top/uploads/kpi_uploads/1523499308-Daikin survey sitemap (Backend).mmap'),
(99, 105, NULL, NULL, 3, 2, 2, 3, 2, 2, NULL, NULL, 0, 0, NULL, '2018-04-05 02:21:06', '2018-04-05 02:21:06', NULL),
(100, 105, NULL, NULL, 98, 2, 2, 98, 2, 2, NULL, NULL, 0, 0, NULL, '2018-04-05 02:21:06', '2018-04-05 02:21:06', NULL),
(101, 95, NULL, NULL, 55, 12, 12, 55, 55, NULL, '2018-03-26', NULL, 0, 0, NULL, '2018-04-05 02:35:11', '2018-04-05 02:35:11', NULL),
(102, 95, NULL, NULL, 53, 12, 12, 53, 55, NULL, '2018-03-26', NULL, 0, 0, NULL, '2018-04-05 02:35:11', '2018-04-05 02:35:11', NULL),
(103, 106, '2018-04-05', '2018-04-05', 2, 2, 2, 2, 2, NULL, NULL, 0, 1, 0, NULL, '2018-04-05 02:40:44', '2018-04-12 07:31:41', 'http://ssap.dev.digiprojects.top/uploads/kpi_uploads/1523499352-checklist (2).jpeg'),
(108, 107, '2018-04-07', '2018-04-06', 71, 53, 12, 71, 68, NULL, NULL, 0.12, 1, 0, NULL, '2018-04-05 04:43:26', '2018-04-10 08:49:41', NULL),
(109, 107, NULL, NULL, 72, 71, 71, 72, 71, NULL, NULL, NULL, 0, 0, NULL, '2018-04-05 04:49:12', '2018-04-05 04:49:12', NULL),
(110, 107, NULL, NULL, 73, 71, 71, 73, 71, NULL, NULL, 0, 0, 0, NULL, '2018-04-05 04:49:12', '2018-04-05 07:32:39', NULL),
(117, 107, NULL, NULL, 69, 71, 71, 69, 71, NULL, NULL, NULL, 0, 0, '2018-04-05 07:26:20', '2018-04-05 07:23:57', '2018-04-05 07:26:20', NULL),
(118, 107, NULL, NULL, 71, 71, 71, 71, 71, NULL, NULL, NULL, 0, 0, '2018-04-05 07:24:19', '2018-04-05 07:23:57', '2018-04-05 07:24:19', NULL),
(119, 107, NULL, NULL, 70, 71, 71, 70, 71, NULL, NULL, NULL, 0, 0, '2018-04-05 07:24:19', '2018-04-05 07:23:57', '2018-04-05 07:24:19', NULL),
(120, 108, '2018-04-07', '2018-04-05', 2, 3, 12, 12, NULL, NULL, NULL, 1.7850000000000001, 1, 0, NULL, '2018-04-05 08:17:53', '2018-04-12 02:15:01', 'http://ssap.dev.digiprojects.top/uploads/kpi_uploads/1523499301-Daikin survey sitemap 1 (Backend).png'),
(124, 108, NULL, NULL, 73, 2, 2, 73, 2, 12, NULL, NULL, 0, 0, NULL, '2018-04-05 08:47:22', '2018-04-05 08:47:22', NULL),
(125, 108, NULL, NULL, 11, 69, 68, 68, 73, 3, NULL, 3.5700000000000003, 0, 0, NULL, '2018-04-05 08:48:25', '2018-04-10 08:48:36', NULL),
(126, 110, '2018-04-13', '2018-04-06', 2, 2, 2, 2, NULL, NULL, NULL, 0, 1, 0, NULL, '2018-04-06 02:22:08', '2018-04-12 02:09:05', 'http://ssap.dev.digiprojects.top/uploads/kpi_uploads/1523498944-img.png'),
(127, 111, '2018-06-28', '2018-05-23', 3, 68, 52, 12, 11, 49, '2018-06-28', 0, 1, 0, NULL, '2018-04-06 06:36:11', '2018-04-12 02:43:00', 'http://localhost:8000/uploads/kpi_uploads/1523500979-emails_survey.docx'),
(128, 112, '2018-04-30', '2018-04-06', 3, 3, 2, 2, NULL, NULL, NULL, 0, 1, 0, NULL, '2018-04-06 07:14:17', '2018-04-06 07:23:11', NULL),
(129, 112, NULL, NULL, 11, 3, 3, 11, 3, 2, NULL, NULL, 0, 0, NULL, '2018-04-06 07:16:30', '2018-04-06 07:16:30', NULL),
(130, 113, '2018-04-06', '2018-04-06', 68, 2, 12, 12, NULL, NULL, NULL, 0.6, 1, 0, NULL, '2018-04-06 07:56:40', '2018-04-10 09:08:42', NULL),
(131, 113, NULL, NULL, 69, 68, 68, 68, 12, NULL, NULL, NULL, 0, 0, NULL, '2018-04-06 08:03:11', '2018-04-06 08:03:11', NULL),
(132, 113, NULL, NULL, 70, 68, 68, 68, 12, NULL, NULL, 0.05333333333333334, 0, 0, NULL, '2018-04-06 08:03:11', '2018-04-09 03:25:29', NULL),
(133, 113, NULL, NULL, 72, 69, 69, 69, 68, 12, NULL, 3.05, 0, 0, NULL, '2018-04-06 08:05:56', '2018-04-06 09:20:04', NULL),
(134, 113, NULL, NULL, 73, 69, 69, 69, 68, 12, NULL, 0, 0, 0, NULL, '2018-04-06 08:05:56', '2018-04-12 01:39:37', NULL),
(135, 114, '2018-04-30', '2018-04-06', 3, 2, 2, 2, NULL, NULL, NULL, 0, 1, 0, NULL, '2018-04-06 08:32:21', '2018-04-06 08:51:40', NULL),
(136, 114, NULL, NULL, 11, 3, 3, 11, 3, 2, NULL, 0, 0, 0, NULL, '2018-04-06 08:46:48', '2018-04-06 08:51:40', NULL),
(137, 115, '2018-04-30', '2018-04-09', 11, 3, 2, 2, NULL, NULL, NULL, NULL, 1, 0, NULL, '2018-04-09 02:24:05', '2018-04-09 02:24:05', NULL),
(138, 115, NULL, NULL, 56, 11, 11, 56, 11, 2, NULL, NULL, 0, 0, NULL, '2018-04-09 02:25:17', '2018-04-09 02:25:17', NULL),
(139, 116, '2018-05-29', '2018-05-01', 11, 2, 2, 2, NULL, NULL, '2018-05-29', 0, 1, 0, NULL, '2018-04-09 04:32:22', '2018-04-09 06:31:51', NULL),
(140, 116, '2018-05-29', '2018-05-01', 3, 11, 11, 11, 2, NULL, '2018-05-29', 0, 0, 0, NULL, '2018-04-09 04:35:55', '2018-04-09 06:31:51', NULL),
(141, 116, '2018-05-29', '2018-05-01', 56, 3, 3, 3, 11, 2, '2018-05-29', 0.6, 0, 0, NULL, '2018-04-09 04:40:47', '2018-04-09 10:17:32', NULL),
(142, 116, '2018-05-29', '2018-05-01', 49, 56, 56, 49, 3, 11, '2018-05-29', 0.57, 0, 0, NULL, '2018-04-09 04:46:38', '2018-04-10 04:09:42', NULL),
(144, 111, '2018-06-28', '2018-05-23', 3, 2, 68, 12, NULL, NULL, '2018-06-28', 0, 0, 0, NULL, '2018-04-09 08:02:11', '2018-04-10 02:56:31', NULL),
(145, 111, '2018-06-28', '2018-05-23', 2, 2, 68, 12, NULL, NULL, '2018-06-28', 0, 0, 0, NULL, '2018-04-09 08:05:24', '2018-04-11 13:32:58', 'http://satelite.ssap.local/uploads/kpi_uploads/1523453577-debugs.txt'),
(146, 106, NULL, NULL, 52, 2, 2, 2, 2, NULL, NULL, NULL, 0, 0, NULL, '2018-04-09 09:05:02', '2018-04-09 09:05:02', NULL),
(147, 106, NULL, NULL, 68, 70, 69, 2, 72, 73, NULL, NULL, 0, 0, NULL, '2018-04-09 09:38:15', '2018-04-09 09:38:15', NULL),
(148, 117, '2018-05-30', '2018-04-10', 3, 2, 2, 2, NULL, NULL, NULL, NULL, 1, 0, NULL, '2018-04-10 06:40:04', '2018-04-10 06:40:04', NULL),
(149, 117, NULL, NULL, 11, 3, 3, 3, 2, NULL, NULL, NULL, 0, 0, NULL, '2018-04-10 06:41:27', '2018-04-10 06:41:27', NULL),
(150, 117, NULL, NULL, 56, 12, 11, 11, 3, 2, NULL, 1.3333333333333333, 0, 0, NULL, '2018-04-10 06:44:35', '2018-04-10 08:33:37', NULL),
(151, 118, '2018-10-20', '2018-10-19', 11, 2, 2, 2, NULL, NULL, '2018-10-20', 0, 1, 0, NULL, '2018-04-10 09:17:19', '2018-04-10 10:35:44', NULL),
(152, 118, '2018-10-20', '2018-10-19', 3, 11, 11, 11, 2, NULL, '2018-10-20', 0, 0, 0, NULL, '2018-04-10 09:42:21', '2018-04-12 02:31:00', 'http://localhost:8000/uploads/kpi_uploads/1523500058-Homepage.jpg'),
(153, 118, '2018-10-20', '2018-10-19', 56, 3, 3, 3, 11, 2, '2018-10-20', 0, 0, 0, NULL, '2018-04-10 09:46:30', '2018-04-10 10:35:44', NULL),
(154, 119, '2020-10-20', '2020-10-20', 2, 2, 2, 2, NULL, NULL, '2020-10-20', 0, 1, 0, NULL, '2018-04-10 10:52:50', '2018-04-18 09:15:04', 'http://satelite.ssap.local/uploads/kpi_uploads/1523450585-New Text Document.txt'),
(155, 119, '2020-10-20', '2020-10-20', 2, 2, 2, 2, 2, NULL, '2020-10-20', 0, 0, 0, NULL, '2018-04-10 10:58:29', '2018-04-18 09:15:05', 'http://satelite.ssap.local/uploads/kpi_uploads/1523517321-New Text Document.txt'),
(156, 119, '2020-10-20', '2020-10-20', 60, 2, 2, 2, 2, NULL, '2020-10-20', 0, 0, 0, NULL, '2018-04-10 10:58:29', '2018-04-18 09:15:07', NULL),
(157, 119, '2020-10-20', '2020-10-20', 56, 2, 2, 2, 2, NULL, '2020-10-20', 0, 0, 0, NULL, '2018-04-10 10:58:29', '2018-04-18 09:15:07', NULL),
(158, 119, '2020-10-20', '2020-10-20', 49, 2, 2, 2, 2, NULL, '2020-10-20', 0, 0, 0, NULL, '2018-04-10 10:58:30', '2018-04-18 09:15:08', NULL),
(159, 119, '2020-10-20', '2020-10-20', 52, 2, 2, 2, 2, NULL, '2020-10-20', 0, 0, 0, NULL, '2018-04-10 10:58:30', '2018-04-18 09:15:08', NULL),
(160, 119, '2020-10-20', '2020-10-20', 53, 2, 2, 2, 2, NULL, '2020-10-20', 0, 0, 0, NULL, '2018-04-10 10:58:30', '2018-04-18 09:15:08', NULL),
(161, 119, '2020-10-20', '2020-10-20', 67, 2, 2, 2, 2, NULL, '2020-10-20', 0, 0, 0, NULL, '2018-04-10 10:58:30', '2018-04-18 09:15:08', NULL),
(162, 119, '2020-10-20', '2020-10-20', 68, 2, 2, 2, 2, NULL, '2020-10-20', 0, 0, 0, NULL, '2018-04-10 10:58:30', '2018-04-18 09:15:08', NULL),
(163, 119, '2020-10-20', '2020-10-20', 69, 2, 2, 2, 2, NULL, '2020-10-20', 0, 0, 0, NULL, '2018-04-10 10:58:30', '2018-04-18 09:15:08', NULL),
(164, 119, '2020-10-20', '2020-10-20', 71, 2, 2, 2, 2, NULL, '2020-10-20', 0, 0, 0, NULL, '2018-04-10 10:58:30', '2018-04-18 09:15:08', NULL),
(165, 119, '2020-10-20', '2020-10-20', 70, 2, 2, 2, 2, NULL, '2020-10-20', 0, 0, 0, NULL, '2018-04-10 10:58:30', '2018-04-18 09:15:08', NULL),
(166, 119, '2020-10-20', '2020-10-20', 72, 2, 2, 2, 2, NULL, '2020-10-20', 0, 0, 0, NULL, '2018-04-10 10:58:30', '2018-04-18 09:15:08', NULL),
(167, 119, '2020-10-20', '2020-10-20', 73, 2, 2, 2, 2, NULL, '2020-10-20', 0, 0, 0, NULL, '2018-04-10 10:58:31', '2018-04-18 09:15:08', NULL),
(168, 119, '2020-10-20', '2020-10-20', 74, 2, 2, 2, 2, NULL, '2020-10-20', 0, 0, 0, NULL, '2018-04-10 10:58:31', '2018-04-18 09:15:08', 'http://localhost:8000/uploads/kpi_uploads/1523499997-286928.PNG'),
(169, 120, '2018-11-04', '2018-11-04', 3, 3, 2, 2, NULL, NULL, '2018-11-04', 0, 1, 0, NULL, '2018-04-11 02:33:24', '2018-04-18 09:09:12', 'http://localhost:8000/uploads/kpi_uploads/1523499997-286928.PNG'),
(170, 120, '2018-11-04', '2018-11-04', 11, 56, 56, 11, 3, 2, '2018-11-04', 0, 0, 0, NULL, NULL, '2018-04-18 09:09:12', NULL),
(171, 121, '2018-11-12', '2018-05-14', 11, 2, 2, 2, NULL, NULL, '2018-11-12', 0, 1, 0, NULL, '2018-04-11 10:38:51', '2018-04-11 10:52:29', NULL),
(172, 121, '2018-11-12', '2018-05-14', 3, 11, 11, 11, 2, NULL, '2018-11-12', 0, 0, 0, NULL, '2018-04-11 10:39:54', '2018-04-12 02:25:35', 'http://localhost:8000/uploads/kpi_uploads/1523499933-bg-homes.jpg'),
(173, 121, '2018-11-12', '2018-05-14', 75, 3, 3, 3, 11, 2, '2018-11-12', 0.9, 0, 0, NULL, '2018-04-11 10:42:07', '2018-04-16 06:47:12', NULL),
(174, 122, '2012-05-30', '2012-05-01', 11, 2, 2, 2, NULL, NULL, '2012-05-30', 0, 1, 0, NULL, '2018-04-12 02:20:28', '2018-04-12 07:09:21', NULL),
(175, 122, '2012-05-30', '2012-05-01', 3, 11, 11, 11, 2, NULL, '2012-05-30', 0, 0, 0, NULL, '2018-04-12 02:26:03', '2018-04-12 07:09:21', 'http://localhost:8000/uploads/kpi_uploads/1523500942-286928.PNG'),
(176, 122, '2012-05-30', '2012-05-01', 75, 3, 3, 2, 2, 3, '2012-05-30', 0.9, 0, 0, NULL, '2018-04-12 02:33:31', '2018-04-18 04:13:49', 'http://satelite.ssap.local/uploads/kpi_uploads/1524024829-New Text Document.txt'),
(177, 122, '2012-05-30', '2012-05-01', 48, 71, 11, 3, 12, 52, '2012-05-30', 0, 0, 0, NULL, '2018-04-12 03:50:32', '2018-04-12 07:09:21', NULL),
(178, 123, '2018-04-16', '2018-04-16', 2, 2, 2, 2, NULL, NULL, NULL, 1.6, 1, 0, NULL, '2018-04-16 08:15:39', '2018-04-17 04:38:57', 'http://ssap.dev.digiprojects.top/uploads/kpi_uploads/1523939936-TemplateActionPlan.csv'),
(179, 111, NULL, NULL, 1445, 2, 2, 3, 12, 11, '2018-06-28', NULL, 0, 0, NULL, '2018-04-16 08:19:43', '2018-04-16 08:19:43', NULL),
(180, 111, NULL, NULL, 1446, 2, 2, 3, 12, 11, '2018-06-28', NULL, 0, 0, NULL, '2018-04-16 08:19:45', '2018-04-16 08:19:45', NULL),
(181, 111, NULL, NULL, 1447, 2, 2, 3, 12, 11, '2018-06-28', NULL, 0, 0, NULL, '2018-04-16 08:19:47', '2018-04-16 08:19:47', NULL),
(182, 111, NULL, NULL, 1448, 2, 2, 3, 12, 11, '2018-06-28', NULL, 0, 0, NULL, '2018-04-16 08:19:49', '2018-04-16 08:19:49', NULL),
(183, 111, NULL, NULL, 1440, 2, 2, 3, 12, 11, '2018-06-28', NULL, 0, 0, NULL, '2018-04-16 08:29:39', '2018-04-16 08:29:39', NULL),
(184, 111, NULL, NULL, 1441, 2, 2, 3, 12, 11, '2018-06-28', NULL, 0, 0, NULL, '2018-04-16 08:29:42', '2018-04-16 08:29:42', NULL),
(185, 111, NULL, NULL, 1431, 2, 2, 3, 12, 11, '2018-06-28', NULL, 0, 0, NULL, '2018-04-16 08:42:55', '2018-04-16 08:42:55', NULL),
(186, 111, NULL, NULL, 1432, 2, 2, 3, 12, 11, '2018-06-28', NULL, 0, 0, NULL, '2018-04-16 08:42:58', '2018-04-16 08:42:58', NULL),
(187, 111, NULL, NULL, 1439, 2, 2, 3, 12, 11, '2018-06-28', 3.6, 0, 0, NULL, '2018-04-16 08:43:00', '2018-04-18 08:47:50', NULL),
(188, 110, NULL, NULL, 1443, 3, 3, 2, 2, NULL, NULL, NULL, 0, 0, NULL, '2018-04-16 08:49:22', '2018-04-16 08:49:22', NULL),
(189, 110, NULL, NULL, 1444, 3, 3, 2, 2, NULL, NULL, NULL, 0, 0, NULL, '2018-04-16 08:49:22', '2018-04-16 08:49:22', NULL),
(190, 110, NULL, NULL, 1446, 3, 3, 2, 2, NULL, NULL, NULL, 0, 0, NULL, '2018-04-16 08:49:54', '2018-04-16 08:49:54', NULL),
(191, 110, NULL, NULL, 1445, 3, 3, 2, 2, NULL, NULL, NULL, 0, 0, NULL, '2018-04-16 08:49:54', '2018-04-16 08:49:54', NULL),
(192, 110, NULL, NULL, 1448, 3, 3, 2, 2, NULL, NULL, NULL, 0, 0, NULL, '2018-04-16 08:49:55', '2018-04-16 08:49:55', NULL),
(193, 110, NULL, NULL, 1447, 3, 3, 12, 1, NULL, NULL, NULL, 0, 0, NULL, '2018-04-16 08:49:55', '2018-04-16 08:49:55', NULL),
(194, 124, '2030-04-20', '2022-04-20', 3, 2, 2, 2, NULL, NULL, '2030-04-20', 0, 1, 0, NULL, '2018-04-17 02:04:35', '2018-04-18 09:11:33', 'http://satelite.ssap.local/uploads/kpi_uploads/1524022295-import_kpi_item - sample.csv'),
(195, 124, '2030-04-20', '2022-04-20', 11, 3, 3, 3, 2, NULL, '2030-04-20', 0, 0, 0, NULL, '2018-04-17 02:24:53', '2018-04-18 09:11:33', 'http://satelite.ssap.local/uploads/kpi_uploads/1524022608-import_kpi_item - sample.csv'),
(196, 124, '2030-04-20', '2022-04-20', 75, 11, 11, 11, 3, 2, '2030-04-20', 0, 0, 0, NULL, '2018-04-17 02:26:26', '2018-04-18 09:11:52', 'http://ssap.dev.digiprojects.top/uploads/kpi_uploads/1524042710-task.txt'),
(197, 119, '2020-10-20', '2020-10-20', 11, 2, 2, 2, NULL, NULL, '2020-10-20', 0, 0, 0, NULL, '2018-04-20 02:06:49', '2018-04-20 02:13:16', NULL);

-- --------------------------------------------------------

--
-- Table structure for table `api_sub_kpi_comments`
--

CREATE TABLE `api_sub_kpi_comments` (
  `id` int(10) UNSIGNED NOT NULL,
  `sub_kpi_id` int(11) NOT NULL,
  `action_plan_id` int(11) NOT NULL,
  `user_id` int(11) NOT NULL,
  `comment` text COLLATE utf8mb4_unicode_ci NOT NULL,
  `created_at` timestamp NULL DEFAULT NULL,
  `updated_at` timestamp NULL DEFAULT NULL
) ENGINE=InnoDB DEFAULT CHARSET=utf8mb4 COLLATE=utf8mb4_unicode_ci;

--
-- Dumping data for table `api_sub_kpi_comments`
--

INSERT INTO `api_sub_kpi_comments` (`id`, `sub_kpi_id`, `action_plan_id`, `user_id`, `comment`, `created_at`, `updated_at`) VALUES
(1, 92, 23, 2, 'tan', '2018-04-05 03:46:52', '2018-04-05 03:46:52'),
(2, 92, 23, 2, 'ádas', '2018-04-05 04:18:26', '2018-04-05 04:18:26'),
(3, 46, 16, 12, 'aaaaaa', '2018-04-06 06:29:43', '2018-04-06 06:29:43'),
(4, 155, 77, 2, '2', '2018-04-11 09:02:03', '2018-04-11 09:02:03'),
(5, 187, 204, 12, 'Good', '2018-04-17 02:01:34', '2018-04-17 02:01:34'),
(6, 187, 204, 12, 'OH my Good', '2018-04-17 02:01:45', '2018-04-17 02:01:45');

-- --------------------------------------------------------

--
-- Table structure for table `api_survey`
--

CREATE TABLE `api_survey` (
  `id` int(10) UNSIGNED NOT NULL,
  `deadline` date DEFAULT NULL,
  `creator_id` int(10) UNSIGNED NOT NULL,
  `department_id` int(11) DEFAULT NULL,
  `campaign_id` int(10) UNSIGNED NOT NULL,
  `start_date` date DEFAULT NULL,
  `end_date` date DEFAULT NULL,
  `remind_date` date DEFAULT NULL,
  `status` int(11) NOT NULL DEFAULT '0' COMMENT '1:Draft,2:Request review,3:request revise,4:approved',
  `approver_id` int(11) DEFAULT NULL,
  `publish_status` int(11) NOT NULL DEFAULT '0' COMMENT '1:published,2:unpublished',
  `view` int(11) NOT NULL DEFAULT '0',
  `response` int(11) NOT NULL DEFAULT '0',
  `complete` int(11) NOT NULL DEFAULT '0',
  `receiver_list_id` int(10) UNSIGNED DEFAULT NULL,
  `modified_id` int(11) DEFAULT NULL,
  `deleted_at` timestamp NULL DEFAULT NULL,
  `created_at` timestamp NULL DEFAULT NULL,
  `updated_at` timestamp NULL DEFAULT NULL
) ENGINE=InnoDB DEFAULT CHARSET=utf8mb4 COLLATE=utf8mb4_unicode_ci;

--
-- Dumping data for table `api_survey`
--

INSERT INTO `api_survey` (`id`, `deadline`, `creator_id`, `department_id`, `campaign_id`, `start_date`, `end_date`, `remind_date`, `status`, `approver_id`, `publish_status`, `view`, `response`, `complete`, `receiver_list_id`, `modified_id`, `deleted_at`, `created_at`, `updated_at`) VALUES
(49, '2018-03-14', 3, 1, 14, '2018-03-14', '2018-03-14', '2018-03-14', 1, NULL, 2, 0, 0, 0, NULL, NULL, NULL, '2018-03-14 04:27:40', '2018-03-14 04:27:40'),
(51, '2018-03-14', 3, 1, 14, '2018-03-14', '2018-03-14', '2018-03-14', 4, 12, 2, 0, 0, 0, NULL, 12, NULL, '2018-03-14 04:27:41', '2018-03-22 09:16:35'),
(52, '2018-03-14', 3, 1, 37, '2018-03-08', '2018-02-27', '2018-03-13', 1, NULL, 2, 0, 0, 0, NULL, NULL, '2018-03-18 17:37:01', '2018-03-14 04:31:40', '2018-03-18 17:37:01'),
(53, '2017-03-25', 50, 1, 40, '2017-03-30', '2018-04-01', '2017-04-04', 4, NULL, 1, 53, 3, 1, 12, NULL, '2018-03-28 02:06:05', '2018-03-19 02:56:30', '2018-03-28 02:06:05'),
(55, '2018-04-20', 53, 3, 38, '2018-02-20', '2018-05-20', '2018-02-25', 1, NULL, 2, 0, 0, 0, NULL, NULL, '2018-03-20 03:40:36', '2018-03-20 02:36:35', '2018-03-20 03:40:36'),
(57, '2018-03-20', 53, 0, 37, '2018-03-20', '2018-03-20', '2018-03-20', 1, NULL, 2, 0, 0, 0, NULL, NULL, '2018-03-20 03:49:10', '2018-03-20 03:46:45', '2018-03-20 03:49:10'),
(59, '2018-03-21', 19, 3, 40, '2018-03-21', '2018-03-31', '2018-03-21', 1, NULL, 2, 0, 0, 0, NULL, NULL, '2018-03-21 09:36:20', '2018-03-21 09:35:51', '2018-03-21 09:36:20'),
(60, '2018-03-30', 12, 1, 37, '2018-03-22', '2018-03-29', '2018-03-22', 2, NULL, 2, 0, 0, 0, 12, 11, '2018-03-28 02:06:08', '2018-03-22 08:27:41', '2018-03-28 02:06:08'),
(61, '2018-03-30', 12, 1, 37, '2018-03-22', '2018-03-30', '2018-03-23', 2, NULL, 2, 0, 0, 0, 12, 12, '2018-03-28 02:06:11', '2018-03-22 09:09:22', '2018-03-28 02:06:11'),
(63, '2018-03-28', 2, 4, 38, '2018-03-27', '2018-04-10', '2018-04-03', 1, NULL, 2, 0, 0, 0, NULL, 2, '2018-03-28 02:06:14', '2018-03-27 07:14:53', '2018-03-28 02:06:14'),
(64, '2018-03-28', 2, 59, 38, '2018-03-22', '2018-04-11', '2018-04-04', 4, 2, 1, 253, 30, 3, 29, 11, NULL, '2018-03-28 02:12:32', '2018-04-17 08:42:22'),
(65, '2018-03-28', 3, 3, 40, '2018-03-28', '2018-04-28', '2018-03-28', 4, 3, 1, 19, 1, 1, 34, 3, NULL, '2018-03-28 06:36:40', '2018-04-06 03:19:17'),
(66, '2018-03-28', 3, 3, 40, '2018-03-28', '2018-03-28', '2018-03-28', 1, NULL, 2, 0, 0, 0, 12, 3, NULL, '2018-03-28 06:46:03', '2018-04-06 03:39:08'),
(67, '2018-03-28', 3, 2, 41, '2018-03-28', '2018-03-28', '2018-03-28', 2, NULL, 2, 0, 0, 0, 34, 3, NULL, '2018-03-28 06:48:19', '2018-04-06 03:41:54'),
(68, '2018-03-28', 2, 5, 38, '2018-03-28', '2018-04-15', '2018-03-28', 4, 2, 1, 6, 2, 1, 12, 2, NULL, '2018-03-28 10:21:38', '2018-04-06 08:16:07'),
(69, '2018-03-29', 3, 5, 37, '2018-03-29', '2018-03-29', '2018-03-29', 4, 3, 3, 4, 0, 0, 34, 3, NULL, '2018-03-29 02:40:58', '2018-04-04 02:05:23'),
(71, '2018-03-29', 3, 1, 37, '2018-03-29', '2018-03-29', '2018-03-29', 4, 2, 3, 67, 2, 0, 34, 3, NULL, '2018-03-29 03:04:24', '2018-04-04 01:57:02'),
(72, '2018-03-31', 12, 5, 42, '2018-03-29', '2018-04-28', '2018-04-21', 4, 12, 3, 52, 9, 0, 32, 12, NULL, '2018-03-29 07:24:18', '2018-04-03 03:21:38'),
(73, '2018-04-04', 2, 1, 45, '2018-04-04', '2018-04-30', '2018-04-23', 4, 2, 3, 5, 2, 0, 34, 2, NULL, '2018-04-04 03:17:57', '2018-04-04 03:26:45'),
(74, '2018-04-04', 3, 2, 40, '2018-04-03', '2018-04-03', '2018-03-27', 4, 2, 3, 3, 1, 1, 34, 3, NULL, '2018-04-04 04:05:10', '2018-04-06 07:09:52'),
(75, '2018-04-28', 2, 1, 46, '2018-04-06', '2018-04-30', '2018-04-23', 4, 2, 3, 24, 2, 1, 12, 2, NULL, '2018-04-06 06:22:21', '2018-04-06 09:24:54'),
(76, '2018-04-10', 2, 1, 38, '2018-04-10', '2018-04-10', '2018-04-10', 4, 2, 1, 18, 2, 1, 35, 2, NULL, '2018-04-10 11:24:41', '2018-04-20 01:52:08'),
(77, '2018-04-11', 3, 2, 40, '2018-04-11', '2018-04-11', '2018-04-11', 1, NULL, 2, 0, 0, 0, NULL, 3, NULL, '2018-04-11 03:57:21', '2018-04-11 03:57:21'),
(78, '2018-04-11', 68, 2, 42, '2018-04-11', '2018-04-16', '2018-04-11', 4, 68, 3, 7, 3, 3, 36, 68, NULL, '2018-04-11 16:16:10', '2018-04-16 04:09:34'),
(79, '2018-04-13', 3, 2, 45, '2018-04-13', '2018-04-13', '2018-04-13', 1, NULL, 2, 0, 0, 0, NULL, 3, NULL, '2018-04-13 06:44:19', '2018-04-13 06:44:19'),
(80, '2018-04-13', 3, 1, 47, '2018-04-13', '2018-04-13', '2018-04-13', 1, NULL, 2, 0, 0, 0, NULL, 3, '2018-04-13 07:25:03', '2018-04-13 07:22:27', '2018-04-13 07:25:03'),
(81, '2018-04-13', 3, 2, 47, '2018-04-13', '2018-04-13', '2018-04-13', 1, NULL, 2, 0, 0, 0, NULL, 3, '2018-04-13 07:24:52', '2018-04-13 07:24:36', '2018-04-13 07:24:52'),
(82, '2018-04-17', 2, 3, 48, '2018-04-18', '2018-04-19', '2018-04-12', 4, 2, 3, 4, 3, 2, 37, 2, NULL, '2018-04-17 03:05:46', '2018-04-19 08:44:26'),
(83, '2018-04-19', 2, 1, 38, '2018-04-20', '2018-04-21', '2018-04-20', 4, 2, 1, 0, 0, 0, 37, 2, NULL, '2018-04-19 08:52:01', '2018-04-20 02:28:39'),
(84, '2018-04-12', 2, 1, 38, '2018-04-15', '2018-04-19', '2018-04-19', 4, 2, 3, 0, 0, 0, 37, 2, NULL, '2018-04-19 09:10:31', '2018-04-19 09:45:57'),
(85, '2018-04-12', 2, 1, 38, '2018-04-15', '2018-04-19', '2018-04-19', 1, NULL, 2, 0, 0, 0, NULL, 2, '2018-04-19 09:10:59', '2018-04-19 09:10:32', '2018-04-19 09:10:59'),
(86, '2018-04-19', 2, 1, 38, '2018-04-19', '2018-04-20', '2018-04-13', 4, 2, 2, 0, 0, 0, 37, 2, NULL, '2018-04-19 10:11:08', '2018-04-19 10:24:30');

-- --------------------------------------------------------

--
-- Table structure for table `api_survey_approver_permission`
--

CREATE TABLE `api_survey_approver_permission` (
  `id` int(10) UNSIGNED NOT NULL,
  `user_id` int(11) NOT NULL,
  `survey_id` int(11) NOT NULL,
  `created_at` timestamp NULL DEFAULT NULL,
  `updated_at` timestamp NULL DEFAULT NULL
) ENGINE=InnoDB DEFAULT CHARSET=utf8mb4 COLLATE=utf8mb4_unicode_ci;

--
-- Dumping data for table `api_survey_approver_permission`
--

INSERT INTO `api_survey_approver_permission` (`id`, `user_id`, `survey_id`, `created_at`, `updated_at`) VALUES
(28, 31, 14, NULL, NULL),
(29, 5, 24, NULL, NULL),
(30, 10, 24, NULL, NULL),
(31, 2, 25, NULL, NULL),
(32, 3, 25, NULL, NULL),
(33, 4, 25, NULL, NULL),
(34, 5, 25, NULL, NULL),
(35, 1, 26, NULL, NULL),
(36, 2, 26, NULL, NULL),
(39, 4, 28, NULL, NULL),
(40, 7, 28, NULL, NULL),
(41, 22, 29, NULL, NULL),
(42, 23, 29, NULL, NULL),
(43, 35, 42, NULL, NULL),
(44, 35, 44, NULL, NULL),
(45, 37, 45, NULL, NULL),
(46, 38, 45, NULL, NULL),
(47, 2, 46, NULL, NULL),
(48, 2, 47, NULL, NULL),
(49, 41, 47, NULL, NULL),
(50, 42, 47, NULL, NULL),
(51, 12, 48, NULL, NULL),
(52, 3, 49, NULL, NULL),
(53, 10, 49, NULL, NULL),
(54, 3, 50, NULL, NULL),
(55, 10, 50, NULL, NULL),
(56, 3, 51, NULL, NULL),
(57, 10, 51, NULL, NULL),
(58, 2, 52, NULL, NULL),
(59, 4, 46, NULL, NULL),
(60, 2, 53, NULL, NULL),
(61, 3, 53, NULL, NULL),
(62, 5, 53, NULL, NULL),
(63, 7, 53, NULL, NULL),
(64, 11, 54, NULL, NULL),
(65, 50, 55, NULL, NULL),
(66, 52, 55, NULL, NULL),
(67, 53, 55, NULL, NULL),
(68, 50, 56, NULL, NULL),
(69, 52, 56, NULL, NULL),
(70, 53, 56, NULL, NULL),
(71, 6, 57, NULL, NULL),
(72, 2, 58, NULL, NULL),
(73, 3, 58, NULL, NULL),
(74, 4, 58, NULL, NULL),
(75, 5, 58, NULL, NULL),
(76, 6, 58, NULL, NULL),
(77, 7, 58, NULL, NULL),
(78, 8, 58, NULL, NULL),
(79, 10, 58, NULL, NULL),
(80, 11, 58, NULL, NULL),
(81, 12, 58, NULL, NULL),
(82, 18, 58, NULL, NULL),
(83, 19, 58, NULL, NULL),
(84, 22, 58, NULL, NULL),
(85, 23, 58, NULL, NULL),
(86, 33, 58, NULL, NULL),
(87, 34, 58, NULL, NULL),
(88, 35, 58, NULL, NULL),
(89, 36, 58, NULL, NULL),
(90, 37, 58, NULL, NULL),
(91, 38, 58, NULL, NULL),
(92, 39, 58, NULL, NULL),
(93, 40, 58, NULL, NULL),
(94, 41, 58, NULL, NULL),
(95, 42, 58, NULL, NULL),
(96, 43, 58, NULL, NULL),
(97, 45, 58, NULL, NULL),
(98, 46, 58, NULL, NULL),
(99, 47, 58, NULL, NULL),
(100, 50, 58, NULL, NULL),
(101, 51, 58, NULL, NULL),
(102, 52, 58, NULL, NULL),
(103, 53, 58, NULL, NULL),
(104, 54, 58, NULL, NULL),
(105, 2, 59, NULL, NULL),
(106, 3, 59, NULL, NULL),
(107, 4, 59, NULL, NULL),
(108, 5, 59, NULL, NULL),
(109, 6, 59, NULL, NULL),
(110, 7, 59, NULL, NULL),
(111, 8, 59, NULL, NULL),
(112, 10, 59, NULL, NULL),
(113, 11, 59, NULL, NULL),
(114, 12, 59, NULL, NULL),
(115, 18, 59, NULL, NULL),
(116, 19, 59, NULL, NULL),
(117, 22, 59, NULL, NULL),
(118, 23, 59, NULL, NULL),
(119, 33, 59, NULL, NULL),
(120, 34, 59, NULL, NULL),
(121, 35, 59, NULL, NULL),
(122, 36, 59, NULL, NULL),
(123, 37, 59, NULL, NULL),
(124, 38, 59, NULL, NULL),
(125, 39, 59, NULL, NULL),
(126, 40, 59, NULL, NULL),
(127, 41, 59, NULL, NULL),
(128, 42, 59, NULL, NULL),
(129, 43, 59, NULL, NULL),
(130, 45, 59, NULL, NULL),
(131, 46, 59, NULL, NULL),
(132, 47, 59, NULL, NULL),
(133, 50, 59, NULL, NULL),
(134, 51, 59, NULL, NULL),
(135, 52, 59, NULL, NULL),
(136, 53, 59, NULL, NULL),
(137, 54, 59, NULL, NULL),
(138, 12, 60, NULL, NULL),
(139, 3, 61, NULL, NULL),
(140, 4, 61, NULL, NULL),
(141, 11, 62, NULL, NULL),
(142, 53, 63, NULL, NULL),
(145, 11, 64, NULL, NULL),
(147, 2, 66, NULL, NULL),
(148, 4, 67, NULL, NULL),
(149, 3, 67, NULL, NULL),
(150, 61, 68, NULL, NULL),
(151, 3, 69, NULL, NULL),
(152, 6, 71, NULL, NULL),
(153, 12, 72, NULL, NULL),
(154, 2, 65, NULL, NULL),
(155, 2, 73, NULL, NULL),
(156, 2, 74, NULL, NULL),
(157, 3, 74, NULL, NULL),
(158, 5, 74, NULL, NULL),
(159, 2, 75, NULL, NULL),
(160, 2, 76, NULL, NULL),
(161, 10, 77, NULL, NULL),
(162, 68, 78, NULL, NULL),
(163, 2, 79, NULL, NULL),
(164, 3, 80, NULL, NULL),
(165, 2, 81, NULL, NULL),
(166, 2, 82, NULL, NULL),
(167, 2, 83, NULL, NULL),
(168, 2, 84, NULL, NULL),
(169, 2, 85, NULL, NULL),
(170, 2, 86, NULL, NULL);

-- --------------------------------------------------------

--
-- Table structure for table `api_survey_comment`
--

CREATE TABLE `api_survey_comment` (
  `id` int(10) UNSIGNED NOT NULL,
  `user_id` int(11) NOT NULL,
  `comment` text COLLATE utf8mb4_unicode_ci,
  `survey_id` int(11) DEFAULT NULL,
  `deleted_at` timestamp NULL DEFAULT NULL,
  `created_at` timestamp NULL DEFAULT NULL,
  `updated_at` timestamp NULL DEFAULT NULL
) ENGINE=InnoDB DEFAULT CHARSET=utf8mb4 COLLATE=utf8mb4_unicode_ci;

--
-- Dumping data for table `api_survey_comment`
--

INSERT INTO `api_survey_comment` (`id`, `user_id`, `comment`, `survey_id`, `deleted_at`, `created_at`, `updated_at`) VALUES
(1, 12, 'Toi thay dc roi', 47, NULL, '2018-03-21 09:25:15', '2018-03-21 09:25:15'),
(2, 12, 'aaaa', 53, NULL, '2018-03-23 07:40:13', '2018-03-23 07:40:13'),
(3, 12, 'aaaa', 53, NULL, '2018-03-23 07:40:25', '2018-03-23 07:40:25'),
(4, 12, 'Survey nay cui qua', 53, NULL, '2018-03-23 08:12:19', '2018-03-23 08:12:19'),
(5, 12, 'ai noi cui', 53, NULL, '2018-03-23 08:12:43', '2018-03-23 08:12:43'),
(6, 12, 'aaaa', 53, NULL, '2018-03-23 08:15:50', '2018-03-23 08:15:50'),
(7, 12, 'fff', 53, NULL, '2018-03-23 08:18:27', '2018-03-23 08:18:27'),
(8, 12, 'fsdfds', 53, NULL, '2018-03-23 08:19:14', '2018-03-23 08:19:14'),
(9, 11, 'ok', 58, NULL, '2018-03-26 01:38:49', '2018-03-26 01:38:49'),
(10, 11, 'ok', 62, NULL, '2018-03-26 02:11:23', '2018-03-26 02:11:23'),
(11, 11, 'abc', 61, NULL, '2018-03-26 10:07:27', '2018-03-26 10:07:27'),
(12, 3, 'comment', 66, NULL, '2018-04-09 02:12:35', '2018-04-09 02:12:35'),
(13, 3, 'test', 66, NULL, '2018-04-10 01:46:21', '2018-04-10 01:46:21'),
(14, 3, 'abc', 66, NULL, '2018-04-10 01:47:51', '2018-04-10 01:47:51'),
(15, 3, 'review comment', 66, NULL, '2018-04-10 02:41:46', '2018-04-10 02:41:46');

-- --------------------------------------------------------

--
-- Table structure for table `api_survey_creator_permission`
--

CREATE TABLE `api_survey_creator_permission` (
  `id` int(10) UNSIGNED NOT NULL,
  `user_id` int(11) NOT NULL,
  `survey_id` int(11) NOT NULL,
  `created_at` timestamp NULL DEFAULT NULL,
  `updated_at` timestamp NULL DEFAULT NULL
) ENGINE=InnoDB DEFAULT CHARSET=utf8mb4 COLLATE=utf8mb4_unicode_ci;

--
-- Dumping data for table `api_survey_creator_permission`
--

INSERT INTO `api_survey_creator_permission` (`id`, `user_id`, `survey_id`, `created_at`, `updated_at`) VALUES
(36, 31, 14, NULL, NULL),
(37, 10, 24, NULL, NULL),
(38, 2, 25, NULL, NULL),
(39, 3, 25, NULL, NULL),
(40, 4, 25, NULL, NULL),
(41, 1, 26, NULL, NULL),
(42, 2, 26, NULL, NULL),
(43, 22, 27, NULL, NULL),
(44, 23, 27, NULL, NULL),
(45, 8, 28, NULL, NULL),
(46, 9, 28, NULL, NULL),
(47, 22, 29, NULL, NULL),
(48, 23, 29, NULL, NULL),
(49, 35, 42, NULL, NULL),
(50, 35, 44, NULL, NULL),
(51, 35, 45, NULL, NULL),
(52, 37, 45, NULL, NULL),
(53, 38, 45, NULL, NULL),
(54, 35, 46, NULL, NULL),
(55, 2, 46, NULL, NULL),
(56, 35, 47, NULL, NULL),
(58, 41, 47, NULL, NULL),
(59, 42, 47, NULL, NULL),
(60, 35, 48, NULL, NULL),
(61, 12, 48, NULL, NULL),
(62, 5, 46, NULL, NULL),
(63, 35, 49, NULL, NULL),
(64, 3, 49, NULL, NULL),
(65, 35, 50, NULL, NULL),
(66, 3, 50, NULL, NULL),
(67, 35, 51, NULL, NULL),
(68, 3, 51, NULL, NULL),
(69, 35, 52, NULL, NULL),
(70, 2, 52, NULL, NULL),
(71, 35, 53, NULL, NULL),
(72, 2, 53, NULL, NULL),
(73, 3, 53, NULL, NULL),
(74, 5, 53, NULL, NULL),
(75, 35, 54, NULL, NULL),
(76, 11, 54, NULL, NULL),
(77, 35, 55, NULL, NULL),
(78, 50, 55, NULL, NULL),
(79, 52, 55, NULL, NULL),
(80, 53, 55, NULL, NULL),
(81, 35, 56, NULL, NULL),
(82, 50, 56, NULL, NULL),
(83, 52, 56, NULL, NULL),
(84, 53, 56, NULL, NULL),
(85, 35, 57, NULL, NULL),
(86, 6, 57, NULL, NULL),
(87, 35, 58, NULL, NULL),
(88, 2, 58, NULL, NULL),
(89, 3, 58, NULL, NULL),
(90, 4, 58, NULL, NULL),
(91, 5, 58, NULL, NULL),
(92, 6, 58, NULL, NULL),
(93, 7, 58, NULL, NULL),
(94, 8, 58, NULL, NULL),
(95, 10, 58, NULL, NULL),
(96, 11, 58, NULL, NULL),
(97, 12, 58, NULL, NULL),
(98, 18, 58, NULL, NULL),
(99, 19, 58, NULL, NULL),
(100, 22, 58, NULL, NULL),
(101, 23, 58, NULL, NULL),
(102, 33, 58, NULL, NULL),
(103, 34, 58, NULL, NULL),
(104, 36, 58, NULL, NULL),
(105, 37, 58, NULL, NULL),
(106, 38, 58, NULL, NULL),
(107, 39, 58, NULL, NULL),
(108, 40, 58, NULL, NULL),
(109, 41, 58, NULL, NULL),
(110, 42, 58, NULL, NULL),
(111, 43, 58, NULL, NULL),
(112, 45, 58, NULL, NULL),
(113, 46, 58, NULL, NULL),
(114, 47, 58, NULL, NULL),
(115, 50, 58, NULL, NULL),
(116, 51, 58, NULL, NULL),
(117, 52, 58, NULL, NULL),
(118, 53, 58, NULL, NULL),
(119, 54, 58, NULL, NULL),
(120, 35, 59, NULL, NULL),
(121, 2, 59, NULL, NULL),
(122, 3, 59, NULL, NULL),
(123, 4, 59, NULL, NULL),
(124, 5, 59, NULL, NULL),
(125, 6, 59, NULL, NULL),
(126, 7, 59, NULL, NULL),
(127, 8, 59, NULL, NULL),
(128, 10, 59, NULL, NULL),
(129, 11, 59, NULL, NULL),
(130, 12, 59, NULL, NULL),
(131, 18, 59, NULL, NULL),
(132, 19, 59, NULL, NULL),
(133, 22, 59, NULL, NULL),
(134, 23, 59, NULL, NULL),
(135, 33, 59, NULL, NULL),
(136, 34, 59, NULL, NULL),
(137, 36, 59, NULL, NULL),
(138, 37, 59, NULL, NULL),
(139, 38, 59, NULL, NULL),
(140, 39, 59, NULL, NULL),
(141, 40, 59, NULL, NULL),
(142, 41, 59, NULL, NULL),
(143, 42, 59, NULL, NULL),
(144, 43, 59, NULL, NULL),
(145, 45, 59, NULL, NULL),
(146, 46, 59, NULL, NULL),
(147, 47, 59, NULL, NULL),
(148, 50, 59, NULL, NULL),
(149, 51, 59, NULL, NULL),
(150, 52, 59, NULL, NULL),
(151, 53, 59, NULL, NULL),
(152, 54, 59, NULL, NULL),
(153, 35, 60, NULL, NULL),
(154, 2, 60, NULL, NULL),
(155, 35, 61, NULL, NULL),
(156, 2, 61, NULL, NULL),
(157, 11, 61, NULL, NULL),
(158, 35, 62, NULL, NULL),
(159, 11, 62, NULL, NULL),
(160, 35, 63, NULL, NULL),
(161, 50, 63, NULL, NULL),
(162, 35, 64, NULL, NULL),
(164, 11, 64, NULL, NULL),
(165, 35, 65, NULL, NULL),
(167, 35, 66, NULL, NULL),
(168, 2, 66, NULL, NULL),
(169, 35, 67, NULL, NULL),
(170, 3, 67, NULL, NULL),
(171, 35, 68, NULL, NULL),
(172, 60, 68, NULL, NULL),
(173, 35, 69, NULL, NULL),
(174, 2, 69, NULL, NULL),
(175, 35, 71, NULL, NULL),
(176, 2, 71, NULL, NULL),
(177, 35, 72, NULL, NULL),
(178, 12, 72, NULL, NULL),
(179, 2, 65, NULL, NULL),
(180, 3, 65, NULL, NULL),
(181, 5, 65, NULL, NULL),
(182, 6, 65, NULL, NULL),
(183, 10, 65, NULL, NULL),
(184, 11, 65, NULL, NULL),
(185, 12, 65, NULL, NULL),
(186, 53, 65, NULL, NULL),
(187, 60, 65, NULL, NULL),
(188, 67, 65, NULL, NULL),
(189, 35, 73, NULL, NULL),
(190, 2, 73, NULL, NULL),
(192, 3, 74, NULL, NULL),
(196, 5, 74, NULL, NULL),
(197, 2, 75, NULL, NULL),
(198, 2, 76, NULL, NULL),
(199, 3, 77, NULL, NULL),
(200, 68, 78, NULL, NULL),
(201, 2, 79, NULL, NULL),
(202, 3, 80, NULL, NULL),
(203, 2, 81, NULL, NULL),
(204, 2, 82, NULL, NULL),
(205, 2, 83, NULL, NULL),
(206, 2, 84, NULL, NULL),
(207, 2, 85, NULL, NULL),
(208, 2, 86, NULL, NULL);

-- --------------------------------------------------------

--
-- Table structure for table `api_survey_language`
--

CREATE TABLE `api_survey_language` (
  `id` int(10) UNSIGNED NOT NULL,
  `title` varchar(191) COLLATE utf8mb4_unicode_ci DEFAULT NULL,
  `footer_text` text COLLATE utf8mb4_unicode_ci,
  `thanks_message` text COLLATE utf8mb4_unicode_ci,
  `intro` text COLLATE utf8mb4_unicode_ci,
  `id_language` int(11) NOT NULL COMMENT '1:en ,2:vi',
  `id_survey` int(10) UNSIGNED NOT NULL,
  `deleted_at` timestamp NULL DEFAULT NULL,
  `created_at` timestamp NULL DEFAULT NULL,
  `updated_at` timestamp NULL DEFAULT NULL
) ENGINE=InnoDB DEFAULT CHARSET=utf8mb4 COLLATE=utf8mb4_unicode_ci;

--
-- Dumping data for table `api_survey_language`
--

INSERT INTO `api_survey_language` (`id`, `title`, `footer_text`, `thanks_message`, `intro`, `id_language`, `id_survey`, `deleted_at`, `created_at`, `updated_at`) VALUES
(47, 'test', NULL, NULL, NULL, 1, 49, NULL, '2018-03-14 04:27:40', '2018-03-14 04:27:40'),
(48, 'tan', NULL, NULL, NULL, 2, 49, NULL, '2018-03-14 04:27:40', '2018-03-14 04:27:40'),
(51, 'tan', NULL, NULL, NULL, 1, 51, NULL, '2018-03-14 04:27:41', '2018-03-22 09:13:29'),
(52, 'test', NULL, NULL, NULL, 2, 51, NULL, '2018-03-14 04:27:42', '2018-03-22 09:13:29'),
(53, 'abc', NULL, NULL, NULL, 1, 52, NULL, '2018-03-14 04:31:41', '2018-03-14 04:44:09'),
(54, 'tan test 2', NULL, NULL, NULL, 2, 52, NULL, '2018-03-14 04:31:41', '2018-03-14 04:44:09'),
(55, 'Bảng khảo sát QC', 'Hết', 'Cám ơn sự giúp đỡ của bạn', 'Bảng khảo sát dùng để kiểm tra nhân viên', 2, 53, NULL, '2018-03-19 02:56:31', '2018-03-19 03:10:00'),
(56, 'Survey QC', 'The end', 'Thanks for your help', 'This survey use to test about employees', 1, 53, NULL, '2018-03-19 02:56:31', '2018-03-19 03:10:00'),
(59, 'Hobbies of female employees', NULL, NULL, NULL, 1, 55, NULL, '2018-03-20 02:36:35', '2018-03-20 02:36:35'),
(60, 'Sở thích của nhân viên nữ', NULL, NULL, NULL, 2, 55, NULL, '2018-03-20 02:36:35', '2018-03-20 02:36:35'),
(63, '23', NULL, NULL, NULL, 1, 57, NULL, '2018-03-20 03:46:46', '2018-03-20 03:46:46'),
(64, '3e32', NULL, NULL, NULL, 2, 57, NULL, '2018-03-20 03:46:46', '2018-03-20 03:46:46'),
(67, 'H2K survey', NULL, NULL, NULL, 1, 59, NULL, '2018-03-21 09:35:54', '2018-03-21 09:35:54'),
(68, 'H2K khảo sát', NULL, NULL, NULL, 2, 59, NULL, '2018-03-21 09:35:54', '2018-03-21 09:35:54'),
(69, 'bach test survey', 'abc', 'abc', 'abc', 1, 60, NULL, '2018-03-22 08:27:42', '2018-03-26 01:41:29'),
(70, 'bach test survey', 'abc', 'abc', 'abc', 2, 60, NULL, '2018-03-22 08:27:42', '2018-03-26 01:41:29'),
(71, 'bach test 2', 'abc', 'abc', 'abc', 2, 61, NULL, '2018-03-22 09:09:23', '2018-03-26 01:41:05'),
(72, 'bach test 2', 'abc', 'abc', 'abc', 1, 61, NULL, '2018-03-22 09:09:23', '2018-03-26 01:41:05'),
(75, 'Phiên bản Vi', NULL, NULL, NULL, 1, 63, NULL, '2018-03-27 07:14:53', '2018-03-27 07:41:47'),
(76, 'Version En', NULL, NULL, NULL, 2, 63, NULL, '2018-03-27 07:14:53', '2018-03-27 07:41:47'),
(77, 'Phiên bản Vi', 'Kết thúc', 'Chúc 1 ngày tốt lành', 'Giới thiệu công ty của bạn', 2, 64, NULL, '2018-03-28 02:12:32', '2018-03-28 02:22:44'),
(78, 'Version EN', 'The end', 'Have a nice day', 'Introduce your company', 1, 64, NULL, '2018-03-28 02:12:32', '2018-03-28 02:22:44'),
(79, 'Survey EN', NULL, NULL, NULL, 2, 65, NULL, '2018-03-28 06:36:41', '2018-04-02 07:20:08'),
(80, 'Bảng khảo sát VI', NULL, NULL, NULL, 1, 65, NULL, '2018-03-28 06:36:41', '2018-04-02 07:20:09'),
(81, 'hao', 'aa', 'aa', 'aa', 2, 66, NULL, '2018-03-28 06:46:04', '2018-04-06 03:39:08'),
(82, 'hao', 'aa', 'aa', 'aa', 1, 66, NULL, '2018-03-28 06:46:04', '2018-04-06 03:39:08'),
(83, 'hao', 'aa', 'aa', 'aaa', 2, 67, NULL, '2018-03-28 06:48:21', '2018-04-06 03:37:50'),
(84, 'hao', 'aa', 'aaa', 'abc', 1, 67, NULL, '2018-03-28 06:48:21', '2018-04-06 03:37:50'),
(85, 'Bảng khảo sát của Qc', '5555555555555555555555555555', '555555555555555444444444444444444444444', NULL, 2, 68, NULL, '2018-03-28 10:21:38', '2018-03-29 02:20:39'),
(86, 'Survey of QC', '555555', '5', NULL, 1, 68, NULL, '2018-03-28 10:21:38', '2018-03-29 02:20:39'),
(87, 'aaa', NULL, NULL, NULL, 2, 69, NULL, '2018-03-29 02:40:58', '2018-04-03 04:02:02'),
(88, 'test', NULL, NULL, NULL, 1, 69, NULL, '2018-03-29 02:40:58', '2018-04-03 04:02:02'),
(89, 'asd', NULL, NULL, NULL, 2, 71, NULL, '2018-03-29 03:04:24', '2018-04-03 04:00:42'),
(90, 'asd', NULL, NULL, NULL, 1, 71, NULL, '2018-03-29 03:04:24', '2018-04-03 04:00:42'),
(91, 'Test request note', '1321', '1231', '2222', 2, 72, NULL, '2018-03-29 07:24:19', '2018-03-29 07:32:42'),
(92, 'Test request note', '123', '123', '1111', 1, 72, NULL, '2018-03-29 07:24:19', '2018-03-29 07:32:42'),
(93, 'khảo sát 04/04/2018', 'Câu kết thúc', 'Cảm ơn', 'câu mở đầu 04/04/2018', 2, 73, NULL, '2018-04-04 03:17:57', '2018-04-04 03:19:49'),
(94, 'survey 04/04/2018', 'Footer text EN', 'Thanks', 'intro 04/04/2018', 1, 73, NULL, '2018-04-04 03:17:57', '2018-04-04 03:19:49'),
(95, 'survey 4-4', NULL, NULL, NULL, 2, 74, NULL, '2018-04-04 04:05:11', '2018-04-06 03:41:39'),
(96, 'survey 4-4 vi', NULL, NULL, NULL, 1, 74, NULL, '2018-04-04 04:05:11', '2018-04-06 03:41:39'),
(97, 'khảo sát 06/04/2018', 'footer text vn', 'thanks vn', 'intro Vietnamese', 2, 75, NULL, '2018-04-06 06:22:21', '2018-04-06 06:25:13'),
(98, 'survey 06/04/2018', 'footer text eng', 'thanks eng', 'intro english', 1, 75, NULL, '2018-04-06 06:22:21', '2018-04-06 06:25:13'),
(99, 'khao sat admin', 'footer vn', 'cam on', 'intro vn', 2, 76, NULL, '2018-04-10 11:24:41', '2018-04-10 11:26:23'),
(100, 'survey admin', 'footer eng', 'thanks', 'intro eng', 1, 76, NULL, '2018-04-10 11:24:41', '2018-04-10 11:26:23'),
(101, 'survey tieng anh', NULL, NULL, NULL, 1, 77, NULL, '2018-04-11 03:57:21', '2018-04-11 03:57:21'),
(102, 'bang khao sat tieng viet', NULL, NULL, NULL, 2, 77, NULL, '2018-04-11 03:57:21', '2018-04-11 03:57:21'),
(103, 'Bach tao survey 11-4', 'cccc', 'dddd', 'test', 2, 78, NULL, '2018-04-11 16:16:10', '2018-04-11 16:26:22'),
(104, 'Bach tao survey 11-4', 'âaa', 'bbbb', 'test', 1, 78, NULL, '2018-04-11 16:16:10', '2018-04-11 16:26:22'),
(105, 'hao test', NULL, NULL, NULL, 1, 79, NULL, '2018-04-13 06:44:19', '2018-04-13 06:44:19'),
(106, 'hao test', NULL, NULL, NULL, 2, 79, NULL, '2018-04-13 06:44:19', '2018-04-13 06:44:19'),
(107, 'qwe', NULL, NULL, NULL, 1, 80, NULL, '2018-04-13 07:22:27', '2018-04-13 07:22:27'),
(108, 'qwe', NULL, NULL, NULL, 2, 80, NULL, '2018-04-13 07:22:27', '2018-04-13 07:22:27'),
(109, 'qwe', NULL, NULL, NULL, 1, 81, NULL, '2018-04-13 07:24:36', '2018-04-13 07:24:36'),
(110, 'qwe', NULL, NULL, NULL, 2, 81, NULL, '2018-04-13 07:24:36', '2018-04-13 07:24:36'),
(111, 'Sở thích', 'Hết', 'Cám ơn', 'Sở thích 123', 2, 82, NULL, '2018-04-17 03:05:46', '2018-04-17 03:30:16'),
(112, 'Hobbies', 'The end', 'Thanks', 'Hoppies 123', 1, 82, NULL, '2018-04-17 03:05:46', '2018-04-17 03:30:16'),
(113, 'Survey 123', 'What is Cron Job ?', 'What is Cron Job ?', 'How to test Cron Job(Cron job testing)', 1, 83, NULL, '2018-04-19 08:52:01', '2018-04-19 09:29:34'),
(114, 'Survey 123', 'What is Cron Job ?', 'What is Cron Job ?', 'How to test Cron Job(Cron job testing)', 2, 83, NULL, '2018-04-19 08:52:01', '2018-04-19 09:29:34'),
(115, 'Survey 121', 'Verify that when we select the forgot password link it is directing to forgot password link page.', 'Verify that when we select the forgot password link it is directing to forgot password link page.', 'Verify that when we select the forgot password link it is directing to forgot password link page.', 2, 84, NULL, '2018-04-19 09:10:31', '2018-04-19 09:21:11'),
(116, 'Survey 121', 'Verify that when we select the forgot password link it is directing to forgot password link page.', 'Verify that when we select the forgot password link it is directing to forgot password link page.', 'Verify that when we select the forgot password link it is directing to forgot password link page.', 1, 84, NULL, '2018-04-19 09:10:31', '2018-04-19 09:21:11'),
(117, 'Survey 121', NULL, NULL, NULL, 1, 85, NULL, '2018-04-19 09:10:32', '2018-04-19 09:10:32'),
(118, 'Survey 121', NULL, NULL, NULL, 2, 85, NULL, '2018-04-19 09:10:32', '2018-04-19 09:10:32'),
(119, 'Survey 111', 'The software utility Cron is a time-based job scheduler in Unix-like computer operating systems.', 'The software utility Cron is a time-based job scheduler in Unix-like computer operating systems.', 'The software utility Cron is a time-based job scheduler in Unix-like computer operating systems.', 2, 86, NULL, '2018-04-19 10:11:08', '2018-04-19 10:12:30'),
(120, 'Survey 111', 'The software utility Cron is a time-based job scheduler in Unix-like computer operating systems.', 'The software utility Cron is a time-based job scheduler in Unix-like computer operating systems.', 'The software utility Cron is a time-based job scheduler in Unix-like computer operating systems.', 1, 86, NULL, '2018-04-19 10:11:09', '2018-04-19 10:12:30');

-- --------------------------------------------------------

--
-- Table structure for table `api_survey_question_comment`
--

CREATE TABLE `api_survey_question_comment` (
  `id` int(10) UNSIGNED NOT NULL,
  `user_id` int(11) NOT NULL,
  `comment` text COLLATE utf8mb4_unicode_ci,
  `survey_id` int(11) DEFAULT NULL,
  `question_id` int(11) DEFAULT NULL,
  `deleted_at` timestamp NULL DEFAULT NULL,
  `created_at` timestamp NULL DEFAULT NULL,
  `updated_at` timestamp NULL DEFAULT NULL
) ENGINE=InnoDB DEFAULT CHARSET=utf8mb4 COLLATE=utf8mb4_unicode_ci;

-- --------------------------------------------------------

--
-- Table structure for table `api_survey_result`
--

CREATE TABLE `api_survey_result` (
  `id` int(10) UNSIGNED NOT NULL,
  `id_user` int(10) UNSIGNED NOT NULL,
  `total_point` int(11) NOT NULL DEFAULT '0',
  `opponion` varchar(191) COLLATE utf8mb4_unicode_ci DEFAULT NULL,
  `id_survey` int(10) UNSIGNED NOT NULL,
  `status` int(11) NOT NULL DEFAULT '0' COMMENT '0:draft,1:save,2:done',
  `deleted_at` timestamp NULL DEFAULT NULL,
  `created_at` timestamp NULL DEFAULT NULL,
  `updated_at` timestamp NULL DEFAULT NULL,
  `submit_date` datetime DEFAULT NULL
) ENGINE=InnoDB DEFAULT CHARSET=utf8mb4 COLLATE=utf8mb4_unicode_ci;

--
-- Dumping data for table `api_survey_result`
--

INSERT INTO `api_survey_result` (`id`, `id_user`, `total_point`, `opponion`, `id_survey`, `status`, `deleted_at`, `created_at`, `updated_at`, `submit_date`) VALUES
(4, 12, 0, NULL, 53, 2, NULL, '2018-03-19 09:52:43', '2018-03-19 14:56:40', '2018-03-19 21:56:40'),
(9, 3, 0, NULL, 53, 1, NULL, '2018-03-27 10:27:41', '2018-03-27 10:27:41', NULL),
(10, 53, 0, NULL, 64, 2, NULL, '2018-03-28 02:36:08', '2018-03-28 02:36:57', '2018-03-28 09:36:57'),
(11, 11, 0, NULL, 64, 2, NULL, '2018-03-28 02:55:12', '2018-03-28 02:55:12', '2018-03-28 09:55:12'),
(12, 52, 0, NULL, 64, 2, NULL, '2018-03-28 03:22:24', '2018-03-28 03:22:24', '2018-03-28 10:22:24'),
(13, 3, 0, NULL, 64, 1, NULL, '2018-03-29 07:18:59', '2018-03-29 07:18:59', NULL),
(14, 12, 0, NULL, 72, 1, NULL, '2018-03-29 08:54:40', '2018-03-29 08:54:40', NULL),
(15, 3, 0, NULL, 65, 2, NULL, '2018-04-02 07:23:33', '2018-04-02 07:23:33', '2018-04-02 14:23:33'),
(16, 2, 0, NULL, 71, 3, NULL, '2018-04-03 07:00:44', '2018-04-03 09:15:29', NULL),
(17, 2, 0, NULL, 73, 3, NULL, '2018-04-04 03:24:17', '2018-04-04 03:25:23', NULL),
(18, 2, 0, NULL, 68, 2, NULL, '2018-04-04 03:31:44', '2018-04-04 03:31:44', '2018-04-04 10:31:44'),
(19, 11, 0, NULL, 75, 3, NULL, '2018-04-06 06:54:41', '2018-04-06 06:56:34', '2018-04-06 13:54:58'),
(20, 11, 0, NULL, 74, 3, NULL, '2018-04-06 07:06:48', '2018-04-06 07:09:52', '2018-04-06 14:06:48'),
(21, 11, 0, NULL, 68, 1, NULL, '2018-04-06 08:14:15', '2018-04-06 08:14:15', NULL),
(22, 2, 0, NULL, 76, 2, NULL, '2018-04-10 11:32:39', '2018-04-10 11:34:30', '2018-04-10 18:34:30'),
(23, 68, 0, NULL, 78, 3, NULL, '2018-04-11 16:33:43', '2018-04-16 04:10:42', '2018-04-11 23:33:43'),
(24, 69, 0, NULL, 78, 3, NULL, '2018-04-11 16:34:51', '2018-04-16 04:10:42', '2018-04-11 23:34:51'),
(25, 70, 0, NULL, 78, 3, NULL, '2018-04-11 16:44:01', '2018-04-16 04:10:42', '2018-04-11 23:44:01'),
(26, 53, 0, NULL, 82, 3, NULL, '2018-04-17 03:41:15', '2018-04-19 08:44:26', '2018-04-17 10:41:41'),
(27, 52, 0, NULL, 82, 3, NULL, '2018-04-17 03:50:39', '2018-04-19 08:44:26', '2018-04-17 10:50:39');

-- --------------------------------------------------------

--
-- Table structure for table `api_survey_result_detail`
--

CREATE TABLE `api_survey_result_detail` (
  `id` int(10) UNSIGNED NOT NULL,
  `id_question` int(10) UNSIGNED NOT NULL,
  `answer_text` text COLLATE utf8mb4_unicode_ci,
  `id_survey_result` int(10) UNSIGNED DEFAULT NULL,
  `answer_id` int(10) UNSIGNED NOT NULL,
  `note` text COLLATE utf8mb4_unicode_ci,
  `deleted_at` timestamp NULL DEFAULT NULL,
  `created_at` timestamp NULL DEFAULT NULL,
  `updated_at` timestamp NULL DEFAULT NULL
) ENGINE=InnoDB DEFAULT CHARSET=utf8mb4 COLLATE=utf8mb4_unicode_ci;

--
-- Dumping data for table `api_survey_result_detail`
--

INSERT INTO `api_survey_result_detail` (`id`, `id_question`, `answer_text`, `id_survey_result`, `answer_id`, `note`, `deleted_at`, `created_at`, `updated_at`) VALUES
(42, 153, '', 4, 25, NULL, NULL, '2018-03-19 09:52:43', '2018-03-19 09:52:43'),
(43, 154, '', 4, 31, NULL, NULL, '2018-03-19 09:52:43', '2018-03-19 09:52:43'),
(44, 155, 'khong co cau tra loi', 4, 0, NULL, NULL, '2018-03-19 09:52:43', '2018-03-19 09:52:43'),
(58, 153, '', 9, 28, NULL, NULL, '2018-03-27 10:27:41', '2018-03-27 10:27:41'),
(59, 155, '', 9, 0, NULL, NULL, '2018-03-27 10:27:42', '2018-03-27 10:27:42'),
(60, 170, '', 10, 67, NULL, NULL, '2018-03-28 02:36:08', '2018-03-28 02:36:08'),
(61, 172, '', 10, 0, NULL, NULL, '2018-03-28 02:36:08', '2018-03-28 02:36:08'),
(62, 171, '', 10, 71, NULL, NULL, '2018-03-28 02:36:57', '2018-03-28 02:36:57'),
(63, 172, '', 11, 0, NULL, NULL, '2018-03-28 02:55:12', '2018-03-28 02:55:12'),
(64, 172, '', 12, 70, 'asdasd', NULL, '2018-03-28 03:22:24', '2018-03-28 03:22:24'),
(65, 172, 'fsdfs', 13, 0, NULL, NULL, '2018-03-29 07:18:59', '2018-04-02 09:06:32'),
(66, 177, '', 14, 86, '2222a', '2018-03-29 09:45:48', '2018-03-29 08:54:40', '2018-03-29 09:45:48'),
(67, 178, '', 14, 91, 'Toi khong thich', '2018-03-29 09:20:30', '2018-03-29 08:54:40', '2018-03-29 09:20:30'),
(68, 178, '', 14, 90, 'Toi khong thich do, lam gi nhau', '2018-03-29 09:45:49', '2018-03-29 09:20:30', '2018-03-29 09:45:49'),
(69, 177, '', 14, 87, '2222a', '2018-03-29 10:12:43', '2018-03-29 09:45:48', '2018-03-29 10:12:43'),
(70, 178, '', 14, 91, 'Toi khong thich do, lam gi nhau', NULL, '2018-03-29 09:45:49', '2018-03-29 09:45:49'),
(71, 177, '', 14, 86, '123', NULL, '2018-03-29 10:12:42', '2018-03-30 03:11:26'),
(72, 179, '', 15, 96, 'ok', NULL, '2018-04-02 07:23:33', '2018-04-02 07:23:33'),
(73, 170, '', 13, 66, 'abb', '2018-04-04 09:42:33', '2018-04-02 08:35:09', '2018-04-04 09:42:33'),
(74, 182, '', 17, 112, '', '2018-04-04 03:24:48', '2018-04-04 03:24:18', '2018-04-04 03:24:48'),
(75, 183, '', 17, 116, '', NULL, '2018-04-04 03:24:18', '2018-04-04 03:24:18'),
(76, 182, '', 17, 111, 'description', NULL, '2018-04-04 03:24:48', '2018-04-04 03:24:48'),
(77, 173, '', 18, 76, '', NULL, '2018-04-04 03:31:44', '2018-04-04 03:31:44'),
(78, 174, '', 18, 81, '', NULL, '2018-04-04 03:31:44', '2018-04-04 03:31:44'),
(79, 175, '', 18, 83, '', NULL, '2018-04-04 03:31:44', '2018-04-04 03:31:44'),
(80, 176, 't', 18, 0, NULL, NULL, '2018-04-04 03:31:44', '2018-04-04 03:31:44'),
(81, 170, '', 13, 69, '', '2018-04-04 09:43:34', '2018-04-04 09:42:33', '2018-04-04 09:43:34'),
(82, 170, '', 13, 66, 'abb', '2018-04-04 09:44:17', '2018-04-04 09:43:34', '2018-04-04 09:44:17'),
(83, 170, '', 13, 69, '', NULL, '2018-04-04 09:44:17', '2018-04-04 09:44:17'),
(84, 188, '', 19, 137, 'abc', NULL, '2018-04-06 06:54:41', '2018-04-06 06:54:58'),
(85, 189, '', 19, 142, 'hu\' hu\'', NULL, '2018-04-06 06:54:41', '2018-04-06 06:54:41'),
(86, 188, '', 19, 139, 'edf', NULL, '2018-04-06 06:54:58', '2018-04-06 06:54:58'),
(87, 185, '', 20, 122, 'a', NULL, '2018-04-06 07:06:48', '2018-04-06 07:06:48'),
(88, 186, '', 20, 127, 'a', NULL, '2018-04-06 07:06:48', '2018-04-06 07:06:48'),
(89, 173, '', 21, 76, 'avc', NULL, '2018-04-06 08:14:15', '2018-04-06 08:14:15'),
(90, 176, '', 21, 0, NULL, NULL, '2018-04-06 08:14:15', '2018-04-06 08:14:15'),
(91, 191, '', 22, 148, '', '2018-04-10 11:34:31', '2018-04-10 11:32:39', '2018-04-10 11:34:31'),
(92, 192, '', 22, 151, '', NULL, '2018-04-10 11:32:39', '2018-04-10 11:32:39'),
(93, 191, '', 22, 147, 'abc', NULL, '2018-04-10 11:34:31', '2018-04-10 11:34:31'),
(94, 193, '', 23, 153, '1234', NULL, '2018-04-11 16:33:43', '2018-04-11 16:33:43'),
(95, 194, '', 23, 159, '1234', NULL, '2018-04-11 16:33:43', '2018-04-11 16:33:43'),
(96, 195, '', 23, 165, '12312', NULL, '2018-04-11 16:33:43', '2018-04-11 16:33:43'),
(97, 196, '', 23, 171, '1312', NULL, '2018-04-11 16:33:43', '2018-04-11 16:33:43'),
(98, 197, '', 23, 177, '3213', NULL, '2018-04-11 16:33:44', '2018-04-11 16:33:44'),
(99, 198, '', 23, 182, '12312', NULL, '2018-04-11 16:33:44', '2018-04-11 16:33:44'),
(100, 199, '', 23, 186, '312321', NULL, '2018-04-11 16:33:44', '2018-04-11 16:33:44'),
(101, 200, '', 23, 190, '312312', NULL, '2018-04-11 16:33:44', '2018-04-11 16:33:44'),
(102, 201, '', 23, 194, '321312', NULL, '2018-04-11 16:33:44', '2018-04-11 16:33:44'),
(103, 202, '', 23, 198, '321312', NULL, '2018-04-11 16:33:44', '2018-04-11 16:33:44'),
(104, 193, '', 24, 154, '123', NULL, '2018-04-11 16:34:51', '2018-04-11 16:34:51'),
(105, 194, '', 24, 160, '312312', NULL, '2018-04-11 16:34:51', '2018-04-11 16:34:51'),
(106, 195, '', 24, 166, '31312', NULL, '2018-04-11 16:34:51', '2018-04-11 16:34:51'),
(107, 196, '', 24, 172, '312312', NULL, '2018-04-11 16:34:52', '2018-04-11 16:34:52'),
(108, 197, '', 24, 177, '321321', NULL, '2018-04-11 16:34:52', '2018-04-11 16:34:52'),
(109, 198, '', 24, 181, '312312', NULL, '2018-04-11 16:34:52', '2018-04-11 16:34:52'),
(110, 199, '', 24, 185, '321321', NULL, '2018-04-11 16:34:52', '2018-04-11 16:34:52'),
(111, 200, '', 24, 189, '312312', NULL, '2018-04-11 16:34:52', '2018-04-11 16:34:52'),
(112, 201, '', 24, 193, '312321', NULL, '2018-04-11 16:34:52', '2018-04-11 16:34:52'),
(113, 202, '', 24, 198, '312312', NULL, '2018-04-11 16:34:52', '2018-04-11 16:34:52'),
(114, 193, '', 25, 153, '1', NULL, '2018-04-11 16:44:01', '2018-04-11 16:44:01'),
(115, 194, '', 25, 159, '2', NULL, '2018-04-11 16:44:02', '2018-04-11 16:44:02'),
(116, 195, '', 25, 165, '3', NULL, '2018-04-11 16:44:02', '2018-04-11 16:44:02'),
(117, 196, '', 25, 171, '4', NULL, '2018-04-11 16:44:02', '2018-04-11 16:44:02'),
(118, 197, '', 25, 177, '5', NULL, '2018-04-11 16:44:02', '2018-04-11 16:44:02'),
(119, 198, '', 25, 182, '5', NULL, '2018-04-11 16:44:02', '2018-04-11 16:44:02'),
(120, 199, '', 25, 186, '4', NULL, '2018-04-11 16:44:02', '2018-04-11 16:44:02'),
(121, 200, '', 25, 190, '3', NULL, '2018-04-11 16:44:02', '2018-04-11 16:44:02'),
(122, 201, '', 25, 194, '2', NULL, '2018-04-11 16:44:02', '2018-04-11 16:44:02'),
(123, 202, '', 25, 198, '1', NULL, '2018-04-11 16:44:02', '2018-04-11 16:44:02'),
(124, 203, '', 26, 203, 'Mỗi tuần 1 lần', NULL, '2018-04-17 03:41:15', '2018-04-17 03:41:15'),
(125, 204, '', 26, 208, '', NULL, '2018-04-17 03:41:15', '2018-04-17 03:41:15'),
(126, 205, '', 26, 210, 'Nó giúp tui trong ốm hơn', NULL, '2018-04-17 03:41:15', '2018-04-17 03:41:15'),
(127, 203, '', 27, 207, 'ecfew', NULL, '2018-04-17 03:50:39', '2018-04-17 03:50:39'),
(128, 204, '', 27, 209, '', NULL, '2018-04-17 03:50:39', '2018-04-17 03:50:39'),
(129, 205, '', 27, 214, 'cdscsdv', NULL, '2018-04-17 03:50:39', '2018-04-17 03:50:39');

-- --------------------------------------------------------

--
-- Table structure for table `cache`
--

CREATE TABLE `cache` (
  `key` varchar(255) COLLATE utf8mb4_unicode_ci NOT NULL,
  `value` mediumtext COLLATE utf8mb4_unicode_ci NOT NULL,
  `expiration` int(11) NOT NULL
) ENGINE=InnoDB DEFAULT CHARSET=utf8mb4 COLLATE=utf8mb4_unicode_ci;

-- --------------------------------------------------------

--
-- Table structure for table `migrations`
--

CREATE TABLE `migrations` (
  `id` int(10) UNSIGNED NOT NULL,
  `migration` varchar(255) COLLATE utf8mb4_unicode_ci NOT NULL,
  `batch` int(11) NOT NULL
) ENGINE=InnoDB DEFAULT CHARSET=utf8mb4 COLLATE=utf8mb4_unicode_ci;

--
-- Dumping data for table `migrations`
--

INSERT INTO `migrations` (`id`, `migration`, `batch`) VALUES
(1, '2014_10_12_000000_create_users_table', 1),
(2, '2014_10_12_100000_create_password_resets_table', 1),
(3, '2017_12_07_122845_create_oauth_providers_table', 1),
(12, '2018_01_30_042557_create_table_branch', 2),
(13, '2018_01_30_042637_create_table_position', 2),
(14, '2018_01_30_043452_create_table_division', 2),
(15, '2018_01_30_043717_create_table_departement', 2),
(16, '2018_02_01_095542_create_sessions_table', 2),
(17, '2018_02_01_095655_create_cache_table', 2),
(19, '2018_01_29_034614_create_table_logs', 3),
(20, '2018_02_09_110917_create_table_area', 4),
(27, '2018_02_06_082112_add_column_to_table_user', 5),
(29, '2018_02_09_134006_create_table_api_role', 5),
(30, '2018_02_09_110949_create_table_api_employee', 6),
(32, '2018_01_29_044428_create_table__campaigns', 7),
(33, '2018_01_29_050011_create_table_survey', 8),
(34, '2018_02_27_120829_create_table_survey_language', 8),
(35, '2018_02_27_120900_create_table_question', 8),
(36, '2018_02_27_120919_create_table_question_language', 8),
(37, '2018_02_27_120935_create_table_question_comment', 8),
(38, '2018_02_27_120959_create_table_answer', 8),
(39, '2018_02_27_121032_create_api_receiver_list', 8),
(40, '2018_02_27_121045_create_api_receiver_list_detail', 8),
(42, '2018_02_27_121232_create_api_survey_result', 8),
(43, '2018_02_27_121247_create_api_survey_result_detail', 8),
(44, '2018_02_09_114735_create_table_api_faq', 9),
(45, '2018_03_01_135405_create_table_api_employee_department', 10),
(46, '2018_03_02_112815_create_survey_comment', 11),
(47, '2018_03_02_114156_create_survey_question_comment', 11),
(48, '2018_02_27_121154_create_api_survey_creator_approver_permission', 12),
(49, '2018_03_02_135107_create_survey_approver_permission', 12),
(50, '2018_03_07_093401_create_foreign_survey_campaign', 13),
(51, '2018_03_07_140017_add_column_phone_employee', 14),
(52, '2018_03_08_001240_add_colum_department_survey', 15),
(54, '2018_03_08_110913_add_column_department', 17),
(55, '2018_03_08_103520_create_table_answer_language', 18),
(56, '2018_03_10_161501_add_column_short_name_position', 19),
(57, '2018_03_10_172256_add_column_birdthday_employee', 20),
(59, '2018_03_10_173507_add_column_id_card_employee', 21),
(60, '2018_03_12_164708_create_foreign_key_survey_survey_language', 22),
(61, '2018_03_12_165033_create_foreign_key_survey_survey_answer', 23),
(62, '2018_03_13_144104_create_foreign_employee_branch_division_position', 24),
(63, '2018_03_14_113955_create_foreign_survey_result_user_survey', 25),
(64, '2018_03_14_114628_add_column_api_survey_result', 26),
(65, '2018_03_14_125851_create_foreign_survey_receiver_list', 27),
(66, '2018_03_16_110054_create_table_period', 28),
(67, '2018_03_16_140100_create_table_kpi', 29),
(68, '2018_03_16_144308_update_leng_text_survey_language', 30),
(69, '2018_03_17_220752_delete_foregin_survey_result_api', 31),
(70, '2018_03_19_112355_create_table_sub_kpi', 32),
(71, '2018_03_19_112356_create_table_sub_kpi', 33),
(72, '2018_03_19_112357_create_table_sub_kpi', 34),
(73, '2018_03_19_120845_create_table_kpi_action_plan', 35),
(74, '2018_03_20_105512_create_foreign_kpi_period', 36),
(75, '2018_03_21_092339_create_foreign_sub_kpi_kpi', 37),
(76, '2018_03_21_101039_update_column_api_sub_kpi_table', 38),
(77, '2018_03_21_164925_add_column_status_api_kpi', 39),
(78, '2018_03_22_133704_create_foreign_sub_kpi_kpi_action_plan_table', 40),
(79, '2018_03_22_140551_create_api_kpi_sub_kpi_table', 41),
(80, '2018_03_23_111559_add_column_status_api_sub_kpi', 42),
(81, '2018_03_28_110320_add_column_to_action_plan', 43),
(82, '2018_03_28_113543_change_column_to_action_plan', 44),
(83, '2018_04_03_120726_add_colum_action_plan', 45),
(84, '2018_04_04_102230_create_table_comment_action_plan', 46),
(85, '2018_04_04_152542_update_column_table_api_kpi', 47),
(86, '2018_04_04_154737_update_column_table_api_kpi_sub', 48),
(87, '2018_04_05_093829_create_table_comment_sub_kpi', 49),
(88, '2018_04_05_093830_create_table_comment_sub_kpi', 50),
(93, '2018_04_05_163558_create_table_save_result_kpi', 51),
(94, '2018_04_05_163619_create_table_save_result_kpi_action_plan', 51),
(95, '2018_04_06_090627_add_column_save_result_sub_kpi', 51),
(96, '2018_04_06_091536_add_column_save_result_action_plan', 51),
(97, '2018_04_11_094144_add_column_action_plan_achiverment_url', 52),
(98, '2018_04_11_095646_add_column_sub_achiverment_url', 53),
(99, '2018_04_11_115643_add_save_result_sub_kpi_id_to_save_result_kpi_action_plan_table', 54),
(100, '2018_04_11_115644_add_save_result_sub_kpi_id_to_save_result_kpi_action_plan_table', 55),
(101, '2018_04_11_145245_add_link_file_to_save_result_kpi_sub_kpi_table', 56),
(102, '2018_04_11_112345_create_table_api_log_send_email_evaluate_kpi', 57),
(103, '2018_04_18_163447_add_change_password_to_users_table', 57),
(104, '2018_04_19_103951_create_table_employee_view', 58);

-- --------------------------------------------------------

--
-- Table structure for table `oauth_providers`
--

CREATE TABLE `oauth_providers` (
  `id` int(10) UNSIGNED NOT NULL,
  `user_id` int(10) UNSIGNED NOT NULL,
  `provider` varchar(255) COLLATE utf8mb4_unicode_ci NOT NULL,
  `provider_user_id` varchar(255) COLLATE utf8mb4_unicode_ci NOT NULL,
  `access_token` varchar(255) COLLATE utf8mb4_unicode_ci DEFAULT NULL,
  `refresh_token` varchar(255) COLLATE utf8mb4_unicode_ci DEFAULT NULL,
  `created_at` timestamp NULL DEFAULT NULL,
  `updated_at` timestamp NULL DEFAULT NULL
) ENGINE=InnoDB DEFAULT CHARSET=utf8mb4 COLLATE=utf8mb4_unicode_ci;

-- --------------------------------------------------------

--
-- Table structure for table `password_resets`
--

CREATE TABLE `password_resets` (
  `email` varchar(255) COLLATE utf8mb4_unicode_ci NOT NULL,
  `token` varchar(255) COLLATE utf8mb4_unicode_ci NOT NULL,
  `created_at` timestamp NULL DEFAULT NULL
) ENGINE=InnoDB DEFAULT CHARSET=utf8mb4 COLLATE=utf8mb4_unicode_ci;

--
-- Dumping data for table `password_resets`
--

INSERT INTO `password_resets` (`email`, `token`, `created_at`) VALUES
('danny.tranhoang@gmail.com', '$2y$10$mSoqatTSVTwU3Epzw0N2Q.ewdb/LdIXHtPC6W1Qg89RsLZ8zxrtn.', '2018-01-30 20:50:59'),
('tan.nguyen@vitopmedia.com', '$2y$10$iNqvvkfHJXfjRoIWzr3Nj.ZbIeQzrUilEPP8Iq4W176X3MkhuDwkK', '2018-02-08 07:16:57');

-- --------------------------------------------------------

--
-- Table structure for table `sessions`
--

CREATE TABLE `sessions` (
  `id` varchar(255) COLLATE utf8mb4_unicode_ci NOT NULL,
  `user_id` int(10) UNSIGNED DEFAULT NULL,
  `ip_address` varchar(45) COLLATE utf8mb4_unicode_ci DEFAULT NULL,
  `user_agent` text COLLATE utf8mb4_unicode_ci,
  `payload` text COLLATE utf8mb4_unicode_ci NOT NULL,
  `last_activity` int(11) NOT NULL
) ENGINE=InnoDB DEFAULT CHARSET=utf8mb4 COLLATE=utf8mb4_unicode_ci;

-- --------------------------------------------------------

--
-- Table structure for table `users`
--

CREATE TABLE `users` (
  `id` int(10) UNSIGNED NOT NULL,
  `name` varchar(255) COLLATE utf8mb4_unicode_ci NOT NULL,
  `email` varchar(255) COLLATE utf8mb4_unicode_ci NOT NULL,
  `status` int(11) NOT NULL DEFAULT '0' COMMENT '0:no active, 1: active',
  `role_id` int(11) NOT NULL DEFAULT '0',
  `password` varchar(255) COLLATE utf8mb4_unicode_ci DEFAULT NULL,
  `change_password` int(11) NOT NULL DEFAULT '0' COMMENT '0:not change,1:changed',
  `remember_token` varchar(100) COLLATE utf8mb4_unicode_ci DEFAULT NULL,
  `created_at` timestamp NULL DEFAULT NULL,
  `updated_at` timestamp NULL DEFAULT NULL,
  `deleted_at` timestamp NULL DEFAULT NULL
) ENGINE=InnoDB DEFAULT CHARSET=utf8mb4 COLLATE=utf8mb4_unicode_ci;

--
-- Dumping data for table `users`
--

INSERT INTO `users` (`id`, `name`, `email`, `status`, `role_id`, `password`, `change_password`, `remember_token`, `created_at`, `updated_at`, `deleted_at`) VALUES
(1, 'DannyTran', 'danny.tranhoang@gmail.com', 1, 4, '$2y$10$95MjTaTneThRG8qM59Jp4ezfmgIhfjZshiVUGNbJMRNjI.OKq5miO', 0, NULL, '2018-03-12 05:02:33', '2018-03-12 05:34:12', '2018-03-12 05:34:12'),
(2, 'admin', 'admin@gmail.com', 1, 1, '$2y$10$LHZME0HjPoDvYPHLborhquNHxZ92DwlgiQOB5oNmRmqfhyzt23ewu', 0, NULL, '2018-03-12 05:02:33', '2018-03-29 09:39:45', NULL),
(3, 'Tấn Nguyễn', 'tan.nguyen@vitopmedia.com', 1, 1, '$2y$10$zuVlcD5iqpid3p5K05EXo.WRsEfXtowlOgd.q2DR4aBj/XewFyygm', 1, NULL, '2018-03-12 05:02:33', '2018-04-18 10:13:16', NULL),
(5, 'Phuc', 'vvphuc@gmail.com', 0, 0, '$2y$10$/fqIqKAYTMQ2S8sS2qkA8.hBqETFmHzHjRvAA4Ymxu9ukIee5AcmW', 0, NULL, '2018-03-12 05:02:33', '2018-02-08 00:09:12', NULL),
(6, 'Phuc Test', 'phuc@vitopmedia.com', 0, 0, '$2y$10$H8yX7HbpNzrCjCjKVtp6hOfMp6FI.dwy0RJnj9OAZHizM.lm5TvXS', 0, NULL, '2018-03-12 05:02:33', '2018-02-08 00:11:09', NULL),
(7, 'PHUC VO', 'demo@gmail.com', 0, 0, '$2y$10$XTZkez5K7QGLF3q/wUZUn.OVA7SjKiqIxwULeZyJLWRID5PFOmvee', 0, NULL, '2018-03-12 05:02:33', '2018-03-29 09:39:45', '2018-03-29 09:39:45'),
(8, 'Tư vấn Viên', 'demo1@gmail.com', 0, 0, '$2y$10$I9167H7PrV.TrnhRdAh.pOOGTLqgz/NZgpt6YHI94lOuWfAphwDpO', 0, NULL, '2018-03-12 05:02:33', '2018-03-29 09:39:45', '2018-03-29 09:39:45'),
(9, 'Van Nguyen', 'van.nguyen@vitopmedia.com', 0, 0, '$2y$10$j9kqlwz8CMrWoAv43NB8m.x1jog/Id.Rzs6MXCz0hRvKlELRJ9nIq', 0, NULL, '2018-03-12 05:02:33', '2018-03-12 05:02:33', '2018-03-12 05:02:33'),
(10, 'nguyen', 'nguyen.dao@vitopmedia.com', 0, 0, '$2y$10$91XE0J6n/SYmLUpci5ilEejWzcD1Igp4E4JIqjT5jXZnDaLd683VW', 0, NULL, '2018-03-12 05:02:33', '2018-02-08 07:48:12', NULL),
(11, 'phat nguyen', 'phat.nguyen@vitopmedia.com', 1, 4, '$2y$10$4N7Gmx2EyIE1WKzHPuoOKeqlprPcWv8NwSfWJ38DGYPQdP2dhVoy.', 0, NULL, '2018-03-12 05:02:33', '2018-04-18 09:32:12', NULL),
(12, 'bachnguyen91', 'nguyenthanhbach09087941@gmail.com', 1, 1, '$2y$10$YxkcxmzulQ6cA7WTsSpBsePxXi4BkR2bi55xiGUv05DXrQS4UMdOS', 0, NULL, '2018-03-12 05:02:33', '2018-03-18 14:04:36', NULL),
(13, 'user1', 'user1@gmail.com', 1, 0, '$2y$10$j3pU43b5a9vrASvvpvH4.uFhgjSNKx6G4v9ytbZstpsHSAG9A8grS', 0, NULL, '2018-03-12 05:02:33', '2018-03-12 06:29:51', '2018-03-12 06:29:51'),
(14, 'user2', 'user2@gmail.com', 1, 0, '$2y$10$nckyG/hDqixTS1eintaEGursocbR4JCpqJk0RMbPia5DacICbpkm6', 0, NULL, '2018-03-12 05:02:33', '2018-03-12 06:29:51', '2018-03-12 06:29:51'),
(15, 'user3', 'user3@gmail.com', 1, 0, '$2y$10$wJ1AilD1l4cWkeuXVEgX7OnBetSzHpcMQdnojD87ozbAWbdZBcrA6', 0, NULL, '2018-03-12 05:02:33', '2018-03-12 06:31:23', '2018-03-12 06:31:23'),
(16, 'user4', 'user4@gmail.com', 1, 1, '$2y$10$5fVujVrsx7ek9VtOMaWS/O5Sb1nutZMwimaUHDQ7q5S9DGD9JUxYW', 0, NULL, '2018-03-12 05:02:33', '2018-02-09 10:57:50', '2018-02-09 10:57:50'),
(17, '12312321', 'bach1@gmail.com', 1, 1, '$2y$10$YGBRcFxtQJO1i8fS4rqzTOVkBj56sP03/4aMI7yvchSY3zGnhmnLO', 0, NULL, '2018-03-12 05:02:33', '2018-03-12 06:31:23', '2018-03-12 06:31:23'),
(18, 'user6', 'user6@gmail.com', 1, 1, '$2y$10$n/7A.e5gG/Dl9TGiDprZeOhhabCj8QsC4P2zLV/5sO/nB4hIp3nLq', 0, NULL, '2018-03-12 05:02:33', '2018-03-29 09:39:45', '2018-03-29 09:39:45'),
(19, 'Bac', 'cungbac.tran@daikin.com.vn', 0, 0, '$2y$10$f0umbYhFv3OuyupBX2LgxuElii6tDKzqoTwviu.w.DG8WZXz9ZmIG', 0, NULL, '2018-03-12 05:02:33', '2018-03-29 09:39:45', '2018-03-29 09:39:45'),
(21, 'user7', 'user7@gmail.com', 1, 1, '$2y$10$I56Ol40WX/JcS57XCr2WNetasNPFl1TREDFOqmM6B864Q.cTutrYS', 0, NULL, '2018-03-12 05:02:33', '2018-02-10 03:16:22', '2018-02-10 03:16:22'),
(22, 'user8', 'user8@gmail.com', 1, 1, '$2y$10$XM/koEX.xRiYTQ8qeDXrWuH6aY8a0untu5IjBp/MiDZNUeCGoeaNe', 0, NULL, '2018-03-12 05:02:33', '2018-03-29 09:39:45', '2018-03-29 09:39:45'),
(23, 'bachnguyyen', 'user11@gmail.com', 1, 2, '$2y$10$R1LZQtu.16uiv9HcOc5WsuvZjulCYyOKpN2yKfRegT8C1DiHxa4Ji', 0, NULL, '2018-03-12 05:02:33', '2018-03-29 09:39:45', '2018-03-29 09:39:45'),
(24, 'tester vitop', 'tester1.vitop@gmail.com', 0, 0, '$2y$10$CGhr0.BDiTnLgw48nEKPfugoonB0ZKM3ehGkUdI9ocz2ywJUYqVXu', 0, NULL, '2018-03-12 05:02:33', '2018-03-11 16:41:49', '2018-03-11 16:41:49'),
(25, 'bachnguyen91', 'bachnguyen250391@gmail.com', 0, 0, '$2y$10$zMMJ6NNnCJ7B5JsH7QN32OeFUCcwyD60AwBTQmQtYFntCFjG4ISLm', 0, NULL, '2018-03-12 05:02:33', '2018-03-11 16:41:49', '2018-03-11 16:41:49'),
(26, 'bachnguyen91', 'votinh@gmail.com', 0, 0, '$2y$10$23rlpD1D/okiEoWZ537xSei6Xkqs0goA9Ll1eyp9bjY.VpD30qz/C', 0, NULL, '2018-03-12 05:02:33', '2018-03-11 16:41:49', '2018-03-11 16:41:49'),
(27, 'user9', 'user9@gmail.com', 1, 1, '$2y$10$3bSWD8.XgLBwWPv5myfuYOWny7hXYvWYGJoFXS4nq41qq/bD13.bS', 0, NULL, '2018-03-12 05:02:33', '2018-03-11 16:41:49', '2018-03-11 16:41:49'),
(28, 'user10', 'user10@gmail.com', 1, 1, '$2y$10$Ew25rovZ7UQTbzLtiP9XEeWJnqq1pR2IJM3THsTTTk8fVURn7WKQW', 0, NULL, '2018-03-12 05:02:33', '2018-03-11 16:40:17', '2018-03-11 16:40:17'),
(29, 'bach', 'john.doe@gmail.com', 1, 3, '$2y$10$pxKIZTB65u.AH7nO401f0OxBuq8JdUXjJU5Olo/vDSISH3Y8rOv9e', 0, NULL, '2018-03-12 05:02:33', '2018-03-11 16:40:01', '2018-03-11 16:40:01'),
(30, 'bach3', 'john.doe@gmail.com3', 1, 3, '$2y$10$L5p4T.Nd9s45o1WiHXa7COMmbYL3vqSmTGg3O5n9t3YAMMWQNhRtK', 0, NULL, '2018-03-12 05:02:33', '2018-03-10 19:54:13', '2018-03-10 19:54:13'),
(31, 'bach4', 'john.doe@gmail.com4', 1, 3, '$2y$10$xaFpyi5p7tHeX0NyT4sJQ.l1nFtaIHMnSwBnz6Q91TMAKd9/5MieO', 0, NULL, '2018-03-12 05:02:33', '2018-03-10 19:54:13', '2018-03-10 19:54:13'),
(32, 'addbach', 'nguyenthanhbach090879411@gmail.com', 1, 3, '$2y$10$egpQWhtPjcxefHxYkA8QBu9iN2qXx0jUMip/UZPrZtnpsl0yOqP4K', 0, NULL, '2018-03-12 05:02:33', '2018-03-10 19:54:01', '2018-03-10 19:54:01'),
(33, 'bachnguyyen1', 'nguyenthanhbach0908794111@gmail.com', 1, 3, '$2y$10$RZMNlEWI.OB3wuDxytWp7e7kwc86p8Px.MpOkluLXBeL5HNVEtR2S', 0, NULL, '2018-03-12 05:02:33', '2018-03-29 09:39:45', '2018-03-29 09:39:45'),
(34, 'bachnguyyen12', 'nguyenthanhbach090879412@gmail.com', 1, 3, '$2y$10$TSTvfwV0gmQVJ0ASSWBuWuHdmMm9pHS//cLnCH3/uckKN2DakammS', 0, NULL, '2018-03-12 05:02:33', '2018-03-29 09:39:45', '2018-03-29 09:39:45'),
(35, 'bachnguyyen13', 'nguyenthanhbach090879413@gmail.com', 1, 3, '$2y$10$xSxkoqOpnOlt4ZV2mchoNOwl2pQxKiOR84U8sQDUtdnKs.m9aoHUW', 0, NULL, '2018-03-12 05:02:33', '2018-03-29 09:39:45', '2018-03-29 09:39:45'),
(36, 'tan.nguyen1@vitopmedia.com', 'tan.nguyen1@vitopmedia.com', 1, 3, '$2y$10$dZ0qAXqbmk4ksibWlJEMoO1ZJ2rs5ezBPbmclnCKrIFEwjvh2vhBS', 0, NULL, '2018-03-12 05:02:33', '2018-03-29 09:39:45', '2018-03-29 09:39:45'),
(37, 'tan.nguyen2@vitopmedia.com', 'tan.nguyen2@vitopmedia.com', 1, 3, '$2y$10$CXJfHs5Dt65McwRCH3tjqemZxVcwq.zTEqyUIs3xy37X9fsQgkYgS', 0, NULL, '2018-03-12 05:02:33', '2018-03-29 09:39:45', '2018-03-29 09:39:45'),
(38, 'tan.nguyen3@vitopmedia.com', 'tan.nguyen3@vitopmedia.com', 1, 3, '$2y$10$vH1sWj45lkSFY8jZIKB.7.xWnkJi1nOVDosYPAO89ehz28hO2onqu', 0, NULL, '2018-03-12 05:02:33', '2018-03-29 09:39:45', '2018-03-29 09:39:45'),
(39, 'b1', 'b1@gmail.com', 1, 3, '$2y$10$0BGfdahXsRUpIXbNtiRjweW65hP4bupbF.smiEcTdtKMeReojI5uK', 0, NULL, '2018-03-12 05:02:33', '2018-03-29 09:39:45', '2018-03-29 09:39:45'),
(40, 'b2', 'b2@gmail.com', 1, 4, '$2y$10$TXeAUUMqPdBVHOq7zAcSLO0pRvpFjNXrSFKjG2Alcj6dm5Le.T1.G', 0, NULL, '2018-03-12 05:02:33', '2018-03-29 09:39:45', '2018-03-29 09:39:45'),
(41, 'b4', 'b4@gmail.com', 1, 4, '$2y$10$6Xa6iO0TkL25GZl5Hlduc.lG.5FFciEsB.C9dnYwBcokqlV1dGEfG', 0, NULL, '2018-03-12 05:02:33', '2018-03-29 09:39:45', '2018-03-29 09:39:45'),
(42, 'b5', 'b5@gmail.com', 1, 4, '$2y$10$JzFk6kTYecweGcLBtskpCeLE8iNbRmzr5mC7zD5w8tdrzcpwW6.Ra', 0, NULL, '2018-03-12 05:02:33', '2018-03-29 09:39:45', '2018-03-29 09:39:45'),
(43, 'viewer1', 'viewer1@gmail.com', 1, 4, '$2y$10$xqs8V9j5fu0xQcva06Jn4umXh.45VaKhVUJpA7u5dm/N2B9ORY3Qy', 0, NULL, '2018-03-12 05:02:33', '2018-03-29 09:39:45', '2018-03-29 09:39:45'),
(45, 'view2', 'view2@gmail.com', 1, 4, '$2y$10$G.Hn34I01sE/DHYBud8ZmuQw/h8zKBleSj.AA6N/kzk.eSJI0kY.O', 0, NULL, '2018-03-12 05:02:33', '2018-03-29 09:39:45', '2018-03-29 09:39:45'),
(46, 'view3', 'view3@gmail.com', 1, 4, '$2y$10$x3sBsdQQJVEOZKqW4NAJted7/uzlayZDg7n4IggK859nJTuqfl7p.', 0, NULL, '2018-03-12 05:02:33', '2018-03-29 09:39:45', '2018-03-29 09:39:45'),
(47, 'view4', 'view4@gmail.com', 1, 4, '$2y$10$MYZvlFlXdl7.5STsp8dvveRxo6wa2ZpLMiH1zHm1XSZ4b3ThEiQsW', 0, NULL, '2018-03-12 05:02:33', '2018-03-29 09:39:45', '2018-03-29 09:39:45'),
(48, 'tan.nguy222en@vitopmedia.com', 'tan.nguyen31@vitopmedia.com', 1, 4, '$2y$10$4N7Gmx2EyIE1WKzHPuoOKeqlprPcWv8NwSfWJ38DGYPQdP2dhVoy.', 0, NULL, '2018-03-12 05:02:33', '2018-03-14 07:54:08', NULL),
(49, 'tan.nguyen34@vitopmedia.com', 'tan.nguyen94@vitopmedia.com', 1, 2, '$2y$10$4N7Gmx2EyIE1WKzHPuoOKeqlprPcWv8NwSfWJ38DGYPQdP2dhVoy.', 0, NULL, '2018-03-12 05:02:33', '2018-03-14 07:53:59', NULL),
(50, 'Tester', 'dao.nguyen@vitopmedia.com', 1, 2, '$2y$10$SqFQYGTmzBkilrLmyzsu.ug.oESiaaEFM8U7ee23AFaMzlUDfzRJG', 0, NULL, '2018-03-12 05:02:33', '2018-03-28 02:03:13', '2018-03-28 02:03:13'),
(51, 'haoduynguyen96@gmail.com', 'test@gmail.com', 1, 3, '$2y$10$R2GkVCWCXDD8DqF3DXJ2GOl3bR2By8y8QAm6X9x.txkTjnYZTOKeq', 0, NULL, '2018-03-12 05:02:33', '2018-03-29 09:39:45', '2018-03-29 09:39:45'),
(52, 'phamhuong', 'elizabethnguyen6368@gmail.com', 1, 4, '$2y$10$Lufvev1hA67vZdiWYL9NweLZ8y1IkDsWJE7NoQmbF2aL7SrITQA..', 0, NULL, '2018-03-12 05:02:33', '2018-03-27 09:49:06', NULL),
(53, 'ntanhdao176@gmail.com', 'ntanhdao176@gmail.com', 1, 3, '$2y$10$8TS0qB0SQUnXC6vZtWB/huIvJcx/xsh67yX9JUuzbjmAhR11by3e2', 1, NULL, '2018-03-12 05:02:33', '2018-04-19 09:33:25', NULL),
(54, 'vimihi333@gmail.com', 'vimihi3@gmail.com', 1, 4, '$2y$10$l5JAndY0fWMXtQef9SIXnuW/gQLHh2G3Pz0rYpkbWCrdy2r6zrC1q', 0, NULL, '2018-03-12 05:02:33', '2018-03-29 09:39:45', '2018-03-29 09:39:45'),
(55, 'AdminHrKpi', 'adminhrkpi@gmail.com', 1, 5, '$2y$10$zdpj2QHwIk2Jb2sbjllT..Hp9T4koTEOZukvQGfBF0TcCSZTqxfkS', 0, NULL, '2018-03-12 05:02:33', '2018-03-29 09:39:45', NULL),
(56, 'guest@gmail.com', 'guest@gmail.com', 1, 3, '$2y$10$TjsvyYcyDOynVw/BJ5k0juAa4YNSxrcVzDsygQKHBJ1eiyT/I9aNe', 0, NULL, '2018-03-12 05:02:33', '2018-04-10 09:46:09', NULL),
(57, 'hao@gmail.com', 'hao@gmail.com', 1, 3, '$2y$10$x99kqfSRi1HWOxHRtiyZTO1YN3QN6OYirk8G/omELOuVHYLHo3yty', 0, NULL, '2018-03-12 05:02:33', '2018-03-29 09:39:45', '2018-03-29 09:39:45'),
(58, 'Nguyễn D', 'guest2@gmail.com', 1, 3, '$2y$10$Gw2V9rQxWPZLH7EloiITruaOwhCP0RiB/82o7T0eDW5zVJlUPYOVe', 0, NULL, '2018-03-12 05:02:33', '2018-03-29 09:39:45', '2018-03-29 09:39:45'),
(59, 'guest3', 'guest3@gmail.com', 1, 4, '$2y$10$TjsvyYcyDOynVw/BJ5k0juAa4YNSxrcVzDsygQKHBJ1eiyT/I9aNe', 0, NULL, '2018-03-12 05:02:33', '2018-03-29 09:39:45', '2018-03-29 09:39:45'),
(60, 'yangnguyen31081994@gmail.com', 'yangnguyen31081994@gmail.com', 1, 2, '$2y$10$ygbz4ngdCaRIn3GFAhTXseSezSVEezeG8agYIZyFWRpcT6EN/9Qii', 0, NULL, '2018-03-12 05:02:33', '2018-03-28 05:10:58', NULL),
(61, '123456@vitop.com', '123456@vitop.com', 1, 2, '$2y$10$NUV.st9y43UeG9tYiV8N.OBZZhmXpFuObOWGaa9ykhJRMTgUz.rU2', 0, NULL, '2018-03-12 05:02:33', '2018-03-29 09:39:45', '2018-03-29 09:39:45'),
(62, 'admin2@gmail.com', 'admin2@gmail.com', 1, 1, '$2y$10$US1TWpLA/b5jIm8TXFoLgutQGFakuHUbBsBNWu/3tVps6TyczLGWC', 0, NULL, '2018-03-12 05:02:33', '2018-03-29 09:39:45', '2018-03-29 09:39:45'),
(63, '17695@gmail.com', '17695@gmail.com', 1, 3, '$2y$10$foJ7EKXET7.c3hbi2UGATuqaZuTW1.SPWfLTYtvLphG4fZk.nB.HW', 0, NULL, '2018-03-12 05:02:33', '2018-03-29 09:39:45', '2018-03-29 09:39:45'),
(64, 'test@anc', 'g2usssest@gmail.com', 1, 3, '$2y$10$LAZDsEtax1Q/Iyp1Q7BtgeGrtY.c9qdrEyESyOgls8uND6HKhNRRC', 0, NULL, '2018-03-12 05:02:33', '2018-03-29 09:39:45', '2018-03-29 09:39:45'),
(65, 'test', 'tan.nguyen111@vitopmedia.com', 1, 4, '$2y$10$3jGYe6nULs73QAyLy1dUBuuJjBR6azCtYYWeMlplkCyjvgWgptNFW', 0, NULL, '2018-03-12 05:02:33', '2018-03-29 09:39:45', '2018-03-29 09:39:45'),
(66, 'John', 'john@daikin.com.vn', 1, 3, '$2y$10$jyArA2OvnW6ScreMIpvUpOSMEKLxvMQutMZPPlKbg8Q5aXIfmPUVC', 0, NULL, '2018-03-12 05:02:33', '2018-03-29 09:39:45', '2018-03-29 09:39:45'),
(67, 'admin123@gmail.com', 'admin123@gmail.com', 0, 0, '$2y$10$npxLOBpDPn48JrLkg17r3eeNq61xDjs51cF344MhDbdPLPJKNH2M6', 0, NULL, '2018-03-12 05:02:33', '2018-03-29 09:43:19', NULL),
(68, 'bach2', 'bach2@gmail.com', 1, 1, '$2y$10$5dB/VgV6TvxNVPgVMi5FeOVeFKxiIyW6YLBQsn60lCNbTaq9rNLt6', 0, NULL, '2018-03-12 05:02:33', '2018-04-02 15:31:27', NULL),
(69, 'bach33', 'bach3@gmail.com', 1, 3, '$2y$10$QwcjKwAKnkFvogvP7BkMge62G3FqB25W50b3X764rwD641LodC8xi', 0, NULL, '2018-03-12 05:02:33', '2018-04-02 15:33:40', NULL),
(70, 'bach44', 'bach44@gmail.com', 1, 3, '$2y$10$D43d7.nEldgYqvN4a36n0OT8IblIvhwXJV0wHFjvS6VbK0mOC0MXu', 0, NULL, '2018-03-12 05:02:33', '2018-04-02 15:34:36', NULL),
(71, 'bach6', 'bach6@gmail.com', 1, 3, '$2y$10$TmK0Sax2KUKcyBr6lkTTT.wlAVCE9Faw1oJ5v1C5z5L4UBibvtmjS', 0, NULL, '2018-03-12 05:02:33', '2018-04-04 15:27:36', NULL),
(72, 'bach7', 'bach7@gmail.com', 1, 3, '$2y$10$Pxxga/LkzLIxcOWtwrdJzuwKbFVY5bHbc06Bvh1O99pBonTcDQhZq', 0, NULL, '2018-03-12 05:02:33', '2018-04-04 15:43:32', NULL),
(73, 'bach8', 'bach8@gmail.com', 1, 3, '$2y$10$CB8z87fXsOncTQ9gx0dkHORab5lzskThWPwfkGnvVn8.Uc8xq1Y9q', 0, NULL, '2018-03-12 05:02:33', '2018-04-05 04:48:30', NULL),
(74, 'kaisai1122', 'kai@gmail.com', 1, 2, '$2y$10$wX38GKCae1MEegSmOYUyYOsnK8Kij8xIAuWuAqARudJ7BqWfy6DWu', 0, NULL, '2018-03-12 05:02:33', NULL, NULL),
(75, 'Guest 5', 'guest5@gmail.com', 1, 4, '$2y$10$TjsvyYcyDOynVw/BJ5k0juAa4YNSxrcVzDsygQKHBJ1eiyT/I9aNe', 0, NULL, '2018-03-12 05:02:33', NULL, NULL),
(765, 'DauManhHuong', 'manhhuong.dau@daikin.com.vn', 1, 4, '$2y$10$LABXfDDHZHBGrPuv2VBoxugglCsI/jw/zvmcO42HNIgv57f5Ey2UK', 0, NULL, '2018-03-12 05:02:33', NULL, NULL),
(766, 'CaoNgocSy', 'ngocsy.cao@daikin.com.vn', 1, 4, '$2y$10$EDGf.4AS.h2A7DH55y9Vq.EmSsxI.sd0.zfXgniVsvskI/Jq3Hdq2', 0, NULL, '2018-03-12 05:02:33', NULL, NULL),
(767, 'PhamVanVu', 'vu.pham@daikin.com.vn', 1, 4, '$2y$10$SUQ1XCI2K9gBP9g7uGuooeI/YRJaIvukEBQOAJhn8sYgf2buVUS7O', 0, NULL, '2018-03-12 05:02:33', NULL, NULL),
(768, 'NguyenVanNguy', 'nguy.nguyen@daikin.com.vn', 1, 4, '$2y$10$Gwu3ci4L.EMAq2ndYHtGwO8nGFvEb2hopBrl.Ec3ZGCpeEyxcOvre', 0, NULL, '2018-03-12 05:02:33', NULL, NULL),
(769, 'HoangHung', 'hung.hoang@daikin.com.vn', 1, 4, '$2y$10$JWJQ6dkPdRdNwmD1OESVPeg9lj8GEVdPvaOw8UReNUZx5TZihVGkK', 0, NULL, '2018-03-12 05:02:33', NULL, NULL),
(770, 'NguyenQuocDuc', 'quocduc.nguyen@daikin.com.vn', 1, 4, '$2y$10$VsUiIS.Fs051FHnt23Ftgu7LcI9eqI4Ylv1KKucjJWS0xs6eeDIbK', 0, NULL, '2018-03-12 05:02:33', NULL, NULL),
(771, 'LuongSyQuy', 'syquy.luong@daikin.com.vn', 1, 4, '$2y$10$I6XHFpbBd6rjM.e0jd2J4em8715Fxpic2JtxIhZkVR4MHBY.xNRH6', 0, NULL, '2018-03-12 05:02:33', NULL, NULL),
(772, 'NguyenThiMinhTrang', 'minhtrang.nguyen@daikin.com.vn', 1, 4, '$2y$10$Y8mA.INC.vc0VY90001HQO3VsG0bAhffH8G8BWjT.xM75G.Mdzute', 0, NULL, '2018-03-12 05:02:33', NULL, NULL),
(773, 'DinhNgocTuan', 'dinhngoctuan270394@gmail.com', 1, 4, '$2y$10$7Xj.hncKk0sgNxawZ3Xh9./oMQoCTfHY7hX7Ty/vV2Fvn/GYj/.wO', 0, NULL, '2018-03-12 05:02:33', NULL, NULL),
(774, 'LamVanVu', 'vu.lam@daikin.com.vn', 1, 4, '$2y$10$D95pM/yeX/OLKR94bRNaXeEEe02t0AoArg7etHE00HXJ6sBu08yu2', 0, NULL, '2018-03-12 05:02:33', NULL, NULL),
(775, 'NguyenTranKimLan', 'kimlan.nguyen@daikin.com.vn', 1, 4, '$2y$10$mykkOU2woGs0TkvArgjFF.Kh621BXvlYIacsSU9FoO.19ye2J2iWC', 0, NULL, '2018-03-12 05:02:33', NULL, NULL),
(776, 'LeDungTan', 'dungtan.le@daikin.com.vn', 1, 4, '$2y$10$C7tcHgtvE7yyeAVXBvUxsuvdGqHiSn2BK7jlfM1gCg/TPaUwG2lhO', 0, NULL, '2018-03-12 05:02:33', NULL, NULL),
(777, 'LeTuanAnh', 'tuananh.le@daikin.com.vn', 1, 4, '$2y$10$Wq7LzP16vMm6cLM.dYZpU.4oxPlt/goHlnuOSzJ3GLif6./Znwkpa', 0, NULL, '2018-03-12 05:02:33', NULL, NULL),
(778, 'TangHuuHuy', 'tanghuuhuy0606@gmail.com', 1, 4, '$2y$10$eZa3Z2qCds.BpnBBn7z3v.HvDF2glmHTfrbLHFk7GjWrDkhgF31ki', 0, NULL, '2018-03-12 05:02:33', NULL, NULL),
(779, 'LePhiLong', 'philong.le@daikin.com.vn', 1, 4, '$2y$10$VoTWRhD/g09r3OTOSqYcceyNgUpopLRC4N3GAXp2sRtp1ZWWH0zTG', 0, NULL, '2018-03-12 05:02:33', NULL, NULL),
(780, 'LuongNgocHuyen', 'luonghuyen.qn94@gmail.com', 1, 4, '$2y$10$fH.VyFaylttXw0THEZO04uFNIWv5VnZN6yKJ4S.bz5PXwj2ibGive', 0, NULL, '2018-03-12 05:02:33', NULL, NULL),
(781, 'NguyenThiBichLien', 'bichlien.nguyen@daikin.com.vn', 1, 4, '$2y$10$bsdp8zLxQEdlyHVQ7VBAkOTFu8EkFXBTciSIGjODkuU0CaZ8Hj2aC', 0, NULL, '2018-03-12 05:02:33', NULL, NULL),
(782, 'LeMinhTam', 'minhtam.le@daikin.com.vn', 1, 4, '$2y$10$QMpSEl8E1OwQWGfIzbBL0u0Jr.BOWOi9segfjolXbk.tKDV.Yp7ey', 0, NULL, '2018-03-12 05:02:33', NULL, NULL),
(783, 'DoCaoTri', 'caotri.do@daikin.com.vn', 1, 4, '$2y$10$h/C5LM.8Jf9Gxjh6oCOQluaP2DpX04capwokGoEyYNQ5teaPrrXzW', 0, NULL, '2018-03-12 05:02:33', NULL, NULL),
(784, 'VoNgocMai', 'ngocmai.vo@daikin.com.vn', 1, 4, '$2y$10$q9p9DfOZOv6gNUSjM6fRPe7CfvLap/RyACBbI7.su2BP/rdt9ASnq', 0, NULL, '2018-03-12 05:02:33', NULL, NULL),
(785, 'HuynhThiHongLinh', 'honglinh.huynh@daikin.com.vn', 1, 4, '$2y$10$hCM9WvL9JCcMw.hCsGMfEer.gTDxtLDosmNgrlcBFOYBSWBjCNIaa', 0, NULL, '2018-03-12 05:02:33', NULL, NULL),
(786, 'TieuThiMyHanh', 'myhanh.tieu@daikin.com.vn', 1, 4, '$2y$10$7NkHtkw.7AwEH6pgNX8mWeEytmMD6UauGiOQ5CdumLmSpZqUxqlR6', 0, NULL, '2018-03-12 05:02:33', NULL, NULL),
(787, 'LuongThiMyHang', 'myhang.luong@daikin.com.vn', 1, 4, '$2y$10$qe.fHeATeGB0brLaXUMbDuPLnUkq6nm9GH96wrbpYVdPpcUNyh42y', 0, NULL, '2018-03-12 05:02:33', NULL, NULL),
(788, 'TranChiTrung', 'chitrung.tran@daikin.com.vn', 1, 4, '$2y$10$qGleJCPDRk2M6cUMohv47ePDIHHm2lbW5tIKOXZ03pggn9rOaf16.', 0, NULL, '2018-03-12 05:02:33', NULL, NULL),
(789, 'TruongMinhQuan', 'minhquan.truong@daikin.com.vn', 1, 4, '$2y$10$3TcPTDYX4ZqdpfdkRlb/nuKQMv6Jl29OZ.6RxT1Pzh8tYa3vY.hKO', 0, NULL, '2018-03-12 05:02:33', NULL, NULL),
(790, 'TruongBaoThien', 'baothien.truong@daikin.com.vn', 1, 4, '$2y$10$B2AmhnzIoYJ6VZJF4Dbc/eQSsLEbbXLJLslxwg1r4hDcdSHEsMWCS', 0, NULL, '2018-03-12 05:02:33', NULL, NULL),
(791, 'NguyenVanTan', 'tannguyen.ute@gmail.com', 1, 4, '$2y$10$HM8ytPoZWag9/vE7aZoW1.WXY8sL5GDgAJcmzdk12ShffItMlbL/a', 0, NULL, '2018-03-12 05:02:33', NULL, NULL),
(792, 'ChauKhacHoang', 'khachoang.chau@daikin.com.vn', 1, 4, '$2y$10$ijXMHydJfCwtoBQ4xUeVoeFV5X77c0KuzByZUMY/H8R2m/QMkyZq.', 0, NULL, '2018-03-12 05:02:33', NULL, NULL),
(793, 'DuongTanPhat', 'tanphat.duong@daikin.com.vn', 1, 4, '$2y$10$v4LtJ7RBwWOStkRGtSgdzugKW0848oQBLbvFlNtbXpV3fbUpU2Vjq', 0, NULL, '2018-03-12 05:02:33', NULL, NULL),
(794, 'ThaiVuQuynhTram', 'quynhtram.thai@daikin.com.vn', 1, 4, '$2y$10$.XEIVDXckfJCiVx0GniPQ.tqz2j3bcwoOdLT4DAJM/ntaH70lwLAm', 0, NULL, '2018-03-12 05:02:33', NULL, NULL),
(795, 'NguyenTriPhuong', 'triphuong.nguyen@daikin.com.vn', 1, 4, '$2y$10$k6BSjuhALLsGnDfEL5XWYOhtQL737ld7IV6SAoPcRzuJCrEEwsUTe', 0, NULL, '2018-03-12 05:02:33', NULL, NULL),
(796, 'LeChiTrung', 'chitrung.le@daikin.com.vn', 1, 4, '$2y$10$zigiKDzsTbK7DDY8AG6AbeepU0Y3tfuE.U9LfAy0W5oXsQYEXAGo2', 0, NULL, '2018-03-12 05:02:33', NULL, NULL),
(797, 'TranMinhKhoi', 'minhkhoi.tran@daikin.com.vn', 1, 4, '$2y$10$YYyvU4XvViIEOpPg5UGxUepBh3dJkkOxLo53DLnGyJ5Hw1WLQOt.S', 0, NULL, '2018-03-12 05:02:33', NULL, NULL),
(798, 'TranMinhToan', 'minhtoan.tran@daikin.com.vn', 1, 4, '$2y$10$jsZ6TIULZpgLCg5r46ty5OYT6BLpHW2HWds3ftXkrzOWhZegqi8XC', 0, NULL, '2018-03-12 05:02:33', NULL, NULL),
(799, 'NguyenThiNgocHan', 'ngochan.nguyen@daikin.com.vn', 1, 4, '$2y$10$9Bq4xUzqz0XkrxG4b5PBVO44WLsKxnqhQN5JkIXm3z3hCglvqa44e', 0, NULL, '2018-03-12 05:02:33', NULL, NULL),
(800, 'DuongMinhTri', 'chantroironglon@gmail.com', 1, 4, '$2y$10$BObUmBJ6mTqb63x0D9obBuFXtdXd.edQBhCkMmbxGzRTLyYllU4Pi', 0, NULL, '2018-03-12 05:02:33', NULL, NULL),
(801, 'LeHuuToan', 'toan142208@gmail.com', 1, 4, '$2y$10$MbvXn8C6kiquAq/X7UUC5uL4KPtSokCvY4qfHBeMIGhz6TxF2v5C.', 0, NULL, '2018-03-12 05:02:33', NULL, NULL),
(802, 'QuachDiemThuy', 'quachdiemthuy@gmail.com', 1, 4, '$2y$10$bcRfQJ9cB59pQoSWUwCBPO/3qss5v4QM66XMflAehMZ.aEXbl/zEK', 0, NULL, '2018-03-12 05:02:33', NULL, NULL),
(803, 'NguyenThiThuyHang', 'thuyhang.nguyen@daikin.com.vn', 1, 4, '$2y$10$hMsZpm9pTs5oKT1MFcaCrun.t7f5UaQNuq6PsbpVvgLR3TU/Pm1Si', 0, NULL, '2018-03-12 05:02:33', NULL, NULL),
(804, 'LeThiYenLinh', 'yenlinh.le@daikin.com.vn', 1, 4, '$2y$10$QAX1PJqgkp7b1eCuGgZ2YOx4uXVvAiVpwG119xvvWpFJPU0HFKAqe', 0, NULL, '2018-03-12 05:02:33', NULL, NULL),
(805, 'KimThachBichNga', 'bichnga.kim@daikin.com.vn', 1, 4, '$2y$10$.GsHIoqJF5gFrYFa2EEhYO10etS9O4Wdv/cpWG3oUTNFJlMfci.p6', 0, NULL, '2018-03-12 05:02:33', NULL, NULL),
(806, 'NguyenThanhTung', 'thanhtung.nguyen@daikin.com.vn', 1, 4, '$2y$10$3hwxZ478dk2KORz6gSRLXed5pvXiq/HEYGfMrunc.t.wNMm.SeJdS', 0, NULL, '2018-03-12 05:02:33', NULL, NULL),
(807, 'NguyenQuocBao', 'quocbao.nguyen@daikin.com.vn', 1, 4, '$2y$10$XNkg2ilBp7bdbT2hdIxIDORODdmnpJEnHxpQcyQuFiOsSEnK9MNqG', 0, NULL, '2018-03-12 05:02:33', NULL, NULL),
(808, 'PhanHongNgan', 'hongngan.phan@daikin.com.vn', 1, 4, '$2y$10$cpGG4WXlg1.9u4oi6ClZRebr/EgI4seO.GBNc2zhl8CTJM2gqiRY6', 0, NULL, '2018-03-12 05:02:33', NULL, NULL),
(809, 'TruongDuAn', 'truongduan91@gmail.com', 1, 4, '$2y$10$Kap4S82pndtn3qJ5sbL23ufnbWf65zoyLENB8fQRq9ynRVBraB3b.', 0, NULL, '2018-03-12 05:02:33', NULL, NULL),
(810, 'NguyenTruongHuynhAnh', 'huynhanh.nguyen@daikin.com.vn', 1, 4, '$2y$10$KHNW5E2mVbdNOsJYPd4I2uj6gHLwpvBuK3X5sy4.vWJ3Ig6OvODe.', 0, NULL, '2018-03-12 05:02:33', NULL, NULL),
(811, 'LuuVanMinh', 'minh.luu@daikin.com.vn', 1, 4, '$2y$10$4hNcEvK8j4aOrLEgbssHT.tmQzDSge2Op7cnXfnQWyQzn5UBVoXdO', 0, NULL, '2018-03-12 05:02:33', NULL, NULL),
(812, 'NguyẽnThịThuTrang', 'thutrang.nguyen@daikin.com.vn', 1, 4, '$2y$10$V5nuitdwpgRX33heXSuz/efBQ54Vv2CRIZa/Ibgq1L3T/xXe8Mp6e', 0, NULL, '2018-03-12 05:02:33', NULL, NULL),
(813, 'LeVinhBao', 'vinhbao.le@daikin.com.vn', 1, 4, '$2y$10$Q6ERdFDbS7G7aOrdSGWPGuvrkM9z2au3Mz/oRvi1LgNAfJqKCuiP6', 0, NULL, '2018-03-12 05:02:33', NULL, NULL),
(814, 'DuongTonDue', 'tondue.duong@daikin.com.vn', 1, 4, '$2y$10$lbyEkzuQWPHQAl0VCQglO.laEl8cYctiupGeq5mzlg5j.7vmTV1bG', 0, NULL, '2018-03-12 05:02:33', NULL, NULL),
(815, 'LeNa', 'na.le@daikin.com.vn', 1, 4, '$2y$10$bvhNtrTUfTG8dsXUafhTwuOWsnW9sNkkn6pxeI3u15b0IHztsTz0i', 0, NULL, '2018-03-12 05:02:33', NULL, NULL),
(816, 'PhamHoanVinhNghinh', 'vinhnghinh.pham@daikin.com.vn', 1, 4, '$2y$10$f.jXkV1Ie0xuDdPv7MSLv.pawDuBiyO1V2tG40FKYq1SxPQNs72J.', 0, NULL, '2018-03-12 05:02:33', NULL, NULL),
(817, 'PhanThiBichTram', 'bichtram.phan@daikin.com.vn', 1, 4, '$2y$10$UQP5gqg7GhCFI.XEfzijaeNqp0UHQLdy5ClBi/bYxXWrBXS6fAYfC', 0, NULL, '2018-03-12 05:02:33', NULL, NULL),
(818, 'TruongQuangTrung', 'quangtrung.truong@daikin.com.vn', 1, 4, '$2y$10$4wXMhFlcKH/6l/pCJaOkIeFW8sXvJtH4zrr/SRo1DFWRbDS0rqsbe', 0, NULL, '2018-03-12 05:02:33', NULL, NULL),
(819, 'NguyenPhamThucTrinh', 'thuctrinh.nguyen@daikin.com.vn', 1, 4, '$2y$10$Mrjx2UPrqzWIbItnfSf1w.SLb5wUl593n29VHGJku5Vr5F7jFTei.', 0, NULL, '2018-03-12 05:02:33', NULL, NULL),
(820, 'DangThanhHai', 'thanhhai.dang@daikin.com.vn', 1, 4, '$2y$10$SsGR2OPhTb0Qx/grl8VSQOaB/2gB/MXLW3DQWwQ11mhicuRgl/Tju', 0, NULL, '2018-03-12 05:02:33', NULL, NULL),
(821, 'NguyenNgocLinh', 'ngoclinh.nguyen@daikin.com.vn', 1, 4, '$2y$10$7rGuxQd/59W8CTsGLQRdfeDOOdF648eYO8CwUSRz8XLXmZYs7zZP2', 0, NULL, '2018-03-12 05:02:33', NULL, NULL),
(822, 'NguyenThiVy', 'vy.nguyen@daikin.com.vn', 1, 4, '$2y$10$D0KQBW36aOs/Y.Ic.JoNS.7nacuJwSznd/Gek250Mp7L04X6mL/ka', 0, NULL, '2018-03-12 05:02:33', NULL, NULL),
(823, 'NguyenCongChau', 'congchau.nguyen@daikin.com.vn', 1, 4, '$2y$10$g9UQSTRXzmho2qNJVOfLVukCR4mMSiyFbYHeRVZXVVqlfEGr6OTIm', 0, NULL, '2018-03-12 05:02:33', NULL, NULL),
(824, 'NguyenHoangHoa', 'hoanghoa.nguyen@daikin.com.vn', 1, 4, '$2y$10$0tVEUiKHAYPB5F/mkAPTr.8qZudI/ofCx3PFjb6qra1.4FKY9IUqG', 0, NULL, '2018-03-12 05:02:33', NULL, NULL),
(825, 'NguyenThiNamPhuong', 'namphuong.nguyen@daikin.com.vn', 1, 4, '$2y$10$BGONT4YJel9Paboeu8O7UuyCcbSuW4ha/nN0eu5DkKPyqHA5ePOi2', 0, NULL, '2018-03-12 05:02:33', NULL, NULL),
(826, 'HoThaiPhong', 'thaiphong.ho@daikin.com.vn', 1, 4, '$2y$10$h/FKsTJhgwh13Q80cuujL.mw1XdZWxLxvGj3R4PQyT867jk8GlPP2', 0, NULL, '2018-03-12 05:02:33', NULL, NULL),
(827, 'LeThiThuy', 'thuy.le@daikin.com.vn', 1, 4, '$2y$10$GoSY3ho1BZwRDimM.5lTZOhkrhBDFhRNC4/E878Gh2DY26baPk082', 0, NULL, '2018-03-12 05:02:33', NULL, NULL),
(828, 'PhamPhuQuy', 'phuquy.pham@daikin.com.vn', 1, 4, '$2y$10$Rka4XcDXtdPbXA26vBOGI.hMaZkgCiwu7bxPbxUITIg6w1AZ/BaGO', 0, NULL, '2018-03-12 05:02:33', NULL, NULL),
(829, 'PhanQuocDin', 'quocdin.phan@daikin.com.vn', 1, 4, '$2y$10$2W69G7I.951nLLA3ZAild.n5aXu5YjDEo6vSxkvprRXJEbXepSpz.', 0, NULL, '2018-03-12 05:02:33', NULL, NULL),
(830, 'TruongDinhVu', 'dinhvu.truong@daikin.com.vn', 1, 4, '$2y$10$7QCgGK9uqnSoFZOjspTl9.tA1pxQHV0P/0R9TizMKJVUgX7CX73Xa', 0, NULL, '2018-03-12 05:02:33', NULL, NULL),
(831, 'BuiThiThanhLan', 'thanhlan.bui@daikin.com.vn', 1, 4, '$2y$10$F/ARFDmVKSYzKLXxYNnhSOxk5OHH2ojDC8dtrClPeT59syQ7bk6a6', 0, NULL, '2018-03-12 05:02:33', NULL, NULL),
(832, 'TranThiHoangNhi', 'hoangnhi.tran@daikin.com.vn', 1, 4, '$2y$10$zkF232ui0nGwOtv13vD4uOIfOAJvzDK/hl/F5iBmTKia52rZp4Z86', 0, NULL, '2018-03-12 05:02:33', NULL, NULL),
(833, 'DangThiNgocHanh', 'ngochanh.dang@daikin.com.vn', 1, 4, '$2y$10$/AdTPcXtuvfeTryfqpcdAOU/mPosNW/h.cnXUkJZ7Vk8Zs3L5qNj2', 0, NULL, '2018-03-12 05:02:33', NULL, NULL),
(834, 'TaQuangHieu', 'tqhieudn93@gmail.com', 1, 4, '$2y$10$NP3wZd1AnbM7chpPHFxD6O0ll82GZOjC.Fx6jq09ibBArj8pPu1g.', 0, NULL, '2018-03-12 05:02:33', NULL, NULL),
(835, 'VoThanhMot', 'mot.nhiet09bk@gmail.com', 1, 4, '$2y$10$XMFmcU/BrGtAWeLucUlnH.ficVMurkgYJeMq/UDq1Ou/PTYn9SWmG', 0, NULL, '2018-03-12 05:02:33', NULL, NULL),
(836, 'TonThatMinhQuan', 'minhquan.ton@daikin.com.vn', 1, 4, '$2y$10$ZCJ3fWIndyCJbkRgmr2kfe/Ha6Dn/DvcoYDx/JfklDqrBvBIdfqBq', 0, NULL, '2018-03-12 05:02:33', NULL, NULL),
(837, 'HoMinhDuc', 'minhduc.ho@daikin.com.vn', 1, 4, '$2y$10$e28yN/wQgEU/JJS1lEY5.eQBQvudNl4nTaduNHKx75.xq8pZlPUsy', 0, NULL, '2018-03-12 05:02:33', NULL, NULL),
(838, 'HoangVanToan', 'Toan12c2@gmail.com', 1, 4, '$2y$10$K2qqwsX32CDJmtcSGcZGyOc7skb7t5bmNd5pxQM89ibn6rVFNYvGC', 0, NULL, '2018-03-12 05:02:33', NULL, NULL),
(839, 'DuongNgocChinh', 'ngocchinh.duong@daikin.com.vn', 1, 4, '$2y$10$kpYNWw2qjQRruYuM8TPcCu1rLO/HKgNQnljWsiLwucrEpY0sH5Q5G', 0, NULL, '2018-03-12 05:02:33', NULL, NULL),
(840, 'VoHoangQuang', 'quang41093@gmail.com', 1, 4, '$2y$10$kfVRTYBi64.BX9X120MtFO6nmy9V9YVLZR5TiFWiRfGeamL01l7ti', 0, NULL, '2018-03-12 05:02:33', NULL, NULL),
(841, 'VanThiNgocHanh', 'ngochanh.van@daikin.com.vn', 1, 4, '$2y$10$Zps4Ihvr6rZonJgm1Ql2e.Fd53QMtr.9GuNrohfGXUUH0rikg3zBu', 0, NULL, '2018-03-12 05:02:33', NULL, NULL),
(842, 'TranThiThanhThao', 'thanhthao.tran@daikin.com.vn', 1, 4, '$2y$10$hxv0g74.4y4g3QiVt3eW7ueG3rbZ2SfUWH1S00VigtL5jBsJsM0r.', 0, NULL, '2018-03-12 05:02:33', NULL, NULL),
(843, 'LeMyThanh', 'mythanh.le@daikin.com.vn', 1, 4, '$2y$10$WE8UuMsLaraP3p2q8c7lsOfnkAhPkdEJwmHlOtd2KPQuG49EXuiH.', 0, NULL, '2018-03-12 05:02:33', NULL, NULL),
(844, 'HuynhQuyHung', 'quyhung.huynh@daikin.com.vn', 1, 4, '$2y$10$zxrvLEeZEpUu8Az2U5GUwOBeH0euLldTmWoDhzSLyamjQEXd1bFYa', 0, NULL, '2018-03-12 05:02:33', NULL, NULL),
(845, 'LeDuyHoa', 'duyhoa.le@daikin.com.vn', 1, 4, '$2y$10$jgNiqmJ71uaeSRGKZeync.kr7uFjpPeETiJ8SDjBrjsiKXiieh0NW', 0, NULL, '2018-03-12 05:02:33', NULL, NULL),
(846, 'NguyenLeMaiThao', 'nguyenmaithao242@gmail.com', 1, 4, '$2y$10$GFRh9EUkla5eOAh4/Jzcvuz.Pbwqxp4SClQyitIkaHae7m5cq6A8q', 0, NULL, '2018-03-12 05:02:33', NULL, NULL),
(847, 'NguyenPhucHung', 'hungphucnguyen09@gmail.com', 1, 4, '$2y$10$7w9q.P6Z38jeSu9aEqE8t.iR9vKbexfet1dt3CPgsckyEbeifyPqe', 0, NULL, '2018-03-12 05:02:33', NULL, NULL),
(848, 'NguyenLeBaoHuan', 'baohuan.nguyen@daikin.com.vn', 1, 4, '$2y$10$D6AYrZRTI3DbrFmqKSHG4.6O59kUECplqZNldVP70Pk0kL0luJ7Ka', 0, NULL, '2018-03-12 05:02:33', NULL, NULL),
(849, 'VoThanhDung', 'thanhdung.vo@daikin.com.vn', 1, 4, '$2y$10$DJpKN9.WZLYhI8jfgqdpuuStboMCRfQqpzkG2qXGC.8.rVkTRa10i', 0, NULL, '2018-03-12 05:02:33', NULL, NULL),
(850, 'LeVanQuang', 'quang.le@daikin.com.vn', 1, 4, '$2y$10$OCyI43l7TCCt.tWLImYQ2OhmIYpvb/beg6994yc3wt.nfQlMSSvsu', 0, NULL, '2018-03-12 05:02:33', NULL, NULL),
(851, 'VoAnhDung', 'anhdung.vo@daikin.com.vn', 1, 4, '$2y$10$AOFQutxLCcC6F.APWxBUqOOaGTHpisyxEu2YFBIS3j1urswud6k96', 0, NULL, '2018-03-12 05:02:33', NULL, NULL),
(852, 'PhanVanHue', 'hue.phan@daikin.com.vn', 1, 4, '$2y$10$6ryk04do8v88D2eJVZg4meVWdzCXMO35xf2twkxMzTsn9JNZmtjSu', 0, NULL, '2018-03-12 05:02:33', NULL, NULL),
(853, 'TranAnhKhoa', 'anhkhoa.tran@daikin.com.vn', 1, 4, '$2y$10$C0dqf/bl/IbuL2IJvSJK9.Si9JnvUBxtJG7/fP4L3qG7eQ.3/ouTG', 0, NULL, '2018-03-12 05:02:33', NULL, NULL),
(854, 'DangThiNgocHiep', 'ngochiep.dang@daikin.com.vn', 1, 4, '$2y$10$SoRXf0XvSR1e0nQ6XdVrs.znzHNwmJR0sRjTNyr.YEYBRBjtnLNV2', 0, NULL, '2018-03-12 05:02:33', NULL, NULL),
(855, 'PhanQuocCuong', 'quoccuong.phan@daikin.com.vn', 1, 4, '$2y$10$DTRZ2mlzCxG9VMF1FJRN7.2nYJiv/ewBpygeAJXM04g1CPh1UvTku', 0, NULL, '2018-03-12 05:02:33', NULL, NULL),
(856, 'NguyenHoangTrieu', 'hoangtrieu.nguyen@daikin.com.vn', 1, 4, '$2y$10$RMfVUDcRO8CsrmPnm4x47OIfImVweySNmzoNllvdpoL4dxv4Cg20G', 0, NULL, '2018-03-12 05:02:33', NULL, NULL),
(857, 'NguyenVanThanh', 'thanh.nguyen@daikin.com.vn', 1, 4, '$2y$10$YKnwC8Fu3SyNzL8lJT.5MezTvMU79N9OOaWDT2P9LNsxi/ny4V8jC', 0, NULL, '2018-03-12 05:02:33', NULL, NULL),
(858, 'TaBaoLong', 'baolong.ta@daikin.com.vn', 1, 4, '$2y$10$3zJrV4jtr8C9Cusfh.04O.YdTFlG8pqn7keLpOWV38RqFpJEuk64u', 0, NULL, '2018-03-12 05:02:33', NULL, NULL),
(859, 'LeThiSam', 'sam.le@daikin.com.vn', 1, 4, '$2y$10$Hixi9aJWlFAZIMrTaFc.K.r4lGUY.BGxO0hP2sqI9Czsx6G.uQAX.', 0, NULL, '2018-03-12 05:02:33', NULL, NULL),
(860, 'TranDucHoangTrung', 'hoangtrung.tran@daikin.com.vn', 1, 4, '$2y$10$yNByCl5fwVc1ogH3aEt77.iqjP277CwJnB83JonASGSqbnZS2FnbC', 0, NULL, '2018-03-12 05:02:33', NULL, NULL),
(861, 'PhamVanLanh', 'lanh.pham@daikin.com.vn', 1, 4, '$2y$10$GHpf9xLFB4MGqxZNnWA3HO9O.XLDYUz8m0ltNXlksBuTsZl6qzTkO', 0, NULL, '2018-03-12 05:02:33', NULL, NULL),
(862, 'HuynhNgocThien', 'huynhngoc1593@gmail.com', 1, 4, '$2y$10$XGpvathPtheVDUvLmWxdIOCS4jhwAuKuqDOJAZk13TwPj2/bTCIya', 0, NULL, '2018-03-12 05:02:33', NULL, NULL),
(863, 'HuynhThanhTung', 'tung.huynhthanh1604@gmail.com', 1, 4, '$2y$10$ZZv/YtO.QLcrg9d4MgDzouvv21YDbqo9nax25AyJBJR7ty9pK9D9y', 0, NULL, '2018-03-12 05:02:33', NULL, NULL),
(864, 'HoangTheVinh', 'thevinhhoang1995@gmail.com', 1, 4, '$2y$10$rTu/O0f4d9fKeAa/jTr2HeExjLqY.8xU7SqEFDH3kiwf8ZekEqkYm', 0, NULL, '2018-03-12 05:02:33', NULL, NULL),
(865, 'NguyenVanGiao', 'giao.nguyen@daikin.com.vn', 1, 4, '$2y$10$9YEJslU133iazKtPIy3lU.SN.T2i3BEAhcNKxbtoS6sEOLpxQRY4C', 0, NULL, '2018-03-12 05:02:33', NULL, NULL),
(866, 'DinhTanDat', 'tandat.dinh@daikin.com.vn', 1, 4, '$2y$10$0IHGoS32xu/toBnB6c9OLezvakaSAZ0cAaqoje7ol32GHgMR6NB6e', 0, NULL, '2018-03-12 05:02:33', NULL, NULL),
(867, 'NgoTanViet', 'tanviet.ngo@daikin.com.vn', 1, 4, '$2y$10$oKS7sSzMOYU0npMV0eqQpO8OyZF5o3Zb2bCPfUgpeBRG6K61jxhfe', 0, NULL, '2018-03-12 05:02:33', NULL, NULL),
(868, 'NguyenThiHongLy', 'hongly.nguyen@daikin.com.vn', 1, 4, '$2y$10$Udj1rOkCO5kb1ECPYlfay.YtwGtdXBfZkNQFCyOuVz1iv2t/geQXK', 0, NULL, '2018-03-12 05:02:33', NULL, NULL),
(869, 'NguyenNgocNguyenVy', 'nguyenvy.nguyen@daikin.com.vn', 1, 4, '$2y$10$G4dgyTmL1INUBRYWuZcipew/7GzJldmO70kt85TVVtdsUyEPQ6aGy', 0, NULL, '2018-03-12 05:02:33', NULL, NULL),
(870, 'NguyenThiBinh', 'binh.nguyen@daikin.com.vn', 1, 4, '$2y$10$F17ATNG8oeLxtVuiKvceEOhVzGbfFQIzj9peg7NjHaXFj9ZOTJbTu', 0, NULL, '2018-03-12 05:02:33', NULL, NULL),
(871, 'NguyenNgocDieuMy', 'dieumy.nguyen@daikin.com.vn', 1, 4, '$2y$10$PfScUI/cLr3MkESns/RisOfr2DRMOfbyp1mUmGA8fOox0VVtXm1lG', 0, NULL, '2018-03-12 05:02:33', NULL, NULL),
(872, 'NguyenHaThanh', 'Nguyenhathanh161@gmail.com', 1, 4, '$2y$10$Qx3vZVgWKB.5SiZr29YEreg3mMzZNnt7kMk2DUQbPHH1KY/c.FA9S', 0, NULL, '2018-03-12 05:02:33', NULL, NULL),
(873, 'TranThiThanhKhuyen', 'thanhkhuyen.tran@daikin.com.vn', 1, 4, '$2y$10$VvB1JnmgScgn3EseEgQoNe5v9/1pc74.C5.SE1AjIC.Kcjk5Jl3SK', 0, NULL, '2018-03-12 05:02:33', NULL, NULL),
(874, 'BuiVinhPhat', 'vinhphat.bui@daikin.com.vn', 1, 4, '$2y$10$hEegUdM48NEn3mCbCJQPnuoSgt3ZMZVCpgHiKHkLfC8XX/p.kSb6O', 0, NULL, '2018-03-12 05:02:33', NULL, NULL),
(875, 'BuiVinhKhuong', 'vinhkhuong.bui@daikin.com.vn', 1, 4, '$2y$10$G64HlwWKXaZ4cLwJamH1Zu0Bm8/GanSHQggoYpXszL5p0cVd72hKK', 0, NULL, '2018-03-12 05:02:33', NULL, NULL),
(876, 'NgoTanHung', 'tanhung.ngo@daikin.com.vn', 1, 4, '$2y$10$do5JfuwWUfPsS9ftBbyyWu83ddyBJcwn8Fs9YhHcACZqLZNMp2tMG', 0, NULL, '2018-03-12 05:02:33', NULL, NULL),
(877, 'HàDúcLong', 'duclong.ha@daikin.com.vn', 1, 4, '$2y$10$BQmctvTodM7tL99ewAoDYONC1e6gwd1HEHeCE7t8av7BtljQWIuSa', 0, NULL, '2018-03-12 05:02:33', NULL, NULL),
(878, 'DoKieuNgan', 'kieungan.do@daikin.com.vn', 1, 4, '$2y$10$DUEyC/GIKhJBiUYxZ8DnoOxttDTTKLDKX.pj8IPTIINjSYFbvs4ku', 0, NULL, '2018-03-12 05:02:33', NULL, NULL),
(879, 'PhamNgocHong', 'ngochong.pham@daikin.com.vn', 1, 4, '$2y$10$iGSqkwZ4g0jXJGhsgY0Uk.lEufBRlGTcRTf5hvrJzpNzbKO0pi1ky', 0, NULL, '2018-03-12 05:02:33', NULL, NULL),
(880, 'NguyenThiHoangYen', 'hoangyen.nguyen@daikin.com.vn', 1, 4, '$2y$10$U5zI7iOfU9l.hXh.tWp7hOd9qOXZ8eQMKbB3TJoCEiNYITwzAOyi6', 0, NULL, '2018-03-12 05:02:33', NULL, NULL),
(881, 'HoangTheHanh', 'thehanh.hoang@daikin.com.vn', 1, 4, '$2y$10$g/7V4YVs5/sdbd4pqkjn.uuXc3gqejSIWNKdcppbn9aHsDZqnpCMi', 0, NULL, '2018-03-12 05:02:33', NULL, NULL),
(882, 'YuichiKitada', 'yuuichi.kitada@daikin.co.jp', 1, 4, '$2y$10$pYJi8LN/30Bd0CH5ol8yteEsdVGrK/wAq38VkqmJDo.9mfj6YuOd.', 0, NULL, '2018-03-12 05:02:33', NULL, NULL),
(883, 'LyThiPhuongTrang', 'phuongtrang.ly@daikin.com.vn', 1, 4, '$2y$10$sKBkbJM1OuDV4nkAdikq.OaxfZ/CVHj4vZ7Yf4C4Dc2RqCJqGT9MO', 0, NULL, '2018-03-12 05:02:33', NULL, NULL),
(884, 'OgamiNoriyoshi', 'noriyoshi.ohgami@daikin.co.jp', 1, 4, '$2y$10$BY2SzawmPwcb3WfLkU51DeWkBKo5lZq8sMOX6I7rzrgxVvPFj0GOy', 0, NULL, '2018-03-12 05:02:33', NULL, NULL),
(885, 'MushiakeShunichi', 'shunichi.mushiake@daikin.co.jp', 1, 4, '$2y$10$eyNXy5Hxw22D4J/qoEFOjeuh1wXawDi/bzfVpkQzXGH0xD6j45M2O', 0, NULL, '2018-03-12 05:02:33', NULL, NULL),
(886, 'NgoNguyetHang', 'nguyethang.ngo@daikin.com.vn', 1, 4, '$2y$10$eA8E5rIvbm9WQIw5WLL./O7IWWh0TdAp2hMDYpfZ/0icvudDx/Cb.', 0, NULL, '2018-03-12 05:02:33', NULL, NULL),
(887, 'NguyenThiHaiNinh', 'haininh.nguyen@daikin.com.vn', 1, 4, '$2y$10$30dwJwjLf.OF/I2JiN2fA.Yz0N.cU/xN.my6De5EGKGILzcB7mODC', 0, NULL, '2018-03-12 05:02:33', NULL, NULL),
(888, 'NguyenDucLong', 'duclong.nguyen@daikin.com.vn', 1, 4, '$2y$10$9EVM2OtWAZU6ZMLxQmC3jeGFWCc7oRabyThjFlLVmxen5YHGIyzGG', 0, NULL, '2018-03-12 05:02:33', NULL, NULL),
(889, 'NguyenVanViet', 'viet.nguyen@daikin.com.vn', 1, 4, '$2y$10$txwQJ.KBtx1yP/XXWjg2vu296Suse/Ow8Xcy8piy7Yedp1aoiGVkG', 0, NULL, '2018-03-12 05:02:33', NULL, NULL),
(890, 'PhanPhuQuang', 'phuquang.phan@daikin.com.vn', 1, 4, '$2y$10$WyA2k4aF81jm3qIxsznISug0lkucvCFbShZlztHcMH2bPRdxCtDw6', 0, NULL, '2018-03-12 05:02:33', NULL, NULL),
(891, 'DangTranTung', 'bachtung1973@gmail.com', 1, 4, '$2y$10$kjPGyp.ffM9P4w7dcEfQRuHofUUGFqrz9iE9apEwLgBf7Qs2caIS.', 0, NULL, '2018-03-12 05:02:33', NULL, NULL),
(892, 'NguyenQuyet', 'quyet.nguyen@daikin.com.vn', 1, 4, '$2y$10$67J0oZHmaVnpMjYIP1dBiOl4IQUY5sxThiOUaQ8w8ZJElZynJiLES', 0, NULL, '2018-03-12 05:02:33', NULL, NULL),
(893, 'PhamVanThanh', 'thanh.pham@daikin.com.vn', 1, 4, '$2y$10$QnPy8x4mG.GVZzL38M1R6OnqlkytbSsN5jg7z3lIXctO5aLN7QdZW', 0, NULL, '2018-03-12 05:02:33', NULL, NULL),
(894, 'HoangVanChuong', 'chuong.hoang@daikin.com.vn', 1, 4, '$2y$10$ParsmgMVm1mk151yb6F33.XGyjx6dpMyOAiiuT9aEN16boMbMLGOG', 0, NULL, '2018-03-12 05:02:33', NULL, NULL),
(895, 'NguyenHongTuan', 'hongtuan.nguyen@daikin.com.vn', 1, 4, '$2y$10$i8EYUNbY7rAr6TM4GS7YxevDYOwkSlnH9qyjZxFQziC29iRcZ.1kG', 0, NULL, '2018-03-12 05:02:33', NULL, NULL),
(896, 'NguyenTruongVien', 'truongvien.nguyen@daikin.com.vn', 1, 4, '$2y$10$T48ZF5QZY.GAmkrKwVSPR.OWowHlSkvOIpi1Vqfczxxi9jm1pCAPm', 0, NULL, '2018-03-12 05:02:33', NULL, NULL),
(897, 'LuongVanDinh', 'dinh.luong@daikin.com.vn', 1, 4, '$2y$10$7IoBqqXbZn6OzEMKjAVqSug0BSaJG8acKx3bDbifEBc83M8SWBYS.', 0, NULL, '2018-03-12 05:02:33', NULL, NULL),
(898, 'LeVietHien', 'viethien.le@daikin.com.vn', 1, 4, '$2y$10$uHZ.kZ.4RjC4S/Mhdwm5puIzkcCxvcqn6oFLh6.iO3/LB4NaXS.8C', 0, NULL, '2018-03-12 05:02:33', NULL, NULL),
(899, 'NguyenVanKhiet', 'khiet.nguyen@daikin.com.vn', 1, 4, '$2y$10$D2yIPPkao1gEnLh8Y3lZgOY9KSE3d6cSK92sgRNOjk4IIkMpcBwna', 0, NULL, '2018-03-12 05:02:33', NULL, NULL),
(900, 'DoVanChien', 'chien.do@daikin.com.vn', 1, 4, '$2y$10$TiD29XXdIcvM./qrMM6vL.j9vO3r/xycp2J84PtVpMQwfZiVOtHL2', 0, NULL, '2018-03-12 05:02:33', NULL, NULL),
(901, 'NguyenVanTuan', 'tuan.nguyen@daikin.com.vn', 1, 4, '$2y$10$yZ7gPb8xMGXCHFxD7rKU1uLUEvtTJQItyi6udkL2n52OpmJ6Nyiz6', 0, NULL, '2018-03-12 05:02:33', NULL, NULL),
(902, 'VuDucLoi', 'ducloi.vu@daikin.com.vn', 1, 4, '$2y$10$Q7aJlHU1hOxG7eAtJbbLEuCa44rirpyTBm82O6Tqv8dJPt.5UKRHm', 0, NULL, '2018-03-12 05:02:33', NULL, NULL),
(903, 'NguyenDuyNam', 'duynam.nguyen@daikin.com.vn', 1, 4, '$2y$10$5FRPrSdSRbqA.x5vscXgY.SGEGlDM6GvejiUZQJdG5XaJA2jlOQkm', 0, NULL, '2018-03-12 05:02:33', NULL, NULL),
(904, 'HoangThiHongHanh', 'hoanghanh1471995@gmail.com', 1, 4, '$2y$10$op61n79uj3OVj2BW1oTIZenSWms4dIU9ux54OerQccRiWJNXXzL4e', 0, NULL, '2018-03-12 05:02:33', NULL, NULL),
(905, 'NgoVanSon', 'Kgtec33b@gmail.com', 1, 4, '$2y$10$yZI5yVPflCa2mOTHCszjH.9nNTuewS0ikF1JCELBrasGdoOsopr5i', 0, NULL, '2018-03-12 05:02:33', NULL, NULL),
(906, 'HuynhCongTai', 'congtai.huynh@daikin.com.vn', 1, 4, '$2y$10$ysIPCc0NRRhqfpXKwgPLoeqx8L9s2SPkOhvvRZ696dIjMz4uu4SD2', 0, NULL, '2018-03-12 05:02:33', NULL, NULL),
(907, 'OngThiTietMy', 'ongthitietmy@gmail.com', 1, 4, '$2y$10$naXXu23WRVv9znDB6JZq2euTJYigwKlDwBbxsm5BZqMLjllNxei.S', 0, NULL, '2018-03-12 05:02:33', NULL, NULL),
(908, 'NguyenThuHong', 'thuhong.nguyen@daikin.com.vn', 1, 4, '$2y$10$p4.YWFVMyJGzNpoDHC7Ife.yq3nHTjRSxkBUqeCzupoJOIy4fPnNa', 0, NULL, '2018-03-12 05:02:33', NULL, NULL),
(909, 'NguyenThiThuan', 'thuan.nguyen@daikin.com.vn', 1, 4, '$2y$10$Kw0TIE69SaeSK/Vi2XLZoe5BjNmZIoBYPzGVL5fmm7/Y29aGQLgf2', 0, NULL, '2018-03-12 05:02:33', NULL, NULL),
(910, 'HaTuanHuy', 'tuanhuy.ha@daikin.com.vn', 1, 4, '$2y$10$yNSgxIxYCjaHfj.EtKJHU..BtUEQAjy/4OBWvCwri94RsFAhfjjaW', 0, NULL, '2018-03-12 05:02:33', NULL, NULL),
(911, 'VuTuanAnh', 'tuananh.vu@daikin.com.vn', 1, 4, '$2y$10$dtU4V5TjeVmM7pgIFvCib.ueOEZ30/YRN5rClMveLjvhI5YNNXs5K', 0, NULL, '2018-03-12 05:02:33', NULL, NULL),
(912, 'TranThiTuyetAnh', 'tuyetanh.tran@daikin.com.vn', 1, 4, '$2y$10$7G3ZS6JDN4vlnpBVBbPC.eh8CWKmPKmqqgXav0pa1TO7F6Fkv/2mq', 0, NULL, '2018-03-12 05:02:33', NULL, NULL),
(913, 'DangTranThuan', 'tranthuan.dang@daikin.com.vn', 1, 4, '$2y$10$cIKT1Xqjz6kGqFXKZKJjjOrev.A1a.ExnMFeGS/0Ngh.OXsB7Gn0u', 0, NULL, '2018-03-12 05:02:33', NULL, NULL),
(914, 'LyTuanLinh', 'tuanlinh.ly@daikin.com.vn', 1, 4, '$2y$10$QWi9wFgcVERzWiYjTTq6Be/oWt1eW0VLYU.Uiuq0N3TodVg1d5nma', 0, NULL, '2018-03-12 05:02:33', NULL, NULL),
(915, 'TranMaiAnh', 'maianh.tran@daikin.com.vn', 1, 4, '$2y$10$HlBIjoxFsEmvbnVS8t9cye46Qs/0XMKNClbpUyj7HhLFCm4s9O4b6', 0, NULL, '2018-03-12 05:02:33', NULL, NULL),
(916, 'PhamThiPhuongThao', 'thao.pham@daikin.com.vn', 1, 4, '$2y$10$MQDuWWAL.Be7y0JPy/0pz.JJybrgrHquUmEx398xe..uKsTGc.PDa', 0, NULL, '2018-03-12 05:02:33', NULL, NULL),
(917, 'HaThiThuHuong', 'thuhuong.ha@daikin.com.vn', 1, 4, '$2y$10$IE6i5ixCdnOJy29yb8nPmOEuS0QclIeLQBY9thQpdAbl.pQ7F.rb2', 0, NULL, '2018-03-12 05:02:33', NULL, NULL),
(918, 'TranVuongCuong', 'vuongcuong.tran@daikin.com.vn', 1, 4, '$2y$10$aEeFJNCSS8vDIBY03.L79OKYXpjOuD2BL0RCnfE2cIusaK7/BljP2', 0, NULL, '2018-03-12 05:02:33', NULL, NULL),
(919, 'HoangMaiLinh', 'mailinh.hoang@daikin.com.vn', 1, 4, '$2y$10$SwHiaC94XFGR85we9mMG..FGrhVjvzMT2iabHDjYBbegjsE0xeT3y', 0, NULL, '2018-03-12 05:02:33', NULL, NULL),
(920, 'NguyenAnhDung', 'anhdung3011@gmail.com', 1, 4, '$2y$10$QNCgmUeG4iw1VhB/42JtvufnQqnIwesNwTvvrgIIGITfZc2tXrzkG', 0, NULL, '2018-03-12 05:02:33', NULL, NULL),
(921, 'LeDangAnh', 'danganh.le@daikin.com.vn', 1, 4, '$2y$10$4z7fl9kv/uZaQkl7aOmI5..05qgkLRYimJTh1idCxYJ//vVc.h6lO', 0, NULL, '2018-03-12 05:02:33', NULL, NULL),
(922, 'VuongChíHùng', 'chihung.vuong@daikin.com.vn', 1, 4, '$2y$10$ElKV8wUYQSucNoBGDlRLJebJ81dLl4jWRFeca2XcOpXBfKkBbHsai', 0, NULL, '2018-03-12 05:02:33', NULL, NULL),
(923, 'NguyenThiChung', 'chung.nguyen@daikin.com.vn', 1, 4, '$2y$10$z5WBpUYgqbOUUeTPC8oneO7L9RFRL7nJ.xIoQgsFrzmHNvvPTVYsC', 0, NULL, '2018-03-12 05:02:33', NULL, NULL),
(924, 'PhamVanLinh', 'linh.pham@daikin.com.vn', 1, 4, '$2y$10$XFEQ4yLlvWDy3yXp1YX99OgnlL1oygtKWpNapiCUpoUq0aTRiQlfq', 0, NULL, '2018-03-12 05:02:33', NULL, NULL),
(925, 'NguyenChiTrung', 'chitrung.nguyen@daikin.com.vn', 1, 4, '$2y$10$kb5i5pPJDpuQQYw4RwAcb.jFczNtv0NEjheZOnCfBfhrkVzriCq.S', 0, NULL, '2018-03-12 05:02:33', NULL, NULL),
(926, 'DuongHoangTung', 'hoangtung.duong@daikin.com.vn', 1, 4, '$2y$10$w09qp70VASWvA2PqbzJFROwgWEx0LXAvTnXLe73/SlTzJUJS1Blwe', 0, NULL, '2018-03-12 05:02:33', NULL, NULL),
(927, 'PhamHongHai', 'honghai.pham@daikin.com.vn', 1, 4, '$2y$10$2J.hmeCo93nR6PzH.QRbfOpso6qmSUACuASE9Khj4/vtc9XXnKeui', 0, NULL, '2018-03-12 05:02:33', NULL, NULL),
(928, 'NguyenQuocThang', 'quocthang.nguyen@daikin.com.vn', 1, 4, '$2y$10$QYXa676iLDRTwYWShU8xAObPbAeWYm7Q6y4ujHFkysFwQJDsheB4S', 0, NULL, '2018-03-12 05:02:33', NULL, NULL),
(929, 'TrinhBaoKhanh', 'baokhanh.trinh@daikin.com.vn', 1, 4, '$2y$10$hsKrDsBkiXWk56dUWohWP.VAZW.jH.C2Vh/QQ.6hFIJ5K3u53Sc0u', 0, NULL, '2018-03-12 05:02:33', NULL, NULL),
(930, 'LeVanPhu', 'phu.le@daikin.com.vn', 1, 4, '$2y$10$BVWd6nqMRiyjd3eYsp7vme8.JsdAnei9tZgLPtoUYVE/.pkbnBlNq', 0, NULL, '2018-03-12 05:02:33', NULL, NULL),
(931, 'PhamDuyPhong', 'duyphong.pham@daikin.com.vn', 1, 4, '$2y$10$6.c9VhFyaGqiwVAZKXN5POcpNqGrh7WtysalffwpemrJppHsSF3Ii', 0, NULL, '2018-03-12 05:02:33', NULL, NULL),
(932, 'DoanVanDuc', 'duc.doan@daikin.com.vn', 1, 4, '$2y$10$LAheNWHc4U7hMT0hp.8i4emHws1zWLDcUyWFZVCxI0FoXZM1kTtlq', 0, NULL, '2018-03-12 05:02:33', NULL, NULL),
(933, 'LuuTuanQuang', 'tuanquang.luu@daikin.com.vn', 1, 4, '$2y$10$Zs4Q.NJz1UIwvePm6kGiqO6S3gsroge5AQUF2jHpsijx0wikHUYQm', 0, NULL, '2018-03-12 05:02:33', NULL, NULL),
(934, 'PhamTienThanh', 'tienthanh.pham@daikin.com.vn', 1, 4, '$2y$10$sADCz3qq./HT/opQGuhmceUyJebxLavMuUmCNAjRxY5xA4vMG8PLm', 0, NULL, '2018-03-12 05:02:33', NULL, NULL),
(935, 'DoThiBichNguyet', 'bichnguyet.do@daikin.com.vn', 1, 4, '$2y$10$4MNKWcJNxABp6ohTwR2eS.MWsif78akbPqq6uQUxM.31AMhxYtdrS', 0, NULL, '2018-03-12 05:02:33', NULL, NULL),
(936, 'NguyenVanDuc', 'vanduc.nguyen@daikin.com.vn', 1, 4, '$2y$10$DoFuOcPtS162xHbB4i2goeJt3l7BYh5caoLuKDa/TLjKjrJIav1A.', 0, NULL, '2018-03-12 05:02:33', NULL, NULL),
(937, 'DangThanhSon', 'thanhson.dang@daikin.com.vn', 1, 4, '$2y$10$eddN4p6YeTK6BuUJzusaY.IxviPaaq9HxlSqtLIW3wc2zOqGfd/zG', 0, NULL, '2018-03-12 05:02:33', NULL, NULL),
(938, 'NguyenThiLanAnh', 'lananh.nguyen@daikin.com.vn', 1, 4, '$2y$10$YzK8bxfpIDPYWPpPl4vVfefkTD4N.yFpUnPWErvf24XbFcZCNnWe6', 0, NULL, '2018-03-12 05:02:33', NULL, NULL),
(939, 'NguyenDucHoang', 'duchoang.nguyen@daikin.com.vn', 1, 4, '$2y$10$wQ0USutri6tng.OaCoBGQeRtvnRulOdADtSxZMiqTvXoRgzotwoKe', 0, NULL, '2018-03-12 05:02:33', NULL, NULL),
(940, 'NguyenVanToan', 'toan.nguyen@daikin.com.vn', 1, 4, '$2y$10$xcdLwk26gXzRcGSJ3AVk5erq9mb7CHnfhOcMPuDOgpJhlCOGFePWq', 0, NULL, '2018-03-12 05:02:33', NULL, NULL),
(941, 'PhamVanTien', 'tien.pham@daikin.com.vn', 1, 4, '$2y$10$6BWelLTFyTK6fWvORK57X.HbV1WhGnS/t4UlnMqOi9pFnalqkiVW.', 0, NULL, '2018-03-12 05:02:33', NULL, NULL),
(942, 'LeVanCuong', 'cuong.le@daikin.com.vn', 1, 4, '$2y$10$iFKXKJWS3JVAmd1Uhu.duO/BkY5G3I6XtAhjryXDZo3ZGwbTAqSXm', 0, NULL, '2018-03-12 05:02:33', NULL, NULL),
(943, 'NguyenThuyVanAnh', 'vananh.nguyen@daikin.com.vn', 1, 4, '$2y$10$HKp1lIbeP9czurQ8aPMia.zXmFs0Lxj03W6DriHb.t7kdbrvCcM8e', 0, NULL, '2018-03-12 05:02:33', NULL, NULL),
(944, 'TranAnhDuc', 'anhduc.tran@daikin.com.vn', 1, 4, '$2y$10$JLU6Er9sQL3bTMLTW4mTn.4L9YlOWZIw3h2aPeh6EKXP/f/7zmAfi', 0, NULL, '2018-03-12 05:02:33', NULL, NULL),
(945, 'TranVanTho', 'tho.tran@daikin.com.vn', 1, 4, '$2y$10$lqC2Nt4r9xIFUsP7dYvcaOwUyGbLRRlP0johP/NQaITGnZOILagRS', 0, NULL, '2018-03-12 05:02:33', NULL, NULL),
(946, 'HoangTheChien', 'thechien.hoang@daikin.com.vn', 1, 4, '$2y$10$w2k73EBW6TkY82ylEzGoPuOGBetz7blS4PkDNgKoIOnZzWeb0gUnC', 0, NULL, '2018-03-12 05:02:33', NULL, NULL),
(947, 'NguyenTuPhong', 'tuphong.nguyen@daikin.com.vn', 1, 4, '$2y$10$cb8BnB9bWKApI7azG5WYE.9NpdBHAzno3Japb3K/yeq.Xkva75mSu', 0, NULL, '2018-03-12 05:02:33', NULL, NULL),
(948, 'NguyenThiDung', 'dung.nguyen@daikin.com.vn', 1, 4, '$2y$10$Piv3YgWPoIb7vvQdpMCedOE1af9FyTvo2k3rb7KlFIQjWNmw4GmfC', 0, NULL, '2018-03-12 05:02:33', NULL, NULL),
(949, 'NguyenHaPhuong', 'haphuong.nguyen@daikin.com.vn', 1, 4, '$2y$10$QYHDBpzzkT4mhfF4E1Rbq.dXrhl7LI8f60CfwnhzYUHgMS0eNbVoG', 0, NULL, '2018-03-12 05:02:33', NULL, NULL),
(950, 'DoTatThang', 'tatthang.do@daikin.com.vn', 1, 4, '$2y$10$VjwYdJGAKZpAaMP/6V5vTeDZiTd/DofprrPeGlxNfly55MaT6RSMm', 0, NULL, '2018-03-12 05:02:33', NULL, NULL),
(951, 'TranQuangDuc', 'quangduc.tran@daikin.com.vn', 1, 4, '$2y$10$Zb5R422opq1ClqAq5pXHduJPYMwdZO2JA8s6ZXeozOGtCFQyueVFS', 0, NULL, '2018-03-12 05:02:33', NULL, NULL),
(952, 'PhamVanThang', 'miencattrang.bn@gmail.com', 1, 4, '$2y$10$QHi5bxDcDwN/xkXldmCo4eOB2iU5c4WjYHRXiIpJrpUUcqw3mizNq', 0, NULL, '2018-03-12 05:02:33', NULL, NULL),
(953, 'NguyenThiDung', 'dung.nguyen3@daikin.com.vn', 1, 4, '$2y$10$l5Mno/LfjB.sA6on4HNI7OVZzzXxiYEfnSMJozh5THQ6om8pZXI86', 0, NULL, '2018-03-12 05:02:33', NULL, NULL),
(954, 'NguyenTuanDung', 'tuandung.nguyen@daikin.com.vn', 1, 4, '$2y$10$TeXF3aQPopLeiW2/0ZTALO0EGCWWMA1Jbr1xQ.FdCV.u6o69pXa/q', 0, NULL, '2018-03-12 05:02:33', NULL, NULL),
(955, 'NguyenManhPhuc', 'manhphuc0205@gmail.com', 1, 4, '$2y$10$kQpEEESr0gIXPH5t4Tf5nOzwS6dxe2PD0Dalz8pfcbMVJt0LLpMey', 0, NULL, '2018-03-12 05:02:33', NULL, NULL),
(956, 'BuiVanCuong', 'cuongbui1015@gmail.com', 1, 4, '$2y$10$HF.2JX0y15S98Ssy2z5dS.EuV4ucmS.P1/eCLhE5Nra1DtmsHGw/a', 0, NULL, '2018-03-12 05:02:33', NULL, NULL),
(957, 'NguyenVietDung', 'vietdung.nguyen@daikin.com.vn', 1, 4, '$2y$10$AWhqt2NOgW577BaZWeIg.u/zO0uGRV6YSSwsXZymOumwe3m8IRb62', 0, NULL, '2018-03-12 05:02:33', NULL, NULL),
(958, 'NguyenThiThuHang', 'thuhang.nguyen@daikin.com.vn', 1, 4, '$2y$10$W4Hs7eP8mMjKd1t0M3SW8ec8l3k6D3env/6kxEvGr2pIhJoEyE00q', 0, NULL, '2018-03-12 05:02:33', NULL, NULL),
(959, 'NguyenPhucCuong', 'phuccuong.nguyen@daikin.com.vn', 1, 4, '$2y$10$nZh0.SfvaOEiA8nU6aYCAe8M10RWV0cvOs7dAB8HaBD90FUQz2JZm', 0, NULL, '2018-03-12 05:02:33', NULL, NULL),
(960, 'PhamThiLuu', 'luu.pham@daikin.com.vn', 1, 4, '$2y$10$fueHBvuPNyq2laNsBwb8SeTXVftJEy6Q0iI9qz6tSwFD5KuWbpxBu', 0, NULL, '2018-03-12 05:02:33', NULL, NULL),
(961, 'NguyenHaiNam', 'hainam.nguyen@daikin.com.vn', 1, 4, '$2y$10$e5qcSrV0rZ8Pq0ZFIz96ouwACINGVhksjOa.wbotfz.3QeNppMGlK', 0, NULL, '2018-03-12 05:02:33', NULL, NULL),
(962, 'NguyenThacCuong', 'thaccuong.nguyen@daikin.com.vn', 1, 4, '$2y$10$momF6Yx75wT9FJ3YzNtpsOEuGptFLERWWqbbCgkQKt82J8Cl5HA6q', 0, NULL, '2018-03-12 05:02:33', NULL, NULL),
(963, 'NgoHoaiThu', 'hoaithu.ngo@daikin.com.vn', 1, 4, '$2y$10$eyR9sj5ot4d7Tkl1Cwt.4.3LClee4BEXuclAyE1hB0CY3XB3UYCz.', 0, NULL, '2018-03-12 05:02:33', NULL, NULL),
(964, 'NguyenNgocBich', 'ngocbich.nguyen@daikin.com.vn', 1, 4, '$2y$10$dMhmPrQQwrVQfbfLqeyTn.7uqeSEHzv6kvVzuFkVhRxNZeltedIxW', 0, NULL, '2018-03-12 05:02:33', NULL, NULL),
(965, 'LeQuangDung', 'quangdung.le@daikin.com.vn', 1, 4, '$2y$10$UeDPIcyLn5zNrItyFJWshe8zgFinmpchS80VHGC3pvscLo/KJCSQW', 0, NULL, '2018-03-12 05:02:33', NULL, NULL),
(966, 'NguyenQuangHuy', 'quanghuy.nguyen@daikin.com.vn', 1, 4, '$2y$10$bp9x2H5VFGjzkRbWVBd8hOafIvrvgdcnYB6Mkh7yj1r5mB1eaIwNK', 0, NULL, '2018-03-12 05:02:33', NULL, NULL),
(967, 'LeHongAnh', 'honganh.le@daikin.com.vn', 1, 4, '$2y$10$UDGQAkDEFu/Cr.HKxR5/werUOFJ2TbHEqarZuic7o4H52PHM1QfJ6', 0, NULL, '2018-03-12 05:02:33', NULL, NULL),
(968, 'VuHiep', 'hiep.vu@daikin.com.vn', 1, 4, '$2y$10$LodFEFpZzbKikn2UeCjghu0d08p5kYf6tPz.Kqg8PO6I1ATFynwj2', 0, NULL, '2018-03-12 05:02:33', NULL, NULL),
(969, 'TakuyaKurosawa', 'kurosawa.takuya@daikin.com.vn', 1, 4, '$2y$10$7rOdGuNgjATaFndCE5/11.HuCbZHN1cGSKWatzjUpjTRAb3ClzBye', 0, NULL, '2018-03-12 05:02:33', NULL, NULL),
(970, 'NguyenThuTrang', 'trang.nguyen@daikin.com.vn', 1, 4, '$2y$10$5yJVrU6xqDsGIk3yYL6/a.xQRQSaA77gD5uN9icgDzBSK1SMqtZW6', 0, NULL, '2018-03-12 05:02:33', NULL, NULL),
(971, 'NguyenTruongQuan', 'truongquan.nguyen@daikin.com.vn', 1, 4, '$2y$10$yCWtr1OCcqCJ5QLKbEqknOpbzaj39GSkWG5/AV3TPcONqxI2haqwi', 0, NULL, '2018-03-12 05:02:33', NULL, NULL),
(972, 'TranQuangTien', 'quangtien.tran@daikin.com.vn', 1, 4, '$2y$10$i1NYt2k1DD1QH0zWO8Z9eu0uh1Db5tCqqFq2S9af6iUGxOWZTbdGa', 0, NULL, '2018-03-12 05:02:33', NULL, NULL),
(973, 'PhamMinhTu', 'minhtu.pham@daikin.com.vn', 1, 4, '$2y$10$qbLraApN1wYeSjKC//jqGePIho3jabELjdd2TS5FDDcE90temDNay', 0, NULL, '2018-03-12 05:02:33', NULL, NULL),
(974, 'PhamTatHieu', 'hieupt.me@gmail.com ', 1, 4, '$2y$10$pHwObvFtEnbYVdMKpYeOZezv.HCQA4SkvFxkZEuvw6Xx4hFHy/Qj2', 0, NULL, '2018-03-12 05:02:33', NULL, NULL),
(975, 'VuDaiNghia', 'vudainghia.hanoi@gmail.com', 1, 4, '$2y$10$4ZvcZ9.SAEMtXkqL.wf8V.gnoI2jnxR.BPAh.acH.JHl65OGgH4Re', 0, NULL, '2018-03-12 05:02:33', NULL, NULL),
(976, 'NguyenThiThanhHoa', 'thanhhoa.nguyen@daikin.com.vn', 1, 4, '$2y$10$eKbpNsP9HPeRLAzaaVyhxOxrxUcRxaL4XfL2FHQWEoIexVW3pqDC2', 0, NULL, '2018-03-12 05:02:33', NULL, NULL),
(977, 'TranHuyNam', 'huynam.tran@daikin.com.vn', 1, 4, '$2y$10$4C9/NbK3MT2VsXeApb759.MK.1ZuzcB0mcxswyPbUnFO/SRYXjLji', 0, NULL, '2018-03-12 05:02:33', NULL, NULL),
(978, 'LuongTienThanh', 'tienthanh.luong@daikin.com.vn', 1, 4, '$2y$10$v/kaOIp2WZRL0XqqI1NsSe8.2xCcAb6/dLzjDRJPjnE4rek8q600W', 0, NULL, '2018-03-12 05:02:33', NULL, NULL),
(979, 'NguyenSongHao', 'songhao.nguyen@daikin.com.vn', 1, 4, '$2y$10$m.7z0zQK0b.r545P75wnKewg5z1dovG8nndSDH8v.2/yXkQcohPEC', 0, NULL, '2018-03-12 05:02:33', NULL, NULL),
(980, 'HoHaiNam', 'hainam.ho@daikin.com.vn', 1, 4, '$2y$10$J2kXn85K5gdSJ8yGeDYb8efqsjC4izbGRm8GPkIcC4BXdisoe5dw6', 0, NULL, '2018-03-12 05:02:33', NULL, NULL),
(981, 'NguyenDinhHoa', 'dinhhoa.nguyen@daikin.com.vn', 1, 4, '$2y$10$yl36dYiYxUnTVPcEsk893.nAZ2y1EevHLfvEYSdECqlsGSLujmSsS', 0, NULL, '2018-03-12 05:02:33', NULL, NULL),
(982, 'PhamThiTrangNhung', 'trangnhung.pham@daikin.com.vn', 1, 4, '$2y$10$a0U3pJ8CGJ35sDToJ4kxB.nCrZNH37fbjnwEurgurj5QDxTaMu352', 0, NULL, '2018-03-12 05:02:33', NULL, NULL),
(983, 'LeTuanMinh', 'tuanminh.le@daikin.com.vn', 1, 4, '$2y$10$Lv42d/qMG4k7gtKPJX/66OVYI7BkLFunqxsSFxJ7FaH.FS5Xx.gqC', 0, NULL, '2018-03-12 05:02:33', NULL, NULL),
(984, 'VuDuyKhanh', 'duykhanh.vu@daikin.com.vn', 1, 4, '$2y$10$P2gRM2GIpQ.I9IwTFxRfXuPOn538Dnk4a2VlfCX1y0xPTidpvXmqu', 0, NULL, '2018-03-12 05:02:33', NULL, NULL),
(985, 'DuongMạnhTién', 'duongmanh.tien@daikin.com.vn', 1, 4, '$2y$10$kIKdVZ.GUlVK58EWvlVRr.xEadxN.eu75XM1hUyPiCs2TD.uEd1Pq', 0, NULL, '2018-03-12 05:02:33', NULL, NULL);
INSERT INTO `users` (`id`, `name`, `email`, `status`, `role_id`, `password`, `change_password`, `remember_token`, `created_at`, `updated_at`, `deleted_at`) VALUES
(986, 'HirohideKinugawa', 'hirohide.kinugawa@daikin.co.jp', 1, 4, '$2y$10$KzC1uqo4yJ7VJ.IGKRUTuOkN3LQkDBykmIuXSFJTFsKSEQgjGwEpi', 0, NULL, '2018-03-12 05:02:33', NULL, NULL),
(987, 'KishiYuta', 'yuuta.kishi@daikin.co.jp', 1, 4, '$2y$10$uC.SHfj.qkaQUCxNXbqqQuNytnjOlr/KtuuM7pEd2NhVPRgfeq3o2', 0, NULL, '2018-03-12 05:02:33', NULL, NULL),
(988, 'NguyenThiOanh', 'oanh.nguyen@daikin.com.vn', 1, 4, '$2y$10$AUBI9EvIQatL/MFM6KrOoOrwXBsvVOeDXiyQ8lHuRjNesddHR2IbC', 0, NULL, '2018-03-12 05:02:33', NULL, NULL),
(989, 'NguyẽnThịThủy', 'thuy.nguyen@daikin.com.vn', 1, 4, '$2y$10$5beYzNN7If3wqwq6dCEra.aPLncN55p5Fe/58NeB35Diez1peZ6vK', 0, NULL, '2018-03-12 05:02:33', NULL, NULL),
(990, 'NguyenThiLua', 'lua.nguyen@daikin.com.vn', 1, 4, '$2y$10$QzHXSbi1aBRC9vqe6zt0zeyz14ZIblJpEm9QeaFd7ZUudoZhlW6GG', 0, NULL, '2018-03-12 05:02:33', NULL, NULL),
(991, 'DuongThuyDung', 'thuydung.duong@daikin.com.vn', 1, 4, '$2y$10$SncDPLdW3FW6LUBpZdNQP.LlBro5dEbQHNrHIuLZiu.Ce8On4n62W', 0, NULL, '2018-03-12 05:02:33', NULL, NULL),
(992, 'NguyenTuyetPhuong', 'tuyetphuong.nguyen@daikin.com.vn', 1, 4, '$2y$10$C49fxOJd6wWt/hkZ4w3Vo.MhAGdChx/RV79A1A34QvHMU7lySAdKy', 0, NULL, '2018-03-12 05:02:33', NULL, NULL),
(993, 'HoNamSon', 'namson.ho@daikin.com.vn', 1, 4, '$2y$10$NyQiBa0Q1HrGU8qUOGfjgeXboH5rtZSVvnlBJ0jwVZXkJ/OItTC5W', 0, NULL, '2018-03-12 05:02:33', NULL, NULL),
(994, 'NguyenMinhThong', 'minhthong.nguyen@daikin.com.vn', 1, 4, '$2y$10$yXUSuq1nuzGAzQVQPFKIh.SPbj9y5Wgrs6ZCHlZ3Ebr07FVNyUNdi', 0, NULL, '2018-03-12 05:02:33', NULL, NULL),
(995, 'TrinhVanChien', 'chiendienlanh1992@gmail.com', 1, 4, '$2y$10$Iq7d4ZuWM8r/VlgzoxyuL.EuZf/TQjz/jGN5aJ692H7pgt1k8MeHe', 0, NULL, '2018-03-12 05:02:33', NULL, NULL),
(996, 'BuiVanTai', 'tai.bui@daikin.com.vn', 1, 4, '$2y$10$7vHZ3IGfTZ8c5VHB5q2R7uRAw1zrs0k7zezyU81XxyztXNhZVX2gi', 0, NULL, '2018-03-12 05:02:33', NULL, NULL),
(997, 'BuiThiLyLy', 'ly.bui@daikin.com.vn', 1, 4, '$2y$10$s/qO2LNCB9g0NQApmjI.1eUE6REfL7gnBOPpIKCIwPkSR7sZeD9Ey', 0, NULL, '2018-03-12 05:02:33', NULL, NULL),
(998, 'DoHoangLong', 'hoanglong.do@daikin.com.vn', 1, 4, '$2y$10$S68N5254hOa2WUewpZJ/GOdhZeWEZQ/tabcUo6oJaOIGiL0DWqNca', 0, NULL, '2018-03-12 05:02:33', NULL, NULL),
(999, 'NguyenThiAnhLinh', 'anhlinh.nguyen@daikin.com.vn', 1, 4, '$2y$10$.JMH2v5WNfoXW8iQeKXTQuXjrDn5lKE6SHtg2HdXF0mLFaMqm2QEa', 0, NULL, '2018-03-12 05:02:33', NULL, NULL),
(1000, 'AnThịCham', 'cham.an@daikin.com.vn', 1, 4, '$2y$10$pLm16N1BvM6a.aYuvB1kZOXdRV6R/grptsputZSxABlemb0iiFojW', 0, NULL, '2018-03-12 05:02:33', NULL, NULL),
(1001, 'TaThiMy', 'my.ta@daikin.com.vn', 1, 4, '$2y$10$YwQS0td.mc0YboOhecoew.5RsUjqgPrJu10QTvzr16pAcL/uVYLGi', 0, NULL, '2018-03-12 05:02:33', NULL, NULL),
(1002, 'NguyenThiPhuong', 'phuong.nguyen@daikin.com.vn', 1, 4, '$2y$10$kGTsId0973ZC6IbdBCstmupOZJwMtbEm9mnmXyvoAAhIhGDytzIS2', 0, NULL, '2018-03-12 05:02:33', NULL, NULL),
(1003, 'PhamThanhTung', 'thanhtung.pham@daikin.com.vn', 1, 4, '$2y$10$9hzGfww.INR.TeQDb1JcmOl11XGnZJQtX5TIhHwCFzifHPtPP/BiC', 0, NULL, '2018-03-12 05:02:33', NULL, NULL),
(1004, 'NguyenVanHao', 'hao.nguyen@daikin.com.vn', 1, 4, '$2y$10$QMJM1GBIVzlnJ4K3Ls98RuqE57ArMev2V8VOWrJxfKNGAYrsNoN2e', 0, NULL, '2018-03-12 05:02:33', NULL, NULL),
(1005, 'ThaiVanThang', 'thang.thai@daikin.com.vn', 1, 4, '$2y$10$DEENZfEA.ytIOqJcvxZO2OUTgTpjI4VNj50B36E/KrFRFlyBlRd8y', 0, NULL, '2018-03-12 05:02:33', NULL, NULL),
(1006, 'BuiQuangViet', 'quangviet.bui@daikin.com.vn', 1, 4, '$2y$10$B1QNYGitKzV1CRVMEBSFj.Xv0ej.PckyVZL5/5XEUEtoRL.OXwFD2', 0, NULL, '2018-03-12 05:02:33', NULL, NULL),
(1007, 'NguyenHuuDung', 'huudung.nguyen@daikin.com.vn', 1, 4, '$2y$10$ir3Up8N28ks9OdXAclohdOgLYeNmJ5a2rTOP67Yj9TF6TAPLHnFSG', 0, NULL, '2018-03-12 05:02:33', NULL, NULL),
(1008, 'NguyenThiHuong', 'huong.nguyen@daikin.com.vn', 1, 4, '$2y$10$CHzRyd9qn3aVDQZxCuDd6uxo.EwpU9sZ7iG9nXIkJ.y7Y6dCSY3Ni', 0, NULL, '2018-03-12 05:02:33', NULL, NULL),
(1009, 'NguyenDinhCuong', 'dinhcuong.nguyen@daikin.com.vn', 1, 4, '$2y$10$5qHlloeJ2GsbdbafS1/Al.nmeDfkL96REAhFYBudVouAHLTgGWKMG', 0, NULL, '2018-03-12 05:02:33', NULL, NULL),
(1010, 'VuThanhLuan', 'thanhluan.vu@daikin.com.vn', 1, 4, '$2y$10$HmxUdRjWz2TdB3Dtxvp69uNadYQToGzT8VFoZa9I3gIsx7L/dONzC', 0, NULL, '2018-03-12 05:02:33', NULL, NULL),
(1011, 'PhanTienLuc', 'tienluc.phan@daikin.com.vn', 1, 4, '$2y$10$No5XBKwHCtpdsthrCDU6g.BGJEd2AkEfABpHhb86/UcyBjqzq/dn6', 0, NULL, '2018-03-12 05:02:33', NULL, NULL),
(1012, 'TranMinhTien', 'minhtien.tran@daikin.com.vn', 1, 4, '$2y$10$9NojIJHyNA/Ek7mzn7c6N.Bw473o3UbQVPyMwdJHtwRiBfpBdtHG.', 0, NULL, '2018-03-12 05:02:33', NULL, NULL),
(1013, 'NguyenKhacHoangThanh', 'hoangthanh.nguyen@daikin.com.vn', 1, 4, '$2y$10$wpg6uCeHvSTHH2E4gtIeVueuIdLKD3W7j5mmKL1P98DlYwbdMfZdG', 0, NULL, '2018-03-12 05:02:33', NULL, NULL),
(1014, 'NguyenVanHung', 'hung.nguyen@daikin.com.vn', 1, 4, '$2y$10$hTFjJuGOFBX/fLPVYaUuM.bMJ0lBdfWs0ik1/lrGTnWcP27srKxVu', 0, NULL, '2018-03-12 05:02:33', NULL, NULL),
(1015, 'NguyenVanDoan', 'doan.nguyen@daikin.com.vn', 1, 4, '$2y$10$89bRcAATWBzbzMkft43OMuW1fQGXPytUqUUsgcNH19lKPmpyXtwzu', 0, NULL, '2018-03-12 05:02:33', NULL, NULL),
(1016, 'VuVietPhuong', 'vietphuong.vu@daikin.com.vn', 1, 4, '$2y$10$u7hFvBO3Nv8qZwxehjYllOHwN1l1b1.xfVWA7z/3LMFkqmNEdF0vG', 0, NULL, '2018-03-12 05:02:33', NULL, NULL),
(1017, 'DaoTrongTruong', 'trongtruong.dao@daikin.com.vn', 1, 4, '$2y$10$8HqM4GQAMzBc381xELnblOqPjRXsg8x78O1b1eqZPxTCUF8zVgByy', 0, NULL, '2018-03-12 05:02:33', NULL, NULL),
(1018, 'NguyenDucManh', 'ducmanh.nguyen@daikin.com.vn', 1, 4, '$2y$10$EFzw833ZRY2BK6Yi1Qw5Pei2AvRReHiwgwrrnWf8FxoR3XED3Nztm', 0, NULL, '2018-03-12 05:02:33', NULL, NULL),
(1019, 'DangVanHoa', 'hoa.dang@daikin.com.vn', 1, 4, '$2y$10$YcqGZeh5qyD/4nS05zm9reDdgxjvCEE1XWBdp9.9hQ2ynaOmYHL3u', 0, NULL, '2018-03-12 05:02:33', NULL, NULL),
(1020, 'PhamAnhTuan', 'anhtuan.pham@daikin.com.vn', 1, 4, '$2y$10$0v9YIPGPHBzcCKTZkp.83eUyWFy9RzOjqSYmhgKYzG//Xpb6NFC4G', 0, NULL, '2018-03-12 05:02:33', NULL, NULL),
(1021, 'NguyenNgocTan', 'ngoctan.nguyen@daikin.com.vn', 1, 4, '$2y$10$KIAcfqrA5yd1gUlg5KgnZuzSxA.wN41rqe/jx95bO.V3eio/3Y1OO', 0, NULL, '2018-03-12 05:02:33', NULL, NULL),
(1022, 'LeVanTrung', 'trung.le@daikin.com.vn', 1, 4, '$2y$10$80urD8Ph96xt18luVIw6H.cffW7bTaBLxjAuR2uVgZ.DAhpnj6vuS', 0, NULL, '2018-03-12 05:02:33', NULL, NULL),
(1023, 'LeVanChien', 'chien.le@daikin.com.vn', 1, 4, '$2y$10$V13mirTiyCwPUx2DSuyf/u2moPTqAhHRU4z7UYQbv6gkRIdEUZi52', 0, NULL, '2018-03-12 05:02:33', NULL, NULL),
(1024, 'PhamVanMinh', 'minh.pham@daikin.com.vn', 1, 4, '$2y$10$76y.C9E6nhIVSJ7ikBzNpeQYhcwpXQTYJC./8ts98lLK4O2FPgFAm', 0, NULL, '2018-03-12 05:02:33', NULL, NULL),
(1025, 'TaThiHaiThanh', 'haithanh.ta@daikin.com.vn', 1, 4, '$2y$10$I5TpoE2ZSL2HwIZqTohLhe8fST7nDkCKx6b1wy/7vIKzwVmxIJPAa', 0, NULL, '2018-03-12 05:02:33', NULL, NULL),
(1026, 'TaTuanHiep', 'tuanhiep.ta@daikin.com.vn', 1, 4, '$2y$10$/ddjncnq2JR4ARm.HP2q1.UfRIWheF.S/DO/Sck5ADsMKDqpB0.J6', 0, NULL, '2018-03-12 05:02:33', NULL, NULL),
(1027, 'HoangPhiPhong', 'phiphong.hoang@daikin.com.vn', 1, 4, '$2y$10$OQb5uDVxSKylwMarQSJW9eXNu7UTrPU2aQj4/r7LhRJZZfvu/WBzq', 0, NULL, '2018-03-12 05:02:33', NULL, NULL),
(1028, 'NguyenThuHuong', 'nguyen.huong@daikin.com.vn', 1, 4, '$2y$10$QTtxn3JWCoN8O9QQVwqu8e3jlMdhhyDYVDfItU9K16m9MmMo6yf4i', 0, NULL, '2018-03-12 05:02:33', NULL, NULL),
(1029, 'NguyenDucThiep', 'ducthiep.nguyen@daikin.com.vn', 1, 4, '$2y$10$O2A4gw/kQWrumUgAg0ZdxuKdpG1D.1Z.ef99cz0eVHITaTSoF.L8O', 0, NULL, '2018-03-12 05:02:33', NULL, NULL),
(1030, 'BuiKhanhSon', 'khanhson.bui@daikin.com.vn', 1, 4, '$2y$10$eKdDXGHj6WSjXrcF2ltdneoLxIXi.449TVFS2H.RfrFjpNgi2azdy', 0, NULL, '2018-03-12 05:02:33', NULL, NULL),
(1031, 'TruongVanTruong', 'truong.truong@daikin.com.vn', 1, 4, '$2y$10$17gIO1/TEZITh/419het4OWuifYW7O0g7/tDGO6uUceBkT90yaQFa', 0, NULL, '2018-03-12 05:02:33', NULL, NULL),
(1032, 'NguyenVanDat', 'tiendat291992@gmail.com\'', 1, 4, '$2y$10$1.xRsff2pa3YAvK1mgRoLOg54uZLet38E3Pe81I1o/zDn67rHhW8.', 0, NULL, '2018-03-12 05:02:33', NULL, NULL),
(1033, 'NguyenMaiHong', 'maihong.nguyen@daikin.com.vn', 1, 4, '$2y$10$kla80SmqGCz67t1p6I/V8./et.J3KnVHb4rg3XEb3iG0.tIhmNMFy', 0, NULL, '2018-03-12 05:02:33', NULL, NULL),
(1034, 'BuiTuanAnh', 'tuananh.bui@daikin.com.vn', 1, 4, '$2y$10$ko94VtrKq9ky25tX.sbnX.fpd7vdlPE8KlNjRpuERIV1YjScz84Qm', 0, NULL, '2018-03-12 05:02:33', NULL, NULL),
(1035, 'PhamHongThinh', 'hongthinh.pham@daikin.com.vn', 1, 4, '$2y$10$wT4hDamu3L9ZlYY5iyyQtOeXdwNGXRMBdOMnfr9KqN6tSlovwVqEO', 0, NULL, '2018-03-12 05:02:33', NULL, NULL),
(1036, 'TranQuynhTrang', 'quynhtrang.tran@daikin.com.vn', 1, 4, '$2y$10$C24oL5XUVLbo.oV/KZivoOXoPV0r9iW07qSYcQ5W3gWNYxZ3p.O5q', 0, NULL, '2018-03-12 05:02:33', NULL, NULL),
(1037, 'HoangVanPhong', 'phong.hoang@daikin.com.vn', 1, 4, '$2y$10$McWZQ4S0j1PtcgBd9.UIXOH2R0.xfVViamPKYWLHT0wyaVOEb..TG', 0, NULL, '2018-03-12 05:02:33', NULL, NULL),
(1038, 'VuQuocHoa', 'quochoa.vu@daikin.com.vn', 1, 4, '$2y$10$XSoZTA37FCjbO5OfTmorAuBfrMQwZiDAwJTXqIoHpVe9KDuoFhKIu', 0, NULL, '2018-03-12 05:02:33', NULL, NULL),
(1039, 'LeNgocQuynh', 'ngocquynh.le@daikin.com.vn', 1, 4, '$2y$10$E4X4amlig.T677Tuv6QQfO0k5Uq7nsjl3ITF6KlRWeBisbD3J9oXC', 0, NULL, '2018-03-12 05:02:33', NULL, NULL),
(1040, 'NguyenThiThuHa', 'thuha.nguyen@daikin.com.vn', 1, 4, '$2y$10$BrxTs35M/T0bDlul5mFWjehUgD22xqhtR6sZMsdSzEasOQt0Bl4wi', 0, NULL, '2018-03-12 05:02:33', NULL, NULL),
(1041, 'VuNgocSon', 'ngocson.vu@daikin.com.vn', 1, 4, '$2y$10$oxScM6H2yxYv5kgfZBHyregwg4RyGQbiVaUJoMHH62hfsUGcTHgqW', 0, NULL, '2018-03-12 05:02:33', NULL, NULL),
(1042, 'NguyenThiPhan', 'phan.nguyen@daikin.com.vn', 1, 4, '$2y$10$pkdJDdWzCJK/dvipzkmmOObUC3vA0Xx8TPIEGu/q7mZtcsDEdVz..', 0, NULL, '2018-03-12 05:02:33', NULL, NULL),
(1043, 'NguyenThuHuong', 'thuhuong.nguyen@daikin.com.vn', 1, 4, '$2y$10$MYOGylmdGGoiHM5I6Sm2GuPqnBUv3xIykB1xNpCrvkLY9ywtlGfUK', 0, NULL, '2018-03-12 05:02:33', NULL, NULL),
(1044, 'NguyenThiThanhHoa', 'hoa.nguyen@daikin.com.vn', 1, 4, '$2y$10$Kv0MFJXaNWbnB7HGMRHIg.EEHNIBiq0.Y9sXkd7pe.ZXwRDxZKZaG', 0, NULL, '2018-03-12 05:02:33', NULL, NULL),
(1045, 'NguyenTrongThinh', 'trongthinh.nguyen@daikin.com.vn', 1, 4, '$2y$10$UXJ0kTZWSvVja8lPuPNBZujMxvhmcI7AKEPVpyrJpFotOSmH2aWOK', 0, NULL, '2018-03-12 05:02:33', NULL, NULL),
(1046, 'NguyenThiBichThuan', 'bichthuan.nguyen@daikin.com.vn', 1, 4, '$2y$10$wc5C4K9O72yTdWAI51XAgOTrcPT5tKTcYSlmQOOdvsZ/wOXAOTe9O', 0, NULL, '2018-03-12 05:02:33', NULL, NULL),
(1047, 'DuongThiTuyet', 'tuyet.duong@daikin.com.vn', 1, 4, '$2y$10$8H1V/IOjTdammf/DlnYt5u3fPXYrRwQMwB496XqMdJen4iGXNn9ei', 0, NULL, '2018-03-12 05:02:33', NULL, NULL),
(1048, 'TranVanTuong', 'tuong.tran@daikin.com.vn', 1, 4, '$2y$10$Udv0ocHQfzEmMhJNRyrg8.GVKv7hW5NmtF3jEemx7D9ymhw3b2Ege', 0, NULL, '2018-03-12 05:02:33', NULL, NULL),
(1049, 'PhamThiDuyen', 'duyen.pham@daikin.com.vn', 1, 4, '$2y$10$iLQDTmWtW3RaYFZuuEjaiuimHd55hGebxRNedjhTlMo7TZoIW05ra', 0, NULL, '2018-03-12 05:02:33', NULL, NULL),
(1050, 'LeVanKhoe', 'khoe.le@daikin.com.vn', 1, 4, '$2y$10$Wvs25OpxeY4w9xMYXqFh4eRe9UaZtJ3bZLSk9z6uf0qjDFNp2CXM.', 0, NULL, '2018-03-12 05:02:33', NULL, NULL),
(1051, 'NguyenTrieuSon', 'trieuson.nguyen@daikin.com.vn', 1, 4, '$2y$10$iYRIcyFpZNWxs/Hffm4zROOE.U28HEm/eTxnE3aMHid.t/CcAjf7u', 0, NULL, '2018-03-12 05:02:33', NULL, NULL),
(1052, 'DoDucHuan', 'duchuan.do@daikin.com.vn', 1, 4, '$2y$10$cDBbyo5bLh/Q77KXf5SwmOcJhI3cete20J4EL41YYfjRdb03JOAFC', 0, NULL, '2018-03-12 05:02:33', NULL, NULL),
(1053, 'NguyenVanSao', 'sao.nguyen@daikin.com.vn', 1, 4, '$2y$10$IJ1UFqy9teSNPr9THrIvXuO5lkp1q8KsgRUX.kkzCcubjkXewWHKe', 0, NULL, '2018-03-12 05:02:33', NULL, NULL),
(1054, 'VuThiThuHa', 'thuha.vu@daikin.com.vn', 1, 4, '$2y$10$Nw3k0J08Nr1Cq7e41k0NY.G3Cf1Tjx7IkMAgFZNLxTE16LQu.hC7C', 0, NULL, '2018-03-12 05:02:33', NULL, NULL),
(1055, 'LyXuanHoan', 'xuanhoan.ly@daikin.com.vn', 1, 4, '$2y$10$si79Y52PDKjigzayDu2j6OpMC2fyV7BmKYnNCRmdgXQCGVb0kMVlO', 0, NULL, '2018-03-12 05:02:33', NULL, NULL),
(1056, 'NguyenTrongHieu', 'tronghieu.nguyen@daikin.com.vn', 1, 4, '$2y$10$jf53ceie.LNT8xxu3ZMPLOlBOJH75J6sKEgsBNfVVREmcFd0LYGmS', 0, NULL, '2018-03-12 05:02:33', NULL, NULL),
(1057, 'BùiThịThủy', 'thuy.bui@daikin.com.vn', 1, 4, '$2y$10$ndlR8LBwOQTsrqttKYLcfOggx5JNgc1ZtkXAz94Y076IqCm8QkA7G', 0, NULL, '2018-03-12 05:02:33', NULL, NULL),
(1058, 'PhungThiThuy', 'thuy.phung@daikin.com.vn', 1, 4, '$2y$10$mwZ6bFSq2UyBIyVwpw4xIOFVjESzBkmMQCwciyJsEsu5sHUyGjRdO', 0, NULL, '2018-03-12 05:02:33', NULL, NULL),
(1059, 'LeDinhThang', 'dinhthang.le@daikin.com.vn', 1, 4, '$2y$10$omg2LJjJG6ciTB/Ucx/H0OSllstVv9M38Z5dM0OAc..yBnMZjGTAe', 0, NULL, '2018-03-12 05:02:33', NULL, NULL),
(1060, 'TranQuocToan', 'quoctoan.tran@daikin.com.vn', 1, 4, '$2y$10$cT6po.Dbj08UGmsdN5uy.ePQGBGXJlKRB28bUiPQO5Bqqf3PBQDsi', 0, NULL, '2018-03-12 05:02:33', NULL, NULL),
(1061, 'NguyenHuyTuan', 'huytuan.nguyen@daikin.com.vn', 1, 4, '$2y$10$8JtMOYEx.aWWtTb71F6DlulWsp5GnJfOTZM9QM73nKR.RYugdOP3y', 0, NULL, '2018-03-12 05:02:33', NULL, NULL),
(1062, 'NguyenAnhThu', 'anhthu.nguyen@daikin.com.vn', 1, 4, '$2y$10$gdBg.Vj1A5gzo1ZMTlPxw.FIp5u6eFHmbjUYoTzL4kNIimE5rLG76', 0, NULL, '2018-03-12 05:02:33', NULL, NULL),
(1063, 'NguyenVanDat', 'dat.nguyen@daikin.com.vn', 1, 4, '$2y$10$AXTo8Va3QwN1U8sQJAflgeIhWnz4gCJRGW1YFjX66FT4nVvOpZ/Wm', 0, NULL, '2018-03-12 05:02:33', NULL, NULL),
(1064, 'TrinhThiAnhTuyet', 'anhtuyet.trinh@daikin.com.vn', 1, 4, '$2y$10$79Sy6zZLIaw/nRbBympAjOdrtu1k3BTGYzZC1cSD6CiPIX9FvUhfa', 0, NULL, '2018-03-12 05:02:33', NULL, NULL),
(1065, 'NguyenThiVietHuong', 'viethuong.nguyen@daikin.com.vn', 1, 4, '$2y$10$SQKjt1qeOjCkgHcF1T5.VeC4/l93zGd6fNpOeckVhELI6f2xwqaEW', 0, NULL, '2018-03-12 05:02:33', NULL, NULL),
(1066, 'VuThiLoan', 'loan.vu@daikin.com.vn', 1, 4, '$2y$10$ztFaW4JRAy1yqUEBgnsLQ.GgKzwqrdDSxN4za18pYrZzN7VFtKAAm', 0, NULL, '2018-03-12 05:02:33', NULL, NULL),
(1067, 'TrànThuHà', 'thuha.tran@daikin.com.vn', 1, 4, '$2y$10$3aeBL/nH1OIfIrmx2AoPdO87qa19NZfUzwwJNepKh2kn6yduv.LGi', 0, NULL, '2018-03-12 05:02:33', NULL, NULL),
(1068, 'NguyẽnThịPhuongThanh', 'phuongthanh.nguyen@daikin.com.vn', 1, 4, '$2y$10$ehhl9/OY4aDVCnjlnLoZ2egjsAmhnNkxESNEpwuGobuPFsNnf.AzK', 0, NULL, '2018-03-12 05:02:33', NULL, NULL),
(1069, 'ChuPhuongAnh', 'phuonganh.chu@daikin.com.vn', 1, 4, '$2y$10$/QLLwGkrPCMuTcZoYVRy2u2U1Z7Vq1/btjxTkGQGjDPHzZORC4D0m', 0, NULL, '2018-03-12 05:02:33', NULL, NULL),
(1070, 'NguyenThiNgocAnh', 'ngocanh.nguyen1@daikin.com.vn', 1, 4, '$2y$10$/LJ2IeUuX2HHTm8hy29h2e/w5E5.Nbhqh7vSnVnro7jvhqE.3X12e', 0, NULL, '2018-03-12 05:02:33', NULL, NULL),
(1071, 'HoangThiLan', 'lan.hoang@daikin.com.vn', 1, 4, '$2y$10$geHx4dwEBGare3jQJLuCjOqVoSm4X9G9Y8iVisElt3B5GU4PW78ra', 0, NULL, '2018-03-12 05:02:33', NULL, NULL),
(1072, 'NguyenTuyetNgan', 'nguyentuyetngan.hn@gmail.com', 1, 4, '$2y$10$q1Evkt357MyYytt1BB4ZeuugZ6mLlP0DAveujvVeqcGdGzMLH/WDe', 0, NULL, '2018-03-12 05:02:33', NULL, NULL),
(1073, 'NguyenThiThuHuyen', 'thuhuyen.nguyen@daikin.com.vn', 1, 4, '$2y$10$8aN6PEBSqMsQhpuxw1oifen2WoJ8Y85Nssg4XQYGdKvIsJ6Na.ZTq', 0, NULL, '2018-03-12 05:02:33', NULL, NULL),
(1074, 'VuNguyetMinh', 'nguyetminh.vu@daikin.com.vn', 1, 4, '$2y$10$W4UqADEyk2tCwcw7v3yCF.CTaAu3jNeigwcpNMYKUEsObHLzhiLfu', 0, NULL, '2018-03-12 05:02:33', NULL, NULL),
(1075, 'LeQuangHung', 'quanghung.le@daikin.com.vn', 1, 4, '$2y$10$QDa/1P906E7F0xhSg41C3ODtYjb5QIkvGA/dtGjpFnjKMMlTpF87q', 0, NULL, '2018-03-12 05:02:33', NULL, NULL),
(1076, 'BuiVanCong', 'bui.cong@daikin.com.vn', 1, 4, '$2y$10$JXCYXyrT6UTxk/TReNmeReS7oFedMd8RoL.fNOULN8NRB2R90TYFC', 0, NULL, '2018-03-12 05:02:33', NULL, NULL),
(1077, 'LeHongPhuong', 'hongphuong.le@daikin.com.vn', 1, 4, '$2y$10$ERVXumGSUfo8N/mr87Gp2.xSRx..nmd1ZA2MkDdFLBsIR4QcSqEV2', 0, NULL, '2018-03-12 05:02:33', NULL, NULL),
(1078, 'LeHoangVu', 'hoangvu.le@daikin.com.vn', 1, 4, '$2y$10$i/o3xw9QolvOoOB87lk0yeXRrmg6aqoS.oz3FEh/dC8mkEJzp8/fG', 0, NULL, '2018-03-12 05:02:33', NULL, NULL),
(1079, 'LeChiPhuong', 'chiphuong.le@daikin.com.vn', 1, 4, '$2y$10$1I5/6USkMKmAz.dfGBYIEuwkIJm0otv8cJCdw40Pt6Urexk/yQ3ZK', 0, NULL, '2018-03-12 05:02:33', NULL, NULL),
(1080, 'NguyenTuanAnh', 'tuananh.nguyen1@daikin.com.vn', 1, 4, '$2y$10$KxYBzc1n5qmqa/FxN/6r0OiVouwB1cPfQ/Oo0/.ErOJU9arj8tlfm', 0, NULL, '2018-03-12 05:02:33', NULL, NULL),
(1081, 'TruongDinhHoa', 'dinhhoa.truong@daikin.com.vn', 1, 4, '$2y$10$z0Szy8pw5fPsELGstxrqQOmfPU3O69dUL2ecE0WVnvIF5mhacYiOO', 0, NULL, '2018-03-12 05:02:33', NULL, NULL),
(1082, 'NguyenThiThuy', 'thuy.nguyen2@daikin.com.vn', 1, 4, '$2y$10$uX8YheycwzYckNejiWxHLeRQIHyd9mfvul/Hnwxx4Va3c9Jz6EzCS', 0, NULL, '2018-03-12 05:02:33', NULL, NULL),
(1083, 'VoThanhLam', 'thanhlam.vo@daikin.com.vn', 1, 4, '$2y$10$Iy6ozYgKve5V6dxkELlJdOtLU7u5199Mi.FvvRfIRIKz.p3HfttnK', 0, NULL, '2018-03-12 05:02:33', NULL, NULL),
(1084, 'VoTranMinhQuy', 'minhquy.vo@daikin.com.vn', 1, 4, '$2y$10$Vxk8TzIyA.BL3AuknZ9FduEfZDJXHVvmkadkmeH7B5fyQazOtZbCO', 0, NULL, '2018-03-12 05:02:33', NULL, NULL),
(1085, 'VoDinhPhuong', 'dinhphuong.vo@daikin.com.vn', 1, 4, '$2y$10$euOJLqOIOTf860kGmaCSMeiwhHpp1T7S6AZeQxu9PxFw1lfW7WQbi', 0, NULL, '2018-03-12 05:02:33', NULL, NULL),
(1086, 'NguyenThanhTai', 'thanhtai.nguyen@daikin.com.vn', 1, 4, '$2y$10$GBGCqVbfCWFWMAldnZKPXO2rEcvz2uwotrDlm5S2AKILL47mi7jWq', 0, NULL, '2018-03-12 05:02:33', NULL, NULL),
(1087, 'PhanDuyTam', 'duytam.phan@daikin.com.vn', 1, 4, '$2y$10$hXPs56HyEimnAXSRZbbglOMTLtrvBuaRQ4m6t1gJ.wMwvFbStusce', 0, NULL, '2018-03-12 05:02:33', NULL, NULL),
(1088, 'NguyenThanhDu', 'thanhdu.nguyen@daikin.com.vn', 1, 4, '$2y$10$MlARq028g.H8gbRHCUnDuuMPnUZJmNSOkEE0JdO.NSbcqksT7M0BW', 0, NULL, '2018-03-12 05:02:33', NULL, NULL),
(1089, 'NgoTrongHien', 'tronghien.ngo@daikin.com.vn', 1, 4, '$2y$10$zfkNslhMcXHr.Kq2J7fmc.OiqHlpYvAKakBq9xMAiCyIQ3cYR1FNa', 0, NULL, '2018-03-12 05:02:33', NULL, NULL),
(1090, 'NguyenThiKimThi', 'kimthi.nguyen@daikin.com.vn', 1, 4, '$2y$10$tgwHsO0.D8T.37ZsHtwrh.vG3J3Hob62EwLP.LOliVZpJB/Ni4Eay', 0, NULL, '2018-03-12 05:02:33', NULL, NULL),
(1091, 'NguyenDucTam', 'nguyentam2888@gmail.com', 1, 4, '$2y$10$UOoBKtqjKIVpwtpZaEhtw.SoFOYd9CY5ZIdXX/fvAHDxIa0LqV.b.', 0, NULL, '2018-03-12 05:02:33', NULL, NULL),
(1092, 'NguyenThanhLong', 'longnt1291@gmail.com', 1, 4, '$2y$10$Y7TlLramgKPEx6Iy.AoHR.B8q7wFqihi9dE6v0r5zX9zwmpOvkrFi', 0, NULL, '2018-03-12 05:02:33', NULL, NULL),
(1093, 'LuuThiVietHoa', 'viethoa.luu@daikin.com.vn', 1, 4, '$2y$10$6TMD1oO4p6/SsxgMtCv2FuLOPYn3LQglCeVdwZ1iFPcWc43dpEFWa', 0, NULL, '2018-03-12 05:02:33', NULL, NULL),
(1094, 'NguyenThiThuyLinh', 'thuylinh.nguyen1@daikin.com.vn', 1, 4, '$2y$10$LXJBYifwk3Rc10vFOLfk4ONLpJ3UOhCg48.66M3qDc78jpNYV9Maq', 0, NULL, '2018-03-12 05:02:33', NULL, NULL),
(1095, 'QuangVinhQuoc', 'vinhquoc.quang@daikin.com.vn', 1, 4, '$2y$10$ma1Xru2HuQnGLui.IROxaOBNihXNoehv8Hp.UeIBdkMzHkFcJZvDq', 0, NULL, '2018-03-12 05:02:33', NULL, NULL),
(1096, 'NguyenThiDaiTrang', 'daitrang.nguyen@daikin.com.vn', 1, 4, '$2y$10$/J1u.FIZ1qPp0E513Zhsi.BIESt8gpENmpQ33aKm6AVMsDHi1zefa', 0, NULL, '2018-03-12 05:02:33', NULL, NULL),
(1097, 'NguyenKimLuong', 'kimluong.nguyen@daikin.com.vn', 1, 4, '$2y$10$2IDchR.bWhh.zfcYlgc73u9n2vwPZz.cRNi4P8Poi31ZpxNpiSDs2', 0, NULL, '2018-03-12 05:02:33', NULL, NULL),
(1098, 'NguyenVanBinh', 'nguyen.binh@daikin.com.vn', 1, 4, '$2y$10$U6m42LtSG5cln7ZNDX0YI.Ov1p0vk.W9IOJi6SUxZvoB6dOXyK/V.', 0, NULL, '2018-03-12 05:02:33', NULL, NULL),
(1099, 'VuVanQuyen', 'quyen.vu@daikin.com.vn', 1, 4, '$2y$10$FyY9pt4w3/8lXDXDdjlVJevB8pPH7OzKGcQo2me9VgaR3yLgIp7i2', 0, NULL, '2018-03-12 05:02:33', NULL, NULL),
(1100, 'PhamDuyManh', 'duymanh.pham@daikin.com.vn', 1, 4, '$2y$10$tjKXcXwC5FwHyg4OKun.D.i4epwvpXziaghQkRUqFa86sWmusucEa', 0, NULL, '2018-03-12 05:02:33', NULL, NULL),
(1101, 'NguyenManhCuong', 'manhcuong.nguyen1@daikin.com.vn', 1, 4, '$2y$10$M4WHvDqW5jFJnKf/QSRCZe9KU64Eztt6IUpSuSc6mpOzKVTuAoDOG', 0, NULL, '2018-03-12 05:02:33', NULL, NULL),
(1102, 'TranPhuHai', 'phuhai.tran@daikin.com.vn', 1, 4, '$2y$10$OeQy1yX30FyEu0IRKXN5n.2Vw/wQsWYCTd8znDnzTPt0Um9yg4nBK', 0, NULL, '2018-03-12 05:02:33', NULL, NULL),
(1103, 'TranHuuVinh', 'huuvinh.tran@daikin.com.vn', 1, 4, '$2y$10$vvgaV46PQern/E6nnsc1Qe/GgU13PrTRVE10OYXLR.MAg/HBQ7QKu', 0, NULL, '2018-03-12 05:02:33', NULL, NULL),
(1104, 'LeAnhTuan', 'anhtuan.le@daikin.com.vn', 1, 4, '$2y$10$rQ/fn0nfPuz68u6H4DLT3uvsTuPMeIUdZXbye3GSKslfv5H7KpKNq', 0, NULL, '2018-03-12 05:02:33', NULL, NULL),
(1105, 'NguyenHungNgocQuang', 'ngocquang.nguyen@daikin.com.vn', 1, 4, '$2y$10$UJ3NBkhZhsRrAWT8PeIhgeUFI9ph9e86oMI7Ej1Lk8pXEwQL1Vq5.', 0, NULL, '2018-03-12 05:02:33', NULL, NULL),
(1106, 'DangMinhKe', 'minhke.dang@daikin.com.vn', 1, 4, '$2y$10$jaNQwgQ7OEGkq9VS4W0Tl.awKoCh9jA79QcLGt6sEp5hSMNh9P10q', 0, NULL, '2018-03-12 05:02:33', NULL, NULL),
(1107, 'TranMinhTuan', 'minhtuan.tran@daikin.com.vn', 1, 4, '$2y$10$HS47kZdjeJknYmBknbIaPeunr54WwPEVGuJxdoQJt3ujDSapRDY56', 0, NULL, '2018-03-12 05:02:33', NULL, NULL),
(1108, 'HoThiKimNgoc', 'kimngoc.ho@daikin.com.vn', 1, 4, '$2y$10$Hux5nBr5HOxAG5oakSx/I.2OAnozuyip/nxHgryZ1R84WO/tYCTV6', 0, NULL, '2018-03-12 05:02:33', NULL, NULL),
(1109, 'LuongMinhPhuong', 'minhphuong.luong@daikin.com.vn', 1, 4, '$2y$10$HGvc1jAGhQf53gBMNT7w0OADzwIVB3N06vyvm1GMoCfIFbp9dzrVq', 0, NULL, '2018-03-12 05:02:33', NULL, NULL),
(1110, 'NguyenThiHaVi', 'havi.nguyen@gmail.com', 1, 4, '$2y$10$REi4YdQPxrE54A5ocQW6mOxJBtjhdaGNzfeAND8uhC/TQZH8ScH4G', 0, NULL, '2018-03-12 05:02:33', NULL, NULL),
(1111, 'HuynhTanOanh', 'tanoanh.huynh@daikin.com.vn', 1, 4, '$2y$10$gogHun1H3.pptCKgcuwy5e1SE7/8iiwdE5rE/HdVshjOvorWgqRiq', 0, NULL, '2018-03-12 05:02:33', NULL, NULL),
(1112, 'ChauNgocBao', 'ngocbao.chau@daikin.com.vn', 1, 4, '$2y$10$tvgziUJg1P0zTxUPvry88u3e0cyiEqHo2wY/a6Lvx965YtaJxVNbW', 0, NULL, '2018-03-12 05:02:33', NULL, NULL),
(1113, 'PhamHoangAnh', 'hoanganh.pham1@daikin.com.vn', 1, 4, '$2y$10$0Ld1WNIuyY9Xum8TZorbDu3M102rnAiFW20yFcLJHCYFRShIkFp5S', 0, NULL, '2018-03-12 05:02:33', NULL, NULL),
(1114, 'ToVanBinh', 'binh.to@daikin.com.vn', 1, 4, '$2y$10$xEwZ0VuuoKS0eArjzOywZuYj6aV3XwrvqRberzSYeKwtoFLMHsf1.', 0, NULL, '2018-03-12 05:02:33', NULL, NULL),
(1115, 'NguyenThiKimChi', 'kimchinguyen0804@gmail.com', 1, 4, '$2y$10$n4Pb3iK08YlmdYe/dlzxzukGN5EEND1opPpc6mUj9jp.foIAfZmT6', 0, NULL, '2018-03-12 05:02:33', NULL, NULL),
(1116, 'VuNgocBich', 'ngocbich.vu@daikin.com.vn', 1, 4, '$2y$10$7ckLWXOm1u7IdadlCNomLuE1LRHZg0vpQb5kMMPZUewy80/qJwPF6', 0, NULL, '2018-03-12 05:02:33', NULL, NULL),
(1117, 'PhamThiKieu', 'kieu.pham@daikin.com.vn', 1, 4, '$2y$10$QYsJ7BdfQ0GY14AfSVjkrOthZVkZexwTUmNVwuykuNt/FHCMRatri', 0, NULL, '2018-03-12 05:02:33', NULL, NULL),
(1118, 'NguyHoangDung', 'hoangdung.nguy@daikin.com.vn', 1, 4, '$2y$10$vouESX0rVOdbR/2f.CDxHeDiPRnapIoSr7Q6Ai.q3yjOG44OvLwBO', 0, NULL, '2018-03-12 05:02:33', NULL, NULL),
(1119, 'NguyenHongAn', 'hongan.nguyen@daikin.com.vn', 1, 4, '$2y$10$7meCRV9tGD5lkFOBtNSmoen1uOJprh9EiO0YLSX/9zVtc2vU8KTci', 0, NULL, '2018-03-12 05:02:33', NULL, NULL),
(1120, 'TangNguyenThachThao', 'thachthao.tang@daikin.com.vn', 1, 4, '$2y$10$7Y2JZQs/r6HLjOPVl7.gLOGRoRPFeWwP.S4PLGkzrJ4IVmCYPohjO', 0, NULL, '2018-03-12 05:02:33', NULL, NULL),
(1121, 'TranThanhBinh', 'thanhbinh.tran@daikin.com.vn', 1, 4, '$2y$10$5AvA4.39kxC.mmVvE4eRDuv4SKvnXUy/6RWkI3NYcazC5Z7ZTE5P2', 0, NULL, '2018-03-12 05:02:33', NULL, NULL),
(1122, 'LeeBoonSeng', 'boonseng.lee@daikin.com.sg', 1, 4, '$2y$10$UltCobLO8kJyFw49Fkdbm.jMFmRwDnffqRBUuLnLJg1KOINBqxf0K', 0, NULL, '2018-03-12 05:02:33', NULL, NULL),
(1123, 'OkitaKunihiko', 'kunihiko.okita@daikin.co.jp', 1, 4, '$2y$10$R3azqXm2EP3YnDxYdOG0qeDIHkRNm2nq8BdPmfpOkb/LZJRGpxypy', 0, NULL, '2018-03-12 05:02:33', NULL, NULL),
(1124, 'TranThiThaoVy', 'thaovy.tran@daikin.com.vn', 1, 4, '$2y$10$5VrSSFVQsdgLEilEZ1NPaenRHmnoIbOg76OYMjurxt0IXe.Qmtvgu', 0, NULL, '2018-03-12 05:02:33', NULL, NULL),
(1125, 'VuongThiHuyenChau', 'huyenchau.vuong@daikin.com.vn', 1, 4, '$2y$10$kmX14ptVf3jf2llkhHmKQ.5B7wBHFfhxUUqtNQwFgycpYzQAuNKSa', 0, NULL, '2018-03-12 05:02:33', NULL, NULL),
(1126, 'DoNgocChau', 'ngocchau.do@daikin.com.vn', 1, 4, '$2y$10$RIHWaUxQh2BAUp9L/V0CgeCQE6atVy5EmXGwjRE4aIIpQvOSKh54u', 0, NULL, '2018-03-12 05:02:33', NULL, NULL),
(1127, 'NguyenHaChau', 'hachau.nguyen@daikin.com.vn', 1, 4, '$2y$10$0hkwUENZGxUF5g1ryPruXeKE5mmi/SJJIB9bz0krhWymqtNG1D/jK', 0, NULL, '2018-03-12 05:02:33', NULL, NULL),
(1128, 'TrinhThiBichThao', 'bichthao.trinh@daikin.com.vn', 1, 4, '$2y$10$v3AwLRHAW4oKGasXK5jt9uk.D2Jsd1V9aCqAniD8f3u95O.m3utdu', 0, NULL, '2018-03-12 05:02:33', NULL, NULL),
(1129, 'PhungVanThai', 'thai.phung@daikin.com.vn', 1, 4, '$2y$10$xFOhMPquyikB42o455uVnecPXKN9v.dvQfhjA1SJb71zoclsFPtF.', 0, NULL, '2018-03-12 05:02:33', NULL, NULL),
(1130, 'KiyoyukiNarahara', 'kiyoyuki.narahara@daikin.co.jp', 1, 4, '$2y$10$BjRtpEIUThgtmYd4Yu8zoe69Rw87rBXX8h5KYjvmz/KvuwNnjaptq', 0, NULL, '2018-03-12 05:02:33', NULL, NULL),
(1131, 'LeHoangDao', 'hoangdao.le@daikin.com.vn', 1, 4, '$2y$10$qIYtmqjVpOownex082OaXe64XS84rIXsJ7Sbt1GMgwH8OT838XhrW', 0, NULL, '2018-03-12 05:02:33', NULL, NULL),
(1132, 'VuHaiDuong', 'haiduong.vu@daikin.com.vn', 1, 4, '$2y$10$rZ/CAgumfYqrmW841oJoS.Fe/rCrzEmooM9q1ADrG6Hminxu7bm1e', 0, NULL, '2018-03-12 05:02:33', NULL, NULL),
(1133, 'NguyenQuocAnh', 'quocanh.nguyen@daikin.com.vn', 1, 4, '$2y$10$R31Tzd1Zj4qL5zfRPSu28uEybM4SBnqlhuPhhoma5yeV6FwW8WPii', 0, NULL, '2018-03-12 05:02:33', NULL, NULL),
(1134, 'TranTriDung', 'tridung.tran@daikin.com.vn', 1, 4, '$2y$10$L/JMFuU3ZmFggt6HrjlCIuNfaVQ//7sqbHfVv29zBbYFtekP4vlUS', 0, NULL, '2018-03-12 05:02:33', NULL, NULL),
(1135, 'LeQuyDoan', 'quydoan.le@daikin.com.vn', 1, 4, '$2y$10$pcNwEg0IdqLAbIu6kkF5Yu3fZRt4mHBW6Bz1yt/EJvFBqTsJg4cJS', 0, NULL, '2018-03-12 05:02:33', NULL, NULL),
(1136, 'PhamThanhDanh', 'thanhdanh.pham@daikin.com.vn', 1, 4, '$2y$10$DIWvYvbJZuC.cDSjG6Z.HO14FfhvsjuBNq62uPwpy/wUW8KZQ63sC', 0, NULL, '2018-03-12 05:02:33', NULL, NULL),
(1137, 'PhungNgocLong', 'ngoclong.phung@daikin.com.vn', 1, 4, '$2y$10$/qEZn.VhFx5Hw65oL0QfdeHhes2SdrnSniRT8IeFHlwUo1BXvYzMC', 0, NULL, '2018-03-12 05:02:33', NULL, NULL),
(1138, 'NguyenThanhLong', 'thanhlong.nguyen2@daikin.com.vn', 1, 4, '$2y$10$/jOqxDuioFbRizdCItG1TOnDYdkV29W5QzD0eifemcedEjjDfM0YO', 0, NULL, '2018-03-12 05:02:33', NULL, NULL),
(1139, 'VoLePhuHuy', 'phuhuy.vo@daikin.com.vn', 1, 4, '$2y$10$cp4JnLICtSQKWXkdbKDGhONzQEma2d4TafRTKQTCgqAcku7bFuq2K', 0, NULL, '2018-03-12 05:02:33', NULL, NULL),
(1140, 'NguyenThanhPhong', 'thanhphong.nguyen@daikin.com.vn', 1, 4, '$2y$10$0DpI6PSbvMD1nDffyo9mPOWh3lcUNpI40xyEK4CFrKi2G6540KgF2', 0, NULL, '2018-03-12 05:02:33', NULL, NULL),
(1141, 'TranQuocTru', 'quoctru.tran@daikin.com.vn', 1, 4, '$2y$10$kVDvYDlnPwhHenOyp7fwUOH6ccOiGZY/PgdypeFdiS0N8KwX8tnwq', 0, NULL, '2018-03-12 05:02:33', NULL, NULL),
(1142, 'HoNgocVu', 'ngocvu.ho@daikin.com.vn', 1, 4, '$2y$10$86bihDlcufYrN9kPVTlfqOSfxIY6phBbkgI2fMZagkwAz4/a4XPCm', 0, NULL, '2018-03-12 05:02:33', NULL, NULL),
(1143, 'VoSyLiem', 'syliem.vo@daikin.com.vn', 1, 4, '$2y$10$14MP5M9/KijLqv6UEVO0ruyZT3FJCDW.QbWZj7Yv7CllLV1Asrnlq', 0, NULL, '2018-03-12 05:02:33', NULL, NULL),
(1144, 'LeThiThuyHa', 'thuyha.le@daikin.com.vn', 1, 4, '$2y$10$oglSJhqTyHHXgPe9kFH55.teZHMzd7qNQ4ZzBWK2O72KeW8wOJK/e', 0, NULL, '2018-03-12 05:02:33', NULL, NULL),
(1145, 'DoDuyVinh', 'duyvinh.do@daikin.com.vn', 1, 4, '$2y$10$YY2yWUnvjWP.VQfOy1ky6eINdUoPtNLPHBIMtm3Cn1J2OBsm22baa', 0, NULL, '2018-03-12 05:02:33', NULL, NULL),
(1146, 'NguyenHuynhThanhHai', 'thanhhai.nguyen@daikin.com.vn', 1, 4, '$2y$10$XIcP3yPCnHydncLGiLR/nOCIUoHEJJdrJtpU.KgEyHdd2kAqY1bX.', 0, NULL, '2018-03-12 05:02:33', NULL, NULL),
(1147, 'NguyenMinhHoang', 'minhhoang.nguyen@daikin.com.vn', 1, 4, '$2y$10$VKBq1JxEYVOHjtsKCzQbz.9gCi3BdJgtGTBx18Uy/E5hrtVdxGIEq', 0, NULL, '2018-03-12 05:02:33', NULL, NULL),
(1148, 'NguyẽnThịHòngPhúc', 'hongphuc.nguyen@daikin.com.vn', 1, 4, '$2y$10$1a3UQ4dXcwwp1UX3f5R74Ot9XjShffFgqyz19S79UNRndpJoeRfiG', 0, NULL, '2018-03-12 05:02:33', NULL, NULL),
(1149, 'TongThienHo', 'thienho.tong@daikin.com.vn', 1, 4, '$2y$10$nrqApIGMIJNkrCdxF3aHkOKpxfPw5PA8a0BYDNOyVoagYPBxmrRHu', 0, NULL, '2018-03-12 05:02:33', NULL, NULL),
(1150, 'DangThaoUyen', 'thaouyen.dang@daikin.com.vn', 1, 4, '$2y$10$QThukP0/aJ6RwJCkhV3jx.brg5a7Q0HdnykYL05QywhmpzJqWujHq', 0, NULL, '2018-03-12 05:02:33', NULL, NULL),
(1151, 'TranThiMaiHoa', 'maihoa.tran@daikin.com.vn', 1, 4, '$2y$10$qbbobR6Pxh6opEX2B6qc4Oc9aEqHTJK4MjwWHr9WQEUTWEedobr16', 0, NULL, '2018-03-12 05:02:33', NULL, NULL),
(1152, 'NguyenNhuKhue', 'nhukhue.nguyen@daikin.com.vn', 1, 4, '$2y$10$.rd7.zKJjMgP2ZxM75ekFO6Td6v9t/cWz8QfJsd7Vd3fSVaipyNSO', 0, NULL, '2018-03-12 05:02:33', NULL, NULL),
(1153, 'LeThiMaiQuynh', 'maiquynh.le@daikin.com.vn', 1, 4, '$2y$10$jBSlBNBUT7N3LLUpNFvMHuc5GF4SPs.ObIgSKLZgr5JJpMjC73ttm', 0, NULL, '2018-03-12 05:02:33', NULL, NULL),
(1154, 'DoAnhThu', 'anhthu.do@daikin.com.vn', 1, 4, '$2y$10$/3oHJXq9yfdkEYu.18Hr0unpJpS3RoM2EsBseZezcpG7rSFDS93lG', 0, NULL, '2018-03-12 05:02:33', NULL, NULL),
(1155, 'VuThiTuyetHong', 'hongvuthituyet@gmail.com ', 1, 4, '$2y$10$vFE3QsyA62OyEldQ.CCY2.FSHa3nZfpWg7Lbqagfryz/EJCUXylfG', 0, NULL, '2018-03-12 05:02:33', NULL, NULL),
(1156, 'ChauThiMyTien', 'mytien.chau@daikin.com.vn', 1, 4, '$2y$10$J.7pufWLNpM2vfWC1DSivO7t2JKlwJeFO13cDI8.e94Lp8u4JYIxe', 0, NULL, '2018-03-12 05:02:33', NULL, NULL),
(1157, 'PhuThiDiemChi', 'diemchi.phu@daikin.com.vn', 1, 4, '$2y$10$4A8XPIMcwP6BqrtMUhklmuT2ITocru.SQeUwBkrUwj/NLYyVA.BtO', 0, NULL, '2018-03-12 05:02:33', NULL, NULL),
(1158, 'PhamHuongThao', 'huongthao.pham@daikin.com.vn', 1, 4, '$2y$10$mVqrpnLGM/5y703Mxi.MqOAVXOPxvp8VB0uvHCe2wwp.JFwiFqeju', 0, NULL, '2018-03-12 05:02:33', NULL, NULL),
(1159, 'NguyenPhuongLinh', 'phuonglinh.nguyen@daikin.com.vn', 1, 4, '$2y$10$ihBQLO9wOr3SDBq8kRkZSun.uoo7ONfWLJXugnG1t6yjMfUBOQNWO', 0, NULL, '2018-03-12 05:02:33', NULL, NULL),
(1160, 'YamadaOsamu', 'osamu1.yamada@daikin.co.jp', 1, 4, '$2y$10$qOLMQnepQPbFSzA65yn5yOB0eVhPSZyrhGF49CRfVh.ihM4eMtKCW', 0, NULL, '2018-03-12 05:02:33', NULL, NULL),
(1161, 'DoanTranThuyAnh', 'thuyanh.doan@daikin.com.vn', 1, 4, '$2y$10$.ZgsvP0mQ89KUVLz2pPdhOg5u8A11rqo7exovyl7SlFJzdMf6xPou', 0, NULL, '2018-03-12 05:02:33', NULL, NULL),
(1162, 'VuThiThuHa', 'hajaavu@yahoo.com', 1, 4, '$2y$10$9LdD6VAuyOio5RK5rAPz9.GeX1zPHC//9gBwezIjEQZD2m7ebwwvq', 0, NULL, '2018-03-12 05:02:33', NULL, NULL),
(1163, 'TranThiThuHang', 'thuhang.tran@daikin.com.vn', 1, 4, '$2y$10$3PPUjUpfp7lHCGHP7EjPKe1Tt0IubYx5mNrvoQso9qvcY5AILcnSa', 0, NULL, '2018-03-12 05:02:33', NULL, NULL),
(1164, 'PhamThiHuyenTrang', 'huyentrang.pham@daikin.com.vn', 1, 4, '$2y$10$Q/obk7BQMWjPUhCTelVvtuA9f.TiYZzfg2D91hR13vHbl1wx2o49O', 0, NULL, '2018-03-12 05:02:33', NULL, NULL),
(1165, 'DuongNgocVy', 'duongngocvy2611@gmail.com', 1, 4, '$2y$10$V4WRjXnVKX1bvwqwW6pDM.g0npZoa4ZaKUQDqeUKminXcgAUjmDHG', 0, NULL, '2018-03-12 05:02:33', NULL, NULL),
(1166, 'TrànThịHuyèn', 'huyen.tran@daikin.com.vn', 1, 4, '$2y$10$eSqiEMnW5dKX.i9znJD6wOFl9waRljGVUCjNkI5VyxQenfDb4iR3W', 0, NULL, '2018-03-12 05:02:33', NULL, NULL),
(1167, 'VuThiThuThuy', 'thuthuy.vu@daikin.com.vn', 1, 4, '$2y$10$PFEUhfVVFtgJHXpoPe6kJeGQXxf5QtqxEkKuiSnNxujia2eV70SKO', 0, NULL, '2018-03-12 05:02:33', NULL, NULL),
(1168, 'VuThanhXuan', 'thanhxuan.vu@daikin.com.vn', 1, 4, '$2y$10$X7SJkAOUC3KHNLrG7JccOOcfctypitJXHo1b10zO46RF9g9fKmsQ2', 0, NULL, '2018-03-12 05:02:33', NULL, NULL),
(1169, 'HoThiThuHien', 'thuhien.ho@daikin.com.vn', 1, 4, '$2y$10$t8Zjja92TCmy/5o.4d1L4eoTFyLtdwY7trnmnRuj8GlLaNDfKgS.W', 0, NULL, '2018-03-12 05:02:33', NULL, NULL),
(1170, 'VuThiHai', 'hai.vu@daikin.com.vn', 1, 4, '$2y$10$tHMeFXp17bG5UAHi1MobBuM/uaiXncJ4a5pNdc/h3GzxzkLrg9bny', 0, NULL, '2018-03-12 05:02:33', NULL, NULL),
(1171, 'NguyenDuyHoa', 'duyhoa.nguyen@daikin.com.vn', 1, 4, '$2y$10$u1cXx4GZVBgThYJlR5q8iuTK9vzpl7A5J02tRU5a7dCeDQwgyEJYa', 0, NULL, '2018-03-12 05:02:33', NULL, NULL),
(1172, 'HuynhThiKimQuyen', 'kimquyen.huynh@daikin.com.vn', 1, 4, '$2y$10$ASc2XrvpbJdEqoZmxZI6OOJWV5WuZwDn.tYvCu3JzTPVyctBBjese', 0, NULL, '2018-03-12 05:02:33', NULL, NULL),
(1173, 'NgoNguyenHoangHai', 'hoanghai.ngo@daikin.com.vn', 1, 4, '$2y$10$mMcwz2OinnUcOd9MJr5c7OKgPHfiCfWtD/2wTDStizK6kLHj9bnmm', 0, NULL, '2018-03-12 05:02:33', NULL, NULL),
(1174, 'PhamNgocHien', 'ngochien.pham@daikin.com.vn', 1, 4, '$2y$10$erMT22DbW15HX5ejwQqX5.T85sRE5SVwwoTGos1llwzHQbiItBTMC', 0, NULL, '2018-03-12 05:02:33', NULL, NULL),
(1175, 'NgoThiNhuY', 'nhuy.ngo@daikin.com.vn', 1, 4, '$2y$10$u0bMbCQEuGzY9uFG26EWGeBlthQvXgOUFdYA4BKYuJU9olmRh5m4W', 0, NULL, '2018-03-12 05:02:33', NULL, NULL),
(1176, 'PhamThiToNhi', 'tonhi.pham@daikin.com.vn', 1, 4, '$2y$10$alRQMDeVS/7TAQ8Om8/4W.ftIv78ESz/WXex/AXG/1l3Y59T7BwrC', 0, NULL, '2018-03-12 05:02:33', NULL, NULL),
(1177, 'TaThiLanHuong', 'lanhuong.ta@daikin.com.vn', 1, 4, '$2y$10$KVdzFFVvjvJM8pz94r9QIOtViL8gl6BNd6M9K5dwE7ExAFGBHf2C2', 0, NULL, '2018-03-12 05:02:33', NULL, NULL),
(1178, 'NguyenThiThuyTrang', 'thuytrang.nguyen@daikin.com.vn', 1, 4, '$2y$10$1Si40it3M8qChnqhEIUNP.1Etxdy8pcX/h1LlIcd/4ARaVGxy3XX6', 0, NULL, '2018-03-12 05:02:33', NULL, NULL),
(1179, 'NguyenThiKim', 'kim.nguyen@daikin.com.vn', 1, 4, '$2y$10$MGk//ctcszQso6mb/7fylutViWidW9BKcyAHzTmMawKvD11ijNiYG', 0, NULL, '2018-03-12 05:02:33', NULL, NULL),
(1180, 'NguyenVuongQuocViet', 'quocviet.nguyen@daikin.com.vn', 1, 4, '$2y$10$aM/uGBjePIFhMAPRnM61QeCru0YDtZwETc1ZBxWrOXT4416bSJerC', 0, NULL, '2018-03-12 05:02:33', NULL, NULL),
(1181, 'VuThanhNhan', 'thanhnhan.vu@daikin.com.vn', 1, 4, '$2y$10$tZWqLmjq771FePGJSIlOsOWRO5TPHKyVr48fYWCPzUvRpkbbMpYhC', 0, NULL, '2018-03-12 05:02:33', NULL, NULL),
(1182, 'LeXuanDuong', 'xuanduong.le@daikin.com.vn', 1, 4, '$2y$10$xgz4lbQkUNIb3MpltUODcOivo4skn/kYQQWB2S1VzAiTRkq7LkJR6', 0, NULL, '2018-03-12 05:02:33', NULL, NULL),
(1183, 'NguyenThiHoaiDieu', 'hoaidieu.nguyen@daikin.com.vn', 1, 4, '$2y$10$rfnmaGUoS/aoQFJkSiDIg.YF9.aw2KNETJvBA2lbaSzu7teDnM.du', 0, NULL, '2018-03-12 05:02:33', NULL, NULL),
(1184, 'LamThiThuHang', 'thuhang.lam@daikin.com.vn', 1, 4, '$2y$10$fJqjjuzqtTIkqOc7z2B0Z.UnBrQt4eIz1P4KRkp2J3W83it3L6tDm', 0, NULL, '2018-03-12 05:02:33', NULL, NULL),
(1185, 'TranThiThuTrang', 'thutrang.tran@daikin.com.vn', 1, 4, '$2y$10$tWhxqaSex7fsNAHW3qPmL.7D7Jni5C51Kqt6mTFS6EoUB5xKw0Xru', 0, NULL, '2018-03-12 05:02:33', NULL, NULL),
(1186, 'VuDoanThiThyLinh', 'thylinh.vu@daikin.com.vn', 1, 4, '$2y$10$e3O.gN4Y/DaZqm2kU8LbcuAm1LISOm37qdSV.IaL2CxwSTyfF06bi', 0, NULL, '2018-03-12 05:02:33', NULL, NULL),
(1187, 'PhamThiKimNgan', 'kimngan.pham@daikin.com.vn', 1, 4, '$2y$10$VUg2m0ZDu4W.eQtWlDyuk.wqdld.RzVARgwkv1Kt62w9E7C7qyASO', 0, NULL, '2018-03-12 05:02:33', NULL, NULL),
(1188, 'VuMinhNgoc', 'minhngoc.vu@daikin.com.vn', 1, 4, '$2y$10$K5S8mvffsJpyIxtCGo2tVOeddj9MJhDsw0bm7BcstxkILtQupGAVC', 0, NULL, '2018-03-12 05:02:33', NULL, NULL),
(1189, 'NguyenHoangNgocTram', 'ngoctram.nguyen@daikin.com.vn', 1, 4, '$2y$10$OcUrARN1dvJluIYUoODuOOdlj4jStdGswM2BUhkmekg/NF.vHGNXW', 0, NULL, '2018-03-12 05:02:33', NULL, NULL),
(1190, 'PhạmThịThuHuong', 'thuhuong.pham@daikin.com.vn', 1, 4, '$2y$10$/ZEmccZy.XihcLbacyM7juHkdmrN3syxjzi8L0hEWnAFfJVWa405y', 0, NULL, '2018-03-12 05:02:33', NULL, NULL),
(1191, 'DuThiMinhChau', 'minhchau.du@daikin.com.vn', 1, 4, '$2y$10$744H9vwzcey686bWtc3LXer/6gWuUFSVKS4aVrII.JkqCQKR4fvLO', 0, NULL, '2018-03-12 05:02:33', NULL, NULL),
(1192, 'NguyenThuThuy', 'thuthuy.nguyen@daikin.com.vn', 1, 4, '$2y$10$u35A6X3L4BjRr9fCtGMmVucSAmwnYaOiNYArPbxcFoqqnF1XRXU9O', 0, NULL, '2018-03-12 05:02:33', NULL, NULL),
(1193, 'HoThiThuyTrang', 'thuytrang.ho@daikin.com.vn', 1, 4, '$2y$10$MxNNLMFs9xalPvg4itFJTulUv1Ot2jD9UuLiJ.cPqimLBYGWLlyMi', 0, NULL, '2018-03-12 05:02:33', NULL, NULL),
(1194, 'VoHongUyen', 'honguyen.vo@daikin.com.vn', 1, 4, '$2y$10$Pe5bQ/UWfV61S/7Mmmp0K.natPkEyROIqCx6FLGEzL0TGV/X7QaDy', 0, NULL, '2018-03-12 05:02:33', NULL, NULL),
(1195, 'NagataMoe', 'moe.nagata@daikin.co.jp', 1, 4, '$2y$10$7p1NLbO1jecQRJGz9tL6euaqu46sgGZaoWPEjCj7RVrhWWiU/BCIO', 0, NULL, '2018-03-12 05:02:33', NULL, NULL),
(1196, 'NghiemThiPhuong', 'phuong.nghiem@daikin.com.vn', 1, 4, '$2y$10$ycFMmpyD0rEhRMu/rJDEme/lg7ChSEZMqoHyEA8KvOsxagLEDoQU6', 0, NULL, '2018-03-12 05:02:33', NULL, NULL),
(1197, 'NguyenHoangThuyThuyVy', 'thuyvy.nguyen@daikin.com.vn', 1, 4, '$2y$10$qXqj01C78KfFwgso0YeXOujAQ94BpsvP0n1PLX/seTvrsfA9cbXLO', 0, NULL, '2018-03-12 05:02:33', NULL, NULL),
(1198, 'HoangTheLong', 'thelong.hoang@daikin.com.vn', 1, 4, '$2y$10$oywqkVjWlxI6mmSQWNabWeif/ckf8Aee9L0h1c9rnTK7jUOGnf366', 0, NULL, '2018-03-12 05:02:33', NULL, NULL),
(1199, 'GiangVanHoang', 'hoang.giang@daikin.com.vn', 1, 4, '$2y$10$LITF7fXZwOplmEAUR66vv.Alparx2./.0jvxB/02VvD9yZ/L642ni', 0, NULL, '2018-03-12 05:02:33', NULL, NULL),
(1200, 'NguyenNhatLinh', 'nhatlinh.nguyen@daikin.com.vn', 1, 4, '$2y$10$96Qk/OclV2TrHYc3OF9Jqu34BHE1gBMwKdhZpMRpArKgo2lWygN42', 0, NULL, '2018-03-12 05:02:33', NULL, NULL),
(1201, 'LamVoTrungTruc', 'trungtruc.lam@daikin.com.vn', 1, 4, '$2y$10$N5CotiyDw0t/tPRmkLdYsu2jEm1cgilSjJ/l/V27mmRuho/gQKrUe', 0, NULL, '2018-03-12 05:02:33', NULL, NULL),
(1202, 'DoQuangDung', 'quangdung.do@daikin.com.vn', 1, 4, '$2y$10$SlZFGU0OtYxedJDZAhfS0eIrfS2MyadnGiKkVPmpGthaKdqHzdejG', 0, NULL, '2018-03-12 05:02:33', NULL, NULL),
(1203, 'LeVanHiep', 'hiep.le@daikin.com.vn', 1, 4, '$2y$10$kVLQduM8af/oVg7FNMkdo.uM14alegTzMC2DRHHyVjnXjyTKE8gmC', 0, NULL, '2018-03-12 05:02:33', NULL, NULL),
(1204, 'NguyenThuThuy', 'thuthuy.nguyen1@daikin.com.vn', 1, 4, '$2y$10$9kR62RLdRKsI2dkeQMeKvuSn1WgpZcPFZKeRKWpqcS58fKT8AsAiq', 0, NULL, '2018-03-12 05:02:33', NULL, NULL),
(1205, 'HoangMinhNhat', 'minhnhat.hoang@daikin.com.vn', 1, 4, '$2y$10$SWq4.DWhcgL4qH.zpJC/xeQLlVg8u/Ygk3xlckrpEkH.qPG1wlWty', 0, NULL, '2018-03-12 05:02:33', NULL, NULL),
(1206, 'VuLeThucNhi', 'thucnhi.vu@daikin.com.vn', 1, 4, '$2y$10$1zhBYBHQYtsBI7deIJ4x2OtBMJ8iGxT8v4fkKspQekjWOK1dFACGa', 0, NULL, '2018-03-12 05:02:33', NULL, NULL),
(1207, 'NguyenThanhThuy', 'thanhthuy.nguyen@daikin.com.vn', 1, 4, '$2y$10$ri3ALquqgQUWLDTVAhOFM.9s4blvZNcoEjJrzXbBnoWd59y2d6rty', 0, NULL, '2018-03-12 05:02:33', NULL, NULL),
(1208, 'NguyenTheManh', 'themanh.nguyen@daikin.com.vn', 1, 4, '$2y$10$MSybqi0kLbDaW0ACenzKPeK4CKv52ZDVcuiD6Y3b5OTCtDS1Uiuqq', 0, NULL, '2018-03-12 05:02:33', NULL, NULL),
(1209, 'HuynhTanNghiem', 'tannghiem.huynh@daikin.com.vn', 1, 4, '$2y$10$qu/2G7S2KfQ2p3Pl.bqSP.xyXao0i4f8GosyTsm7n693c/JELSfLG', 0, NULL, '2018-03-12 05:02:33', NULL, NULL),
(1210, 'TranMinhTuanAnh', 'tuananh.tran@daikin.com.vn', 1, 4, '$2y$10$q1uVyIGYqJiaRDzRyBNN9eVDwpJav3ibJW4nkN8eZgt1qLCE7dr2C', 0, NULL, '2018-03-12 05:02:33', NULL, NULL),
(1211, 'BuiTruongGiang', 'nhatthien212@gmail.com', 1, 4, '$2y$10$cyI7f/hm7j3aGt/SdxGXHeBPuFEUsKScwoEL1GwH2S2xyUxQhXxJ.', 0, NULL, '2018-03-12 05:02:33', NULL, NULL),
(1212, 'LeThiThuyNgan', 'thuyngan.le@daikin.com.vn', 1, 4, '$2y$10$2hVR/cciBnqk3TvvheFKlenkebIVVuMutMoZbgfvNAIMBMyq0/v2i', 0, NULL, '2018-03-12 05:02:33', NULL, NULL),
(1213, 'NguyenVanQuoc', 'nv.quoc1996pq@gmail.com', 1, 4, '$2y$10$.LJUUEIzRStXzoM.5NRCWOAy2OIB1CA3BMsZpJo0HpuwIlUcpXYfi', 0, NULL, '2018-03-12 05:02:33', NULL, NULL),
(1214, 'VuThiThanhThao', 'thanhthao.vu@daikin.com.vn', 1, 4, '$2y$10$2om7OMFOLDUyA4N0TyEKa.7BJqPcD3D231dS7RSQ8gWzzKbA/kKLG', 0, NULL, '2018-03-12 05:02:33', NULL, NULL),
(1215, 'PhamQuocHuy', 'quochuy.pham@daikin.com.vn', 1, 4, '$2y$10$fTPP62BC6dKhpVBPqhXljeO/V0v0krBjtfh12gSEB468xnKv/xGPG', 0, NULL, '2018-03-12 05:02:33', NULL, NULL),
(1216, 'NguyenNgocDung', 'ngocdung.nguyen@daikin.com.vn', 1, 4, '$2y$10$eBbOc5vXxwqs8Tul3HKbP.DgzFh1.HJWnozcRN4hO364dGgP6NI6e', 0, NULL, '2018-03-12 05:02:33', NULL, NULL),
(1217, 'DamQuangTrung', 'quangtrung.dam@daikin.com.vn', 1, 4, '$2y$10$xXWwJy4AETPl04bcacnSaOt/m25rqrLUzyUev.zyTbXQ/UUm/I.56', 0, NULL, '2018-03-12 05:02:33', NULL, NULL),
(1218, 'NguyenThiMinhTrang', 'minhtrang.nguyen1@daikin.com.vn', 1, 4, '$2y$10$RcIGOzw/IgF4..ISfwo5WuWMP5q8pjcfhC68K60cHs/oawmeSIqcq', 0, NULL, '2018-03-12 05:02:33', NULL, NULL),
(1219, 'LeVanThang', 'thang.le@daikin.com.vn', 1, 4, '$2y$10$K4YT.Adfxw9gwwoowG3Bq.dC8dMvoQX2PXc4mEUlPCx4OS3EaK6Le', 0, NULL, '2018-03-12 05:02:33', NULL, NULL),
(1220, 'PhamThanhHai', 'phamthanhhai100890@gmail.com', 1, 4, '$2y$10$iV5B37p9ySHzSO8TWS4Yr.BB5nGLCbuBuXuGxM/nOZcRJaQHvplv6', 0, NULL, '2018-03-12 05:02:33', NULL, NULL),
(1221, 'PhamAnhTuan', 'tuan.pham@daikin.com.vn', 1, 4, '$2y$10$hxPy7b2ciTZ9QJVqahxS6OmgFXkMzKDA4uT.lE8XD/T3N2bnA2/aS', 0, NULL, '2018-03-12 05:02:33', NULL, NULL),
(1222, 'NguyenVanSon', 'son.nguyen@daikin.com.vn', 1, 4, '$2y$10$ScrSro2ovtvHmioYsfc4/eB55rzVzjkHlNz/TWDk8v7H1JAbJvyzK', 0, NULL, '2018-03-12 05:02:33', NULL, NULL),
(1223, 'DoDatCaoThanhNhan', 'thanhnhan.do@daikin.com.vn', 1, 4, '$2y$10$UUfl.2waqp4NiPebi/vyyeKtQ31bxjp7f1tH1x0dr0vOCMJ1TBrHG', 0, NULL, '2018-03-12 05:02:33', NULL, NULL),
(1224, 'NguyenTrungDung', 'trungdung.nguyen@daikin.com.vn', 1, 4, '$2y$10$DLjYPATHoE921ZBtnjBoGugoo4T2Nnty7K.wJK1HKMcP02c08z91e', 0, NULL, '2018-03-12 05:02:33', NULL, NULL),
(1225, 'PhamVanBien', 'bien.pham@daikin.com.vn', 1, 4, '$2y$10$9BXeobWoz.cCRzYZuxxvgOpiaqFPvIQWjbVskNlUb7oYeJfJltTQS', 0, NULL, '2018-03-12 05:02:33', NULL, NULL),
(1226, 'TranThiThanhHuyen', 'thanhhuyen.tran@daikin.com.vn', 1, 4, '$2y$10$/7DcSHludtKFVyyrU4B.hOGwuV46Wzd4prpQYsFLc2vse8mbRjN0y', 0, NULL, '2018-03-12 05:02:33', NULL, NULL),
(1227, 'NguyenVanHa', 'ha.nguyen@daikin.com.vn', 1, 4, '$2y$10$zBMqxN1hVOxJNgmkgfsi6uBp7ikix1vDIeQI1WkX9/AWtxiABG6Oa', 0, NULL, '2018-03-12 05:02:33', NULL, NULL),
(1228, 'VuVietDung', 'vietdung.vu@daikin.com.vn', 1, 4, '$2y$10$cKzeO/y9KAnPgRbG3xoVAO5KhQgx3RnpYstodM8jWfLwkshR6ItGO', 0, NULL, '2018-03-12 05:02:33', NULL, NULL),
(1229, 'PhamPhuongThao', 'phuongthao.pham@daikin.com.vn', 1, 4, '$2y$10$YoVfqBiMTCGp.jtqRl2uOOimUW.QxlSnYh9eJDu/PdK8AfZawTDnO', 0, NULL, '2018-03-12 05:02:33', NULL, NULL),
(1230, 'ToDucThang', 'ducthang.to@daikin.com.vn', 1, 4, '$2y$10$FbtIEg9PhpVHKDJn1Oyd4uQnceE5B1aUyhDV.1bWw6O6fH1gEhYL6', 0, NULL, '2018-03-12 05:02:33', NULL, NULL),
(1231, 'BuiTrongNam', 'trongnam.bui@daikin.com.vn', 1, 4, '$2y$10$e4nPg0yt7U9RCja8aPk4a.h1a5BnlrGGbcfpc3LeIPmezzm7pJM.u', 0, NULL, '2018-03-12 05:02:33', NULL, NULL),
(1232, 'NguyenTrongPhuc', 'trongphuc.nguyen@daikin.com', 1, 4, '$2y$10$HfPK.HYs7O8mieXqqXVUG.GNZ0uCdnHwM77dkhA94L5S0m9V4g7gW', 0, NULL, '2018-03-12 05:02:33', NULL, NULL),
(1233, 'BuiVanTuan', 'anhtuanvb12@gmail.com', 1, 4, '$2y$10$onHh.39hzj6tsnKzB6.M2uNUszWZ/pqEzDE3PnjUaGcyMqlzj3HoO', 0, NULL, '2018-03-12 05:02:33', NULL, NULL),
(1234, 'HoaVietCuong', 'vietcuong.hoa@daikin.com.vn', 1, 4, '$2y$10$EQl7RYj3FWza6FEeJlm6oeFV5if6q39w4lWZ9OdS/ELVEd9Iq8kXm', 0, NULL, '2018-03-12 05:02:33', NULL, NULL),
(1235, 'NgoThoHuy', 'thohuy.ngo@daikin.com.vn', 1, 4, '$2y$10$oESe1A3GfiID4S5VJTzO4ePmw.mAuoK2nJnFmJ6z36H9KHqgJej2S', 0, NULL, '2018-03-12 05:02:33', NULL, NULL),
(1236, 'LuuQuangManh', 'quangmanh.luu@daikin.com.vn', 1, 4, '$2y$10$Nvm79b44aHHThXacKkGWF.jmZS7k5WlMcnylktyPxhNpvHnG.Wshq', 0, NULL, '2018-03-12 05:02:33', NULL, NULL),
(1237, 'NguyenVanDong', 'nguyendong108@gmail.com', 1, 4, '$2y$10$4YW.Tnb65BxSFEt1XbefI.hA8292JHhHesA3TE5d0CtDhf8IQupS2', 0, NULL, '2018-03-12 05:02:33', NULL, NULL),
(1238, 'CungThiHongThuy', 'hongthuy.cung@daikin.com.vn', 1, 4, '$2y$10$2iHq3QcVwXG7ocdx7Q7bR.rPgOPnOnM2Dr0bjN7dvIVgJ2vhAfZRu', 0, NULL, '2018-03-12 05:02:33', NULL, NULL),
(1239, 'NguyenThiNgocAnh', 'ngocanh.nguyen@daikin.com.vn', 1, 4, '$2y$10$lPJHWTZBwJxLiO3denYvCe.j1CboxTM9X50MKqlaFtg4sx11Toa9S', 0, NULL, '2018-03-12 05:02:33', NULL, NULL),
(1240, 'VuHoangSon', 'hoangson.vu@daikin.com.vn', 1, 4, '$2y$10$kpRiW/L4mbRKjYBiB60njue5jZUZWOFZ0iMx2KmNJ11etEHvhwJNy', 0, NULL, '2018-03-12 05:02:33', NULL, NULL),
(1241, 'NguyenThiHien', 'hien.nguyen@daikin.com.vn', 1, 4, '$2y$10$vUIPVlALNqq2.3gbEAcJ4ezAbnTTbeO0m3cF7u//UU9C/LMaJLc5i', 0, NULL, '2018-03-12 05:02:33', NULL, NULL),
(1242, 'NguyenTheDinh', 'thedinh.nguyen@daikin.com.vn', 1, 4, '$2y$10$bzZBH.VnHRfrmR.DxqUYZOd62EshLmcS3rYE3j4aNxTgPi75q7GoG', 0, NULL, '2018-03-12 05:02:33', NULL, NULL),
(1243, 'NguyenThanhBa', 'thanhba.nguyen@daikin.com.vn', 1, 4, '$2y$10$js1xVLaUaElfeDMfvBDEJeOnLiSyTDIQDXXDAPBOt.x8L3s5SKz.a', 0, NULL, '2018-03-12 05:02:33', NULL, NULL),
(1244, 'NguyenDinhThuyMy', 'thuymy.nguyen@daikin.com.vn', 1, 4, '$2y$10$XfHDe2LGdOAQlT0j5iNhxusEjaFyoBKB/d/oRd43iUeRmlqWXNt8O', 0, NULL, '2018-03-12 05:02:33', NULL, NULL),
(1245, 'TranThanhPhong', 'thanhphong.tran@daikin.com.vn', 1, 4, '$2y$10$nWK5MdcZ8bfwnCbyhGQuLevmRa8esdeiS7nnS1sADaRGIkkXKfrD2', 0, NULL, '2018-03-12 05:02:33', NULL, NULL),
(1246, 'PhamQuocDat', 'quocdat.pham@daikin.com.vn', 1, 4, '$2y$10$o5A5ihjsOi2m5kgCEqUTpO9efXIdmJT4MrBFwwWOgDLgWmyfn.FhW', 0, NULL, '2018-03-12 05:02:33', NULL, NULL),
(1247, 'NguyenThaiQuocHung', 'quochung.nguyen@daikin.com.vn', 1, 4, '$2y$10$jCtnE3Hry8/ofPV2I48TUOdvweiIkHIEbmiKLpX4D4T0oHGEmMifu', 0, NULL, '2018-03-12 05:02:33', NULL, NULL),
(1248, 'MaiDinhHai', 'dinhhai.mai@daikin.com.vn', 1, 4, '$2y$10$Fmahj7s3YggXhvy7KbfT.OnDxLUqz7uvA4EoW2hiXkTRCMCaL3hnO', 0, NULL, '2018-03-12 05:02:33', NULL, NULL),
(1249, 'TranThanhPhu', 'thanhphu.tran@daikin.com.vn', 1, 4, '$2y$10$WL3f11hO7shU0yBiBrnyguflUNEfe18Um2A64Qx3QM4j4O0mB0LJ.', 0, NULL, '2018-03-12 05:02:33', NULL, NULL),
(1250, 'PhamHoangAnh', 'hoanganh.pham@daikin.com.vn', 1, 4, '$2y$10$S27XLfMjfuCcKg0ArRuEIOLnwYUiFmfc4dVfCy1oTsTpWKEA1b0Qm', 0, NULL, '2018-03-12 05:02:33', NULL, NULL),
(1251, 'NguyenHuuHau', 'huuhau.nguyen@daikin.com.vn', 1, 4, '$2y$10$CDgmCwfOw4hI2smpCTlmReW0mHVa8zC8ycUq88o2up1.6HcYuZJ/i', 0, NULL, '2018-03-12 05:02:33', NULL, NULL),
(1252, 'HoangTienThanh', 'tienthanh.hoang@daikin.com.vn', 1, 4, '$2y$10$j8yiz.6nzA7ymX.7UBsh4uQRoIyg01lCa35d5U0x5aMwDKMlDGbFG', 0, NULL, '2018-03-12 05:02:33', NULL, NULL),
(1253, 'DuongMinhQuang', 'minhquang.duong@daikin.com.vn', 1, 4, '$2y$10$yApO8ROKCZaTwrXzkVV0WOa2peOP7WUkvqyhGK63owXYALeBZPIC6', 0, NULL, '2018-03-12 05:02:33', NULL, NULL),
(1254, 'DoanThiKimNgoc', 'kimngoc.doan@daikin.com.vn', 1, 4, '$2y$10$Ql82I1whj0e43mzWUutXtud6dE7IiIWkH71Rg4xXQbMElkSHOLbi.', 0, NULL, '2018-03-12 05:02:33', NULL, NULL),
(1255, 'LeHongHa', 'hongha.le@daikin.com.vn', 1, 4, '$2y$10$PYw9AGqBVRn.uOAnNbA/KO1ZKuxm2j0pLeHF27fSMr88EVDknEVry', 0, NULL, '2018-03-12 05:02:33', NULL, NULL),
(1256, 'DoDanhKhoa', 'danhkhoa.do@daikin.com.vn', 1, 4, '$2y$10$mdIas/324N9myWDLpXWQS.N1q22MerqDb6v7TJ42kxR/tZoyJigD.', 0, NULL, '2018-03-12 05:02:33', NULL, NULL),
(1257, 'BuiThiTieuY', 'tieuy.bui@daikin.com.vn', 1, 4, '$2y$10$NSeZTuFwdDNWqlUVC7XfEuzFTMdtLnbfQi3zd.FXdE13AQkiAm4.6', 0, NULL, '2018-03-12 05:02:33', NULL, NULL),
(1258, 'NguyenHongPhuc', 'hongphuc.nguyen1@daikin.com.vn', 1, 4, '$2y$10$Qv7HEzERqEXEHOHClphlR.EjKPH7x6kjPoQ/oSfjGTNBVJA2FwNyS', 0, NULL, '2018-03-12 05:02:33', NULL, NULL),
(1259, 'PhanQuangKha', 'quangkha.phan@daikin.com.vn', 1, 4, '$2y$10$SKdE/DYc.xWEjLK7eo7l3.TeBzZd/6WqriBvLJkTcNQs4J3e4hCIi', 0, NULL, '2018-03-12 05:02:33', NULL, NULL),
(1260, 'BuiMyNgocHan', 'ngochan.bui@daikin.com.vn', 1, 4, '$2y$10$ea6hqWx5TDL6zLoiTwh9kO0MUnAII3tlvi/W8v2AHiwVeU0ot/XJ6', 0, NULL, '2018-03-12 05:02:33', NULL, NULL),
(1261, 'HuynhLam', 'lam.huynh@daikin.com.vn', 1, 4, '$2y$10$xCaRH.jA8KXgMoTfCaHgNe2E.sD0u12xzEvEFEzs1G6Nbgbt8SV1m', 0, NULL, '2018-03-12 05:02:33', NULL, NULL),
(1262, 'DangVanThang', 'thang.dang@daikin.com.vn', 1, 4, '$2y$10$EYkNw8Z8/sCnWReiaka3SeQFbJFpHTgPaEpK/YRdTrcKRKAGaUBnu', 0, NULL, '2018-03-12 05:02:33', NULL, NULL),
(1263, 'NguyenVanPhu', 'phu.nguyen@daikin.com.vn', 1, 4, '$2y$10$w8O6riafWaAd/u1qOssUROrzGjOlrB0kywQNRUKUnGbVXa0sN.8EC', 0, NULL, '2018-03-12 05:02:33', NULL, NULL),
(1264, 'ThongQuocVan', 'quocvan.thong@daikin.com.vn', 1, 4, '$2y$10$E2rRniWexIH23cLLSFov9eeDlMzq5penzRkcq07DuX/88zzfgEKsW', 0, NULL, '2018-03-12 05:02:33', NULL, NULL),
(1265, 'SanVinhPhat', 'vinhphat.san@daikin.com.vn', 1, 4, '$2y$10$pjY/1GV3kiz5GIBwNNvMa.FCWM11U0.delWlEAXXnupQywUtiq2Se', 0, NULL, '2018-03-12 05:02:33', NULL, NULL),
(1266, 'HoXuanVien', 'xuanvien.ho@daikin.com.vn', 1, 4, '$2y$10$HE0c/yTBdgpSNfykWVShzekquBg.g.YiFVP20qLKzAOwLIlFHRab.', 0, NULL, '2018-03-12 05:02:33', NULL, NULL),
(1267, 'HuynhNguyenMaiKhanh', 'maikhanh.huynh@daikin.com.vn', 1, 4, '$2y$10$4Qh57xsdvzZkOeuiSvly1e8JzMOB2Dzm98JWNvlyaBWcsNhQDtiHe', 0, NULL, '2018-03-12 05:02:33', NULL, NULL),
(1268, 'HuynhTuanAn', 'tuanan.huynh@daikin.com.vn', 1, 4, '$2y$10$7NGSST2NkhZCW65Cu0ASYeABF.8nmnAwp39Q/G0IAqqRqaHrnLT8G', 0, NULL, '2018-03-12 05:02:33', NULL, NULL),
(1269, 'LeVanQuang', 'quang.le1@daikin.com.vn', 1, 4, '$2y$10$nT.fzSdW8Qs/V8FBwypVG.P0AGURgRVadzutMmMmsKVrnFN6gZko6', 0, NULL, '2018-03-12 05:02:33', NULL, NULL),
(1270, 'PhamNhuThep', 'nhuthep.pham@daikin.com.vn', 1, 4, '$2y$10$HRLfelKZHWHtTNDGnQu9rehCEbheD1GAqzOA3Qkz9hQRg45/vy1EW', 0, NULL, '2018-03-12 05:02:33', NULL, NULL),
(1271, 'BuiDucThuan', 'ducthuan.bui@daikin.com.vn', 1, 4, '$2y$10$MEualFcYzk8ABHcWPslw5eF2YvGbNVg7/1wtnehYQDh3I86uNm9jq', 0, NULL, '2018-03-12 05:02:33', NULL, NULL),
(1272, 'TranNguyenQuynhNhu', 'quynhnhu.tran@daikin.com.vn', 1, 4, '$2y$10$CPVmE5cytG9H1wt.1vnGg.T/XKh1pTOjA4i3sJdqA/UlWwu1kHR8e', 0, NULL, '2018-03-12 05:02:33', NULL, NULL),
(1273, 'CaoThanhLong', 'thanhlongbk11nl@gmail.com', 1, 4, '$2y$10$mMSRr8Jf5hbj/AUkOs6uQ.tU3spbTIvy7XVvt8hNQRso3crWGag86', 0, NULL, '2018-03-12 05:02:33', NULL, NULL),
(1274, 'LeTrongDuan', 'ltduan0504@gmail.com', 1, 4, '$2y$10$TJ1RfBsEIgSv9J.eN1hVR.2sSxXbP0WfJTUzfxcKXjcicdizmMYV.', 0, NULL, '2018-03-12 05:02:33', NULL, NULL),
(1275, 'PhamTrungKien', 'trungkien.pham@daikin.com.vn', 1, 4, '$2y$10$eYFx9zg2Z7GIff9DM/3jPu3CB.wTfzEGJUad8.ScUPSIKsr43ix5e', 0, NULL, '2018-03-12 05:02:33', NULL, NULL),
(1276, 'NguyenCongNgocDuc', 'ngocduc.nguyen@daikin.com.vn', 1, 4, '$2y$10$ivWRV5NG.IAjK3whcQQbMe2McQFShvRnuTWRTiexUn.LkhRHZ4Uh2', 0, NULL, '2018-03-12 05:02:33', NULL, NULL),
(1277, 'NguyenHungVy', 'hungvy.nguyen@daikin.com.vn', 1, 4, '$2y$10$d7ItsdxHLlMIpBdOS6Og1.1l8MU8gULw3o6DbflzaCj/VBCujFp1y', 0, NULL, '2018-03-12 05:02:33', NULL, NULL),
(1278, 'MaiHoangKhoi', 'hoangkhoi.mai@daikin.com.vn', 1, 4, '$2y$10$f.UjszmKgp.Gh4fa5GB.N.WWh6OdgVwxgyyxL43Aksh3vIWi4KEVm', 0, NULL, '2018-03-12 05:02:33', NULL, NULL),
(1279, 'TrinhThiKieuVan', 'kieuvan.trinh@daikin.com.vn', 1, 4, '$2y$10$sYBQBV3hlMbw5bJFbJp1mumA7oKg9ukNYQMzFCNdbGLplWdSl6MVm', 0, NULL, '2018-03-12 05:02:33', NULL, NULL),
(1280, 'TranVanCuong', 'cuong.tran@daikin.com.vn', 1, 4, '$2y$10$WVq.ynyhMnZA/xXrm3kZhuqOri2L7VCkQKHS45SL6A0ZB9znUTfpi', 0, NULL, '2018-03-12 05:02:33', NULL, NULL),
(1281, 'TranVuDai', 'vudai.tran@daikin.com.vn', 1, 4, '$2y$10$c7.hOjrwAsiWBw9aDIGAuuE8PCVitavyjRarw5Ynf8LNIPY6qtx8a', 0, NULL, '2018-03-12 05:02:33', NULL, NULL),
(1282, 'TranDucDuy', 'tranducduy101@gmail.com', 1, 4, '$2y$10$bwO3kC04yIYZQ9/7QU1HgOhNGbOvBiChzYymWGmMnTPMu8wcCGpJu', 0, NULL, '2018-03-12 05:02:33', NULL, NULL),
(1283, 'TranMinhThi', 'minhthi.tran@daikin.com.vn', 1, 4, '$2y$10$g7Txc49jsK.hdlOyZ7YjnOBgi.Y9hy2MCw6GtBcl2nlAM.oqgwWmm', 0, NULL, '2018-03-12 05:02:33', NULL, NULL);
INSERT INTO `users` (`id`, `name`, `email`, `status`, `role_id`, `password`, `change_password`, `remember_token`, `created_at`, `updated_at`, `deleted_at`) VALUES
(1284, 'DoHoangAnhThi', 'anhthi.hoang@daikin.com.vn', 1, 4, '$2y$10$.TEoHIxXSl/tnmjKIVnK2eW024yt.dz3BxI/elBFrpLchwwHHuu66', 0, NULL, '2018-03-12 05:02:33', NULL, NULL),
(1285, 'NguyenTruongLamKhanh', 'lamkhanh.nguyen@daikin.com.vn', 1, 4, '$2y$10$c9Sb9Ii/6Z4pSsnNPLVPkOUKRUHeBmRbzEaKgTC4y3VcIhe85BHkq', 0, NULL, '2018-03-12 05:02:33', NULL, NULL),
(1286, 'TaNhatQuang', 'kazeufuru@gmail.com', 1, 4, '$2y$10$fgI/s3CwBfk8BOO6Sooo9OAZmMImDO4drRS7qAoPcy7asXj.wsw3q', 0, NULL, '2018-03-12 05:02:33', NULL, NULL),
(1287, 'VoDaiCuong', 'daicuong0987@gmail.com', 1, 4, '$2y$10$RznJ0QIrKYU5DvfqAaJXT./5mExTvZ8USFdtaL62WJvywsfmyNX4C', 0, NULL, '2018-03-12 05:02:33', NULL, NULL),
(1288, 'PhamVanDuc', 'duc.pham@daikin.com.vn', 1, 4, '$2y$10$BbXUcKSiiPhqyxIaJW7XweMnVAS6JJctWk6sz6PdhaBw6NcwbVYLO', 0, NULL, '2018-03-12 05:02:33', NULL, NULL),
(1289, 'LePhuongHai', 'phuonghai.le@daikin.com.vn', 1, 4, '$2y$10$iTojsWsxY91XUiKhbZ4DUOItevPeRBxgqpaiZP5M7WOsG7IInLTEK', 0, NULL, '2018-03-12 05:02:33', NULL, NULL),
(1290, 'NguyenMinhLuan', 'minhluan.nguyen@daikin.com.vn', 1, 4, '$2y$10$XFOg8F4W2w1/SPSlR5ElieJPM8c.Qv.6gXcdsO6YzzywacjftfNDq', 0, NULL, '2018-03-12 05:02:33', NULL, NULL),
(1291, 'DangVanChien', 'chien.dang@daikin.com.vn', 1, 4, '$2y$10$/XvxCIesk/t7vULcxFLNBufNNYSPhxLOZ6CKXo2j8BCqQw9KaKt7q', 0, NULL, '2018-03-12 05:02:33', NULL, NULL),
(1292, 'NguyenTheVinh', 'thevinh.nguyen@daikin.com.vn', 1, 4, '$2y$10$lkvoHd6cZZiqsfzvYK5ihelcNQrQvlKPfYGsXv9Wdzv8hdyp3aCKq', 0, NULL, '2018-03-12 05:02:33', NULL, NULL),
(1293, 'DinhThaiSang', 'Thaisangspkt95@gmail.com', 1, 4, '$2y$10$ZwWpMsKx/qFQdeNr96SHQu1YEr6BQ5pQEyEwpZkoEOrr3d..2ojrW', 0, NULL, '2018-03-12 05:02:33', NULL, NULL),
(1294, 'VoThanhTrung', 'thanhtrung.vo@daikin.com.vn', 1, 4, '$2y$10$oQbWktg4MkszxNrMfIiesuUfOEENtjwFbzBMwslotdHQC./zWSVOu', 0, NULL, '2018-03-12 05:02:33', NULL, NULL),
(1295, 'TranHaiAnh', 'haianh.tran@daikin.com.vn', 1, 4, '$2y$10$0oeyru1pbfw9UFENQU7brerVf.fZXe1Sw0J0zskxfjoDb3tvS08ea', 0, NULL, '2018-03-12 05:02:33', NULL, NULL),
(1296, 'NguyenQuangNhat', 'quangnhat.nguyen@daikin.com.vn', 1, 4, '$2y$10$GKm0ocJdDhKQ5up8HUgsZeg.qDWQHP7.wcP3oBQyhnucWu0b7qzHe', 0, NULL, '2018-03-12 05:02:33', NULL, NULL),
(1297, 'HuynhNgocHoanh', 'ngochoanh.huynh@daikin.com.vn', 1, 4, '$2y$10$zWOk1IfmUUnqa0qzy/WTNe/mkmzbfrMQCr1e332IBJkP1C0ELpWVu', 0, NULL, '2018-03-12 05:02:33', NULL, NULL),
(1298, 'VoPhuocNhan', 'phuocnhan.vo@daikin.com.vn', 1, 4, '$2y$10$mgWdw0knbS2McjX/ySpnXud76S3/fWpsTuzOa0GypBz0Q9rxylQTS', 0, NULL, '2018-03-12 05:02:33', NULL, NULL),
(1299, 'LeVanHop', 'hop.le@daikin.com.vn', 1, 4, '$2y$10$XW1bU0oru1ngovPTJrCeIOKtxrod0Biut.G96wTpZkIJU/Td8Ohg.', 0, NULL, '2018-03-12 05:02:33', NULL, NULL),
(1300, 'TranThiPhuongLan', 'phuonglan.tran@daikin.com.vn', 1, 4, '$2y$10$mKqfN/rB8wqyBFXOvUwvs.23MMP/A6A3LUCxH/.LJVuc.1EF8a7Fm', 0, NULL, '2018-03-12 05:02:33', NULL, NULL),
(1301, 'NguyenThanhDao', 'thanhdao.nguyen@daikin.com.vn', 1, 4, '$2y$10$smKqaDRVqH2gm0BRlilrGeV8Vy5eYPmFob3PSHKd8Dthc58doVb6K', 0, NULL, '2018-03-12 05:02:33', NULL, NULL),
(1302, 'NguyenNhatTan', 'nhattan.nguyen@daikin.com.vn', 1, 4, '$2y$10$w/PAnHCOaSTt/4qTit8TwuHM10gHGzTINR0S60TDc.GqgYHIsgB3K', 0, NULL, '2018-03-12 05:02:33', NULL, NULL),
(1303, 'DangThanhCong', 'thanhcong.dang@daikin.com.vn', 1, 4, '$2y$10$LHKnGu9h70o6r1mv6u6x5eJDNsqP7eoaNc1UH0zPv/05GZDXkSi62', 0, NULL, '2018-03-12 05:02:33', NULL, NULL),
(1304, 'HuynhThaoNguyen', 'thaonguyen.huynh@daikin.com.vn', 1, 4, '$2y$10$q1Vcf76yjC3xM1war2DfduxKrTkjnf0Gzk6SnCj8AmbD2/sE6Lz2q', 0, NULL, '2018-03-12 05:02:33', NULL, NULL),
(1305, 'NguyenThiKimNgoc', 'kimngoc.nguyen@daikin.com.vn', 1, 4, '$2y$10$FfzJqj1zxEI0998qcBEfmuLEgvcC0610nvjuQZf27nZn6I90tCnFm', 0, NULL, '2018-03-12 05:02:33', NULL, NULL),
(1306, 'TranNguyenPhiLong', 'philong.tran@daikin.com.vn', 1, 4, '$2y$10$EAblLdhPTzxFcBD1y5DOVuYoGEKE.GMja469xP.z.17JAPBASudcy', 0, NULL, '2018-03-12 05:02:33', NULL, NULL),
(1307, 'PhamLamMyLien', 'mylien.pham@daikin.com.vn', 1, 4, '$2y$10$ve1rXle3rn1hQYErK4YVAeU.Fj2vIfmY3Iq5kPvNPvKbeIIS/Izmu', 0, NULL, '2018-03-12 05:02:33', NULL, NULL),
(1308, 'NguyenHoangDuong', 'hoangduong.nguyen@daikin.com.vn', 1, 4, '$2y$10$SXC2hO5Kr3DUQVKNZI25XeGeXbDU.9uPes/qb/KajeSsToslWIj6y', 0, NULL, '2018-03-12 05:02:33', NULL, NULL),
(1309, 'PhamTruongXuan', 'truongxuan.pham@daikin.com.vn', 1, 4, '$2y$10$dHmcoeIXzTCsPcFhi9eKYe8xfyuq.bFY0Ry7WuU6USXT5W0cNcu.i', 0, NULL, '2018-03-12 05:02:33', NULL, NULL),
(1310, 'NguyenThanhQuang', 'thanhquang.nguyen@daikin.com.vn', 1, 4, '$2y$10$xbHpADA7HpnOc46TK5d6Ju3KR9BAR.N/1KQp8Dtno/cWwNb1AuOKS', 0, NULL, '2018-03-12 05:02:33', NULL, NULL),
(1311, 'ThaiVanLy', 'ly.thai@daikin.com.vn', 1, 4, '$2y$10$wMbaAbtAsorpzQ5klNbQNu/j5qCJJQd.OY.iAORaSVpGUNCy1Pg.G', 0, NULL, '2018-03-12 05:02:33', NULL, NULL),
(1312, 'NguyenVietHungSinh', 'hungsinh.nguyen@daikin.com.vn', 1, 4, '$2y$10$Yv2SanNHvJLflU9dvKJAhujjyG2ayvfjytmF0mqDidSPIShhLJXjS', 0, NULL, '2018-03-12 05:02:33', NULL, NULL),
(1313, 'DoanTranQuang', 'tranquang.doan@daikin.com.vn', 1, 4, '$2y$10$9xfMxnk/56qxAGpa0AFBQ.TGU8lM0A0gqWw9aa7Cm/F59.H.w9wJ.', 0, NULL, '2018-03-12 05:02:33', NULL, NULL),
(1314, 'DoDuyMinh', 'duyminh.do@daikin.com.vn', 1, 4, '$2y$10$mnQKQlNu.NJkUCk3cKnyl.6107uUDqdKVOA8Uk4uY1AXRHuKJrEja', 0, NULL, '2018-03-12 05:02:33', NULL, NULL),
(1315, 'NguyenNhatLinh', 'linh.nguyen@daikin.com.vn', 1, 4, '$2y$10$SPsZ4UKJpvGv29RjQ9PFIOvir8J2J80TiwVsoE4fWGQ7Aa2W/uxt.', 0, NULL, '2018-03-12 05:02:33', NULL, NULL),
(1316, 'HuynhThienTam', 'thientam.huynh@daikin.com.vn', 1, 4, '$2y$10$EoydOkIuLUMLfJWWOjkOE.P7RypIeg.gsCTIOVFio.z8aMsxV8FPa', 0, NULL, '2018-03-12 05:02:33', NULL, NULL),
(1317, 'VuongThePhong', 'thephong.vuong@daikin.com.vn', 1, 4, '$2y$10$eLEhDjYRDZHSa/RcjKG81O6ZNB2OSyDiFlQ0QEgSsn5gLnih99.MW', 0, NULL, '2018-03-12 05:02:33', NULL, NULL),
(1318, 'TruongVuNhuHieu', 'nhuhieu.truong@daikin.com.vn', 1, 4, '$2y$10$g62W8qFxQG7hxySKdSP1BeLajnsn9SP1LEFBqXNUXcuABK1gdepHq', 0, NULL, '2018-03-12 05:02:33', NULL, NULL),
(1319, 'NguyenBaoToan', 'baotoan.nguyen@daikin.com.vn', 1, 4, '$2y$10$IrlZktN1FP0byi3Ot1dxju.IS6/vzj81jf4BhiSRqBstnHTTzCnxO', 0, NULL, '2018-03-12 05:02:33', NULL, NULL),
(1320, 'PhamNguyenHoangDuy', 'hoangduy.pham@daikin.com.vn', 1, 4, '$2y$10$6tGzuMfGA9qBsqkPeVwEPODXQgfJ2wQYGk5z.Ua11hZgUaNe/RUOK', 0, NULL, '2018-03-12 05:02:33', NULL, NULL),
(1321, 'VoLeNguyen', 'lenguyen.vo@daikin.com.vn', 1, 4, '$2y$10$StfpPTx5I9N4emjIRlyh9.FmJAnXrV0IhCvOIpbTXFJMel2CT3ODG', 0, NULL, '2018-03-12 05:02:33', NULL, NULL),
(1322, 'NguyenThiLeThanh', 'lethanh.nguyen@daikin.com.vn', 1, 4, '$2y$10$QyYnsmNnBG3hOwUkgw33HOIojGsb43u8hwKZ8QtNcMf.vLs0PdkJa', 0, NULL, '2018-03-12 05:02:33', NULL, NULL),
(1323, 'NguyenTrongTri', 'tridaikin@yahoo.com.vn', 1, 4, '$2y$10$QsT1Lz7VEb.5hz30nx4bR.ijTx63c/YRJDMM/aRxLfBoVkXvZsrLG', 0, NULL, '2018-03-12 05:02:33', NULL, NULL),
(1324, 'HuynhThanhVu', 'thanhvudaikin@gmail.com', 1, 4, '$2y$10$PAU86wDvnvloq3gEr4XXvu3f5BkA9VJwWnDddIvfVBLuhUVtN2bWe', 0, NULL, '2018-03-12 05:02:33', NULL, NULL),
(1325, 'DoDanhLoi', 'danhloi.do@daikin.com.vn', 1, 4, '$2y$10$rBoHxh4zd2xXukd3g7zX0eYIdKlyJQmHwr5nf6SpmeALI1OrPDxiq', 0, NULL, '2018-03-12 05:02:33', NULL, NULL),
(1326, 'NguyenDinhThang', 'dinhthangdaikin@yahoo.com', 1, 4, '$2y$10$.mosMcNd4o06pxRaOhThDe95kP0IgFmfRqfU.6qa9rPnOPtXKmjW2', 0, NULL, '2018-03-12 05:02:33', NULL, NULL),
(1327, 'PhamKimLong', 'phamkimlongdk@yahoo.com', 1, 4, '$2y$10$DgPeVSz9/GyZxHc6hkxDlOJhBfc6YjYm3Oj7u54Gn5l7AtXJ8gV.q', 0, NULL, '2018-03-12 05:02:33', NULL, NULL),
(1328, 'TranBaoTam', 'baotam.tran@daikin.com.vn', 1, 4, '$2y$10$OccBh4nfbZvFqPPtLl4WeuTGok6rmmUlq/P4e0cZxFs5Ch4aHleKS', 0, NULL, '2018-03-12 05:02:33', NULL, NULL),
(1329, 'TruongVinhThanh', 'vinhthanh.truong@daikin.com.vn', 1, 4, '$2y$10$zbrWSNK1jZYg62xJ3EN9Eua25uVkK0idFZJSliGOt2wcn3VwcGYsm', 0, NULL, '2018-03-12 05:02:33', NULL, NULL),
(1330, 'HoangNgocDiemMy', 'diemmy.hoang@daikin.com.vn', 1, 4, '$2y$10$YtyLaBI93WNuyhA.W3JMhelJHusvSoIvrz61sHAXvEFO0eWXM/Isq', 0, NULL, '2018-03-12 05:02:33', NULL, NULL),
(1331, 'NguyenVanThe', 'nguyenvanthe04@gmail.com', 1, 4, '$2y$10$e0IAQ/XvLHj2rIfLlKNbWeL0x17nxlMDdhgnMJ2JqEz3CFcM3Gxxi', 0, NULL, '2018-03-12 05:02:33', NULL, NULL),
(1332, 'NguyenThiLeQuyen', 'lequyen.nguyen@daikin.com.vn', 1, 4, '$2y$10$EmVz3oXsYvZIsfJpHk9t2.kQwsT18iPrHxHLaS7B3XwJ7Rwy/71om', 0, NULL, '2018-03-12 05:02:33', NULL, NULL),
(1333, 'NguyenThiHoangLan', 'hoanglan.nguyen@daikin.com.vn', 1, 4, '$2y$10$uF.r7Gc10fa4puzUEq2e.OGMbketd.Z.HLH0rw4zRJcBHg/ClNd.G', 0, NULL, '2018-03-12 05:02:33', NULL, NULL),
(1334, 'NguyThanhLam', 'thanhlam.nguy@daikin.com.vn', 1, 4, '$2y$10$TdEX2ZqLJk0pbT0doPTQnOL9PtbtZKe7XeptrSUzCChUSg0Ky3MSq', 0, NULL, '2018-03-12 05:02:33', NULL, NULL),
(1335, 'NguyenThiVanAnh', 'anh.nguyen@daikin.com.vn', 1, 4, '$2y$10$sxE84Cx75Z1/1rMsyDlUqeaItiI5u1/FnNQ0QY9O390ENJzXkyLt2', 0, NULL, '2018-03-12 05:02:33', NULL, NULL),
(1336, 'NguyenNgocQuyen', 'ngocquyen.nguyen@daikin.com.vn', 1, 4, '$2y$10$yQTbONssMfVcYbHRXSEZ7up/tGftAlqMFu0PgaM5YpRRQhzYmwePK', 0, NULL, '2018-03-12 05:02:33', NULL, NULL),
(1337, 'TrinhThiDiThao', 'dithao.trinh@daikin.com.vn', 1, 4, '$2y$10$V5jXnvQYg.qclI9JD0AeieR1V8L8HZlkWexncbUTS1yzWwDRjomGO', 0, NULL, '2018-03-12 05:02:33', NULL, NULL),
(1338, 'NguyenVanNguyen', 'nguyen.nguyen@daikin.com.vn', 1, 4, '$2y$10$bXzcBBGDJpEhUlaqMVoe4OFeepXabYvoZ.1bxkHhTuWmuTUBHTDq6', 0, NULL, '2018-03-12 05:02:33', NULL, NULL),
(1339, 'NguyenVanVinh', 'vinh.nguyen@daikin.com.vn', 1, 4, '$2y$10$1EqIjAxQBTydc8UMonm8W.ylFjdxMyPlCXVwUxskf7nmBVv47uR4K', 0, NULL, '2018-03-12 05:02:33', NULL, NULL),
(1340, 'NguyenHuuLong', 'huulong.nguyen@daikin.com.vn', 1, 4, '$2y$10$E0Mo6ZuHlGz/E9stljXxbeRlguIiQsifvnNYSyWFcR9OslFZdxgeC', 0, NULL, '2018-03-12 05:02:33', NULL, NULL),
(1341, 'DinhThaiSon', 'thaison.dinh@daikin.com.vn', 1, 4, '$2y$10$UhqyI3o7S39GBHp8SJ3Y2eIZ5smF7TlysjUcHwQjTlEls0hMpBXtG', 0, NULL, '2018-03-12 05:02:33', NULL, NULL),
(1342, 'PhamGiaDuc', 'giaduc.pham@daikin.com.vn', 1, 4, '$2y$10$s7648g4IPOYSsTBY74Kxjew5guUziTaQpgFjRscID.VSMmI84s4FG', 0, NULL, '2018-03-12 05:02:33', NULL, NULL),
(1343, 'LeQuangDinh', 'quangdinh.le@daikin.com.vn', 1, 4, '$2y$10$Sn9.pa3lnIhjG7qNFY8tmuMrm5rp911XqbfsTBToN1jHd2HNWbiTu', 0, NULL, '2018-03-12 05:02:33', NULL, NULL),
(1344, 'NguyenDoAnhTuan', 'anhtuan.nguyen@daikin.com.vn', 1, 4, '$2y$10$xkUvuyyUH4GsFWDWyWXZpOgAalC/d9C16WW.vkX0u5ki0MniaEqRq', 0, NULL, '2018-03-12 05:02:33', NULL, NULL),
(1345, 'HuynhTrungTinh', 'trungtinh.huynh@daikin.com.vn', 1, 4, '$2y$10$pxNIBBaZto5uE3gj3.tv2u/9NALYEx9JK9UEButeghL688qRHM0Q2', 0, NULL, '2018-03-12 05:02:33', NULL, NULL),
(1346, 'VoThiThuNguyet', 'thunguyet.vo@daikin.com.vn', 1, 4, '$2y$10$M5Lfq1f6IEsGWs5tmubljO7V8oYNVd8W0VTsBjQyqUSdvQR9A6RHS', 0, NULL, '2018-03-12 05:02:33', NULL, NULL),
(1347, 'NguyenThanhTu', 'thanhtu.nguyen@daikin.com.vn', 1, 4, '$2y$10$h.PCv60tGRgONETrVqLozOz23c6TQu40dZaHSTP9e82lFiuTasQZm', 0, NULL, '2018-03-12 05:02:33', NULL, NULL),
(1348, 'LeThanhHieu', 'thanhhieu.le@daikin.com.vn', 1, 4, '$2y$10$5OX1ynoRvR3sNrkYX3uB0O.9oacRU8sx3PJvREiY.buT0MyeX8RZ.', 0, NULL, '2018-03-12 05:02:33', NULL, NULL),
(1349, 'NguyenMinhPhuong', 'minhphuong.nguyen@daikin.com.vn', 1, 4, '$2y$10$.Vrx5SPKMogr7m.Qniv6EugOzISu0ly0qUqRr1oJAFkjbv4tdMcce', 0, NULL, '2018-03-12 05:02:33', NULL, NULL),
(1350, 'NguyenThanhDuy', 'thanhduy.nguyen@daikin.com.vn', 1, 4, '$2y$10$yajPuLhKEZcmUxQQx3GPjuGYnOwuTK/bGs58k79hszjLofkEidJZ6', 0, NULL, '2018-03-12 05:02:33', NULL, NULL),
(1351, 'TruongCongNguyen', 'congnguyen.truong@daikin.com.vn', 1, 4, '$2y$10$w.Jjyj6ZRJ/nGuhLq/EYCOF2pJKyds5dzdieBW03x29VwQlf7Blmq', 0, NULL, '2018-03-12 05:02:33', NULL, NULL),
(1352, 'PhanMinhThuan', 'minhthuan.phan@daikin.com.vn', 1, 4, '$2y$10$7FvNQW7c/FcrgUm9NCyUZ.Ndyz.Hvac0zNBmMu0xkBV0fPi1Oh7Yu', 0, NULL, '2018-03-12 05:02:33', NULL, NULL),
(1353, 'MaiHuuDuong', 'huuduong.mai@daikin.com.vn', 1, 4, '$2y$10$WskCOoUB6pR2IbEiMIYYMu1/nf3L4b.XyfO2b5ZPRJq4DVYikcPlG', 0, NULL, '2018-03-12 05:02:33', NULL, NULL),
(1354, 'TranXuanPhuc', 'xuanphuc.tran@daikin.com.vn', 1, 4, '$2y$10$V7zyps6Nukdp/A7VCcxrA.R/fCM.ccMEcN3Ob9Nc5ulG21GQXTkLW', 0, NULL, '2018-03-12 05:02:33', NULL, NULL),
(1355, 'NguyenVanThanh', 'thanhdaikin@yahoo.com.vn', 1, 4, '$2y$10$vyW2xACJjnGViMLu9OaPnurfQyLPdcAllaNiSgljbGabJ2QFo2Eb2', 0, NULL, '2018-03-12 05:02:33', NULL, NULL),
(1356, 'PhạmNgocToan', 'phamngoctoan1966@gmail.com', 1, 4, '$2y$10$HR9NkyK02jhE1i2I5EVYDOa8EqunhzgsHkyeczHReeOxlMnQzObmy', 0, NULL, '2018-03-12 05:02:33', NULL, NULL),
(1357, 'NguyenKhacSinh', 'khacsinh.nguyen@daikin.com.vn', 1, 4, '$2y$10$x1ZftN24H0yu5jxZE4WK3u2QtvsizCuFGxf8xw4/txP0Mvik7k/CK', 0, NULL, '2018-03-12 05:02:33', NULL, NULL),
(1358, 'NguyenVanThao', 'thao.nguyen@daikin.com.vn', 1, 4, '$2y$10$Qy84z8e.ZjgtLEps1dj0lOCQdK3gjng.sYOhFidizhUocYlMHGgni', 0, NULL, '2018-03-12 05:02:33', NULL, NULL),
(1359, 'NguyenThanhTan', 'thanhtan.nguyen@daikin.com.vn', 1, 4, '$2y$10$MsS2wRz0udTVEBolAtcDX.KMAi/2oD0YsDXJi3NnVANd6AhB07iIi', 0, NULL, '2018-03-12 05:02:33', NULL, NULL),
(1360, 'PhamNgocHa', 'hadaikin@yahoo.com.vn', 1, 4, '$2y$10$4cfha8yPjADmm6.PwOoAE.8HEzfw12xwZWqqoic/KMc1LKbEikfAW', 0, NULL, '2018-03-12 05:02:33', NULL, NULL),
(1361, 'VuHoangMinh', 'hoangminh.vu@daikin.com.vn', 1, 4, '$2y$10$wnV30fmdV0LLoMuERnbat.ikU7gLT4Ht55fRl4RdvUNZ1mUn/MyGi', 0, NULL, '2018-03-12 05:02:33', NULL, NULL),
(1362, 'DoMinhTri', 'minhtri.do@daikin.com.vn', 1, 4, '$2y$10$uAHDheTXPvsV9xozFDCJEeIwFAXpP2Qr4OdSkwitFChk6ehp8XI52', 0, NULL, '2018-03-12 05:02:33', NULL, NULL),
(1363, 'VoThiThanhPhuong', 'thanhphuong.vo@daikin.com.vn', 1, 4, '$2y$10$kAHBq26OcIji17TdviHpQevckUiDqPHSQuXLIG19qx96iaSaGE8Va', 0, NULL, '2018-03-12 05:02:33', NULL, NULL),
(1364, 'BuiMinhThanh', 'minhthanh.bui@daikin.com.vn', 1, 4, '$2y$10$quuo.v.AuYaeP7DsJXmER.BuHzV4gREXoqmkJxNAqFfp6zqb6hm4G', 0, NULL, '2018-03-12 05:02:33', NULL, NULL),
(1365, 'DinhVanQuy', 'quy.dinh@daikin.com.vn', 1, 4, '$2y$10$/bMKa3uqjhG.4PMpj3kde.t5JWWFFz6U8ERemZo1LlyY8vWIsplCi', 0, NULL, '2018-03-12 05:02:33', NULL, NULL),
(1366, 'NguyenThanhHau', 'thanhhau.nguyen@daikin.com.vn', 1, 4, '$2y$10$sqS9xnpbPuhM.bp/.KDM1.PHLf8rL2ckk4FkZnS5FB1BHF9ESoKeO', 0, NULL, '2018-03-12 05:02:33', NULL, NULL),
(1367, 'NguyenPhanHaiDang', 'haidang.nguyen@daikin.com.vn', 1, 4, '$2y$10$isJ2dkQABId4TL38BPRZZeucApYtYnfxfA0mX8xHLIZ55b2Ea3X0m', 0, NULL, '2018-03-12 05:02:33', NULL, NULL),
(1368, 'LamThanhKhang', 'thanhkhang.lam@daikin.com.vn', 1, 4, '$2y$10$N6fNzMtLpeFGzGgu/bkN5.4jEs7LmuqGL0i9vVhbZVdo8r0WmZtHa', 0, NULL, '2018-03-12 05:02:33', NULL, NULL),
(1369, 'NguyenVanHau', 'hau.nguyen@daikin.com.vn', 1, 4, '$2y$10$1cI96qi5cNAk.eeIuzBTZOn6vjIUmovORvOPc96Gd9AIUBjS8mmuK', 0, NULL, '2018-03-12 05:02:33', NULL, NULL),
(1370, 'NguyenVanHao', 'nguyen.hao@daikin.com.vn', 1, 4, '$2y$10$jZXF3mB7hc4ATsTodxeK9usbaN7b6qdjNSh3KDdZpO5Cl4VaQrgpy', 0, NULL, '2018-03-12 05:02:33', NULL, NULL),
(1371, 'LeMinhHuy', 'minhhuy.le@daikin.com.vn', 1, 4, '$2y$10$4PBRum3sHFhsGHYv9hLp6OmCp3J.YS9t61NJYRGkr779agEMX.07u', 0, NULL, '2018-03-12 05:02:33', NULL, NULL),
(1372, 'HuynhNgocQuan', 'ngocquan.huynh@daikin.com.vn', 1, 4, '$2y$10$NK/Cvf61JH1IjRXbeCMQpO/Q/HIewTH2T9ilM0PPR73jfGhkNL3fO', 0, NULL, '2018-03-12 05:02:33', NULL, NULL),
(1373, 'HuynhCongHien', 'conghien.huynh@daikin.com.vn', 1, 4, '$2y$10$qeQWbEHeINUv9gH64PrmkOVk7qzWy.D5LaeUSgeZyvRKJnup9.BDy', 0, NULL, '2018-03-12 05:02:33', NULL, NULL),
(1374, 'TranVanViet', 'viet.tran@daikin.com.vn', 1, 4, '$2y$10$UevCNkKWyUzeWl2HjFF5Xub0oEz5/yQU.Fag5dHHfKzhWbyx.gsCG', 0, NULL, '2018-03-12 05:02:33', NULL, NULL),
(1375, 'NguyenQuangHau', 'quanghau.nguyen@daikin.com.vn', 1, 4, '$2y$10$ZMIITokkFIIfFc056GVQQOlV49e0vMM6edcQcU0.fe5Gy/OQD5yaq', 0, NULL, '2018-03-12 05:02:33', NULL, NULL),
(1376, 'NguyenHoangHuy', 'hoanghuy.nguyen@daikin.com.vn', 1, 4, '$2y$10$OZmwDsmqyL3pqyxpQCqUNOs5ZLAjd.lTHx6FxniKvgsV9t3P/Yx2m', 0, NULL, '2018-03-12 05:02:33', NULL, NULL),
(1377, 'PhamVanDon', 'don.pham@daikin.com.vn', 1, 4, '$2y$10$cmwLsu5pt899.ubDCrj9TOcPUvzRwwzcZ5JheLsWMvSitZk4z362y', 0, NULL, '2018-03-12 05:02:33', NULL, NULL),
(1378, 'VoTanKhiet', 'tankhiet1973@gmail.com', 1, 4, '$2y$10$urC8BUzRjxejjVMktmIdeuhQ2lta8RpuRuSRPUeHJzvY..tmIxBei', 0, NULL, '2018-03-12 05:02:33', NULL, NULL),
(1379, 'PhamThiThuyDuong', 'thuyduong.pham@daikin.com.vn', 1, 4, '$2y$10$bkoctZ7hATm1S2Pde5reAeetpS2HKuxfrugXrdaHfgyST5X5TIrCe', 0, NULL, '2018-03-12 05:02:33', NULL, NULL),
(1380, 'NguyenKhacHung', 'khachung.nguyen@daikin.com.vn', 1, 4, '$2y$10$MaphC9VQCfCXbG93AKj3POTuuesZhAmRaFDvibB0dnTHnyQMpuNi.', 0, NULL, '2018-03-12 05:02:33', NULL, NULL),
(1381, 'VyMinhNgu', 'minhngu.vy@daikin.com.vn', 1, 4, '$2y$10$ougw1zmCrl3DMOY3/ymwkeKFROAXt32UFu3OyC6nKRfA7dneqWoKu', 0, NULL, '2018-03-12 05:02:33', NULL, NULL),
(1382, 'TruongDaiThanh', 'daithanhkhtn@gmail.com', 1, 4, '$2y$10$wog7SdTrSrBvNb8Y9yoJ3OciEKt3DIrPs1jX6.rj6p7PaKmrTgKL.', 0, NULL, '2018-03-12 05:02:33', NULL, NULL),
(1383, 'NguyenHuuTri', 'nguyentri2811@gmail.com', 1, 4, '$2y$10$2EC67MtGWv0Su8moE4lLPOuwovmElpzFU9xKUxl2Mr8XyCblaS9BK', 0, NULL, '2018-03-12 05:02:33', NULL, NULL),
(1384, 'NguyenTanThi', 'thinguyen1095@gmail.com', 1, 4, '$2y$10$OJKwciWkWjLV4pUGCyT.IOq7wOn8ZRo.L2b/gjAfdPHVEDyKdPZwG', 0, NULL, '2018-03-12 05:02:33', NULL, NULL),
(1385, 'IguchiKazuya', 'kazuya.iguchi@daikin.co.jp', 1, 4, '$2y$10$qJ.B4eVPfzuT0zHDAQqx3ufM.qMEVHeg8.WgLcQ5LaBAcUFh6Bt1a', 0, NULL, '2018-03-12 05:02:33', NULL, NULL),
(1386, 'NguyenThiThuyHang', 'thuyhang.nguyen1@daikin.com.vn', 1, 4, '$2y$10$oQi53ywsGjv0KJQM2QheoOCgOYx8fSFUBB6WrjJ4qIdPmkVveOjrG', 0, NULL, '2018-03-12 05:02:33', NULL, NULL),
(1387, 'NguyenDangTin', 'dangtin.nguyen@daikin.com.vn', 1, 4, '$2y$10$a5aX1Sdplzn.bSDfB9W0DujtS77JBcr/jomCOJ7t/Gn5ln.2mHokC', 0, NULL, '2018-03-12 05:02:33', NULL, NULL),
(1388, 'NguyenDuyHoangLoc', '2liftman@gmail.com', 1, 4, '$2y$10$WDlHwfE8wV4394TKAGoRe.k/1NHOum.1Cu6Khw6OIR4z4RaR5P1E6', 0, NULL, '2018-03-12 05:02:33', NULL, NULL),
(1389, 'NguyenDucDuy', 'ducduy.nguyen0492@gmail.com', 1, 4, '$2y$10$/3k1Q8JFNmJu03LtJFnotuTgT1UGWVzJA8YHlmBbwofmh6Sc.iNuC', 0, NULL, '2018-03-12 05:02:33', NULL, NULL),
(1390, 'LeThiThuHuyen', 'thuhuyen.le@daikin.com.vn', 1, 4, '$2y$10$VuePlagA004AO1PFHIyWy.GhWX/mvTVr1dgVa4ysuIUTwAZ2dGh66', 0, NULL, '2018-03-12 05:02:33', NULL, NULL),
(1391, 'TranNgocDiep', 'ngocdiep.tran@daikin.com.vn', 1, 4, '$2y$10$Fe1z8muzMJbaPxk/uHp9PuZ7VgqB2WWPbZ0VWlnmnUpMgczq8O3xS', 0, NULL, '2018-03-12 05:02:33', NULL, NULL),
(1392, 'TranThiDuyenAnh', 'duyenanh.tran@daikin.com.vn', 1, 4, '$2y$10$tqCKLl5SZPSyLlTIKwp1lOLwiMParmc4299P1LeBn2Rlw.SrJLa5G', 0, NULL, '2018-03-12 05:02:33', NULL, NULL),
(1393, 'NguyenTrongNam', 'trongnam.nguyen@daikin.com.vn', 1, 4, '$2y$10$J61En8v2D9Lrobr5fynfAeXUHEBEyFtbFlaEKI86cM2P/v1UTr.ly', 0, NULL, '2018-03-12 05:02:33', NULL, NULL),
(1394, 'NguyenThiThuy', 'thuy.nguyen1@daikin.com.vn', 1, 4, '$2y$10$T1RCEvOkF0aT/iGxGAC2tONicnV3U126Or2ql/vDjR4lGt0vlBzXu', 0, NULL, '2018-03-12 05:02:33', NULL, NULL),
(1395, 'DoanThiHuongGiang', 'huonggiang.doan@daikin.com.vn', 1, 4, '$2y$10$C3iuRLp8QNeGqZAt...bTuCfyZWqRgYbBtGHYJVfEUnVivK8DPAuG', 0, NULL, '2018-03-12 05:02:33', NULL, NULL),
(1396, 'PhamPhuongHieu', 'phuonghieu.pham@daikin.com.vn', 1, 4, '$2y$10$h4PGZ3Q6I0a9vIx4P3MQJ.QLTYq.TKN0oUgGD6yEDa2522xQtQ3KG', 0, NULL, '2018-03-12 05:02:33', NULL, NULL),
(1397, 'HaThiHuyen', 'huyen.ha@daikin.com.vn', 1, 4, '$2y$10$/7RFufDIxnIn6bdSWnPrbe2T05KIbU1tjXwkCf10VOybTxP3OjwPa', 0, NULL, '2018-03-12 05:02:33', NULL, NULL),
(1398, 'NguyenVanHoang', 'hoang.nguyen@daikin.com.vn', 1, 4, '$2y$10$97F9s8x.CbEaYKLB7YM1jewSFSQN2RBd.Ol5tx39QtHluotKljji6', 0, NULL, '2018-03-12 05:02:33', NULL, NULL),
(1399, 'PhamThiPhuongLan', 'phuonglan.pham@daikin.com.vn', 1, 4, '$2y$10$wWwib9Nsx7NCE9urqt8bzOSVVBJirq.uyvyX6pUss3bTLneal/z/m', 0, NULL, '2018-03-12 05:02:33', NULL, NULL),
(1400, 'NguyenTruongTam', 'truongtam.nguyen@daikin.com.vn', 1, 4, '$2y$10$dBe2jz0EIUfVYGYNV6/sLuXr8q5m6Vhi3LsXnGlJZ5OLtpNsdtFNy', 0, NULL, '2018-03-12 05:02:33', NULL, NULL),
(1401, 'HaVanNhan', 'nhan.ha@daikin.com.vn', 1, 4, '$2y$10$zRkrhLSEdhA1FhH./X4M7OH7LjwvYkhIJghQ/s2doL39R5k8m0x8W', 0, NULL, '2018-03-12 05:02:33', NULL, NULL),
(1402, 'PhamVanTan', 'tan.pham@daikin.com.vn', 1, 4, '$2y$10$2YX3FXoXdaA0YvEX7WYDN.rv4T50TYtus4m79gPZoHvvyS/W.1676', 0, NULL, '2018-03-12 05:02:33', NULL, NULL),
(1403, 'TranCongDich', 'congdich.tran@daikin.com.vn', 1, 4, '$2y$10$uHBVtRm6J.y7VjnKPUlXNuZl0J6g4ozhWFdBLo9hBgidESPi7ThN2', 0, NULL, '2018-03-12 05:02:33', NULL, NULL),
(1404, 'NguyenThanhQui', 'thanhquy.nguyen@daikin.com.vn', 1, 4, '$2y$10$o/o.mw1EfJJ38usvOKny4OP/Ivh.A3vQXXPKMllh1WzP/gb4mozry', 0, NULL, '2018-03-12 05:02:33', NULL, NULL),
(1405, 'TruongNgocThienNhi', 'thiennhi.truong@daikin.com.vn', 1, 4, '$2y$10$/7TBMiyWZhlbBbcZlewiFuci4EFhb8uOHR7e9yIQqJfR4HHQ5piG.', 0, NULL, '2018-03-12 05:02:33', NULL, NULL),
(1406, 'LeDuyKhanh', 'duykhanh.le@daikin.com.vn', 1, 4, '$2y$10$QGk/CJNNjWUT4orObutsu.q6IPYI7PpRheRr3gulp3Rmxmeo0zAVC', 0, NULL, '2018-03-12 05:02:33', NULL, NULL),
(1407, 'TranThiThanhThao', 'thao.tran@daikin.com.vn', 1, 4, '$2y$10$o4dMPiG7pzCyEo2mVbvnSeLj2IH2dm24waTF.MgJyl7q2Sb5iFGee', 0, NULL, '2018-03-12 05:02:33', NULL, NULL),
(1408, 'NguyenVoThuNhi', 'thunhi.nguyen@daikin.com.vn', 1, 4, '$2y$10$sC2KAjA5gznyQMbYn0E2Mu2YYL3V1p7uuaRJWCSdVmfwv8PTkvgji', 0, NULL, '2018-03-12 05:02:33', NULL, NULL),
(1409, 'HoangSiDung', 'sidung.hoang@daikin.com.vn', 1, 4, '$2y$10$Lpg6yYnPNLC651j8ly/UMeg7QK23BXCaXfjGJjQpHMZSn5IJDRYpK', 0, NULL, '2018-03-12 05:02:33', NULL, NULL),
(1410, 'LeYenNhi', 'yennhi.le@daikin.com.vn', 1, 4, '$2y$10$0m5E4SJ6zQZmbbpNntRPreCtgLPWFIZtb2wzv4Icg2Ac9GTOLLB6W', 0, NULL, '2018-03-12 05:02:33', NULL, NULL),
(1411, 'TranManhDung', 'manhdung.tran@daikin.com.vn', 1, 4, '$2y$10$plQkprlJcPxnOBy0/Yep2.fehhN80ikqBDkkLj8wQok1uSPac5Hlm', 0, NULL, '2018-03-12 05:02:33', NULL, NULL),
(1412, 'NguyenThiHongCuc', 'hongcuc.nguyen@daikin.com.vn', 1, 4, '$2y$10$YJNJjd8XZ8N9i4jhMm/wsuVSg78JARDHhuKhz4TbysVCZ/s3GwlwW', 0, NULL, '2018-03-12 05:02:33', NULL, NULL),
(1413, 'PhamVanDo', 'do.pham@daikin.com.vn', 1, 4, '$2y$10$z0HTpTpDh0c.YmyKasy5L.pT/fQr7ZCZQiXDaSgFDK/9StbF4UeX2', 0, NULL, '2018-03-12 05:02:33', NULL, NULL),
(1414, 'PhamCongDoanh', 'congdoanh.pham@daikin.com.vn', 1, 4, '$2y$10$1VSLPsYEIUyHz.gxPXOEeO4WAivVcDgWwnbZeqSkDB.eyqG4KuUkO', 0, NULL, '2018-03-12 05:02:33', NULL, NULL),
(1415, 'DangPhanHoaiPhuong', 'hoaiphuong.dang@daikin.com.vn', 1, 4, '$2y$10$4iY6DpMgut8smWGnjzbf..4uZkrotHCzuKBeJa/JTrofxHHnv4.qq', 0, NULL, '2018-03-12 05:02:33', NULL, NULL),
(1416, 'DangHuynhPhuongTrang', 'phuongtrang.dang@daikin.com.vn', 1, 4, '$2y$10$71.iXRn.TyDZpPc283SlRuycTIrImr/EuwneUjcbDU.LBXMUEoDvy', 0, NULL, '2018-03-12 05:02:33', NULL, NULL),
(1417, 'NguyenVanDu', 'du.nguyen@daikin.com.vn', 1, 4, '$2y$10$I1c/7XRLs2eP5JQedStpzuYcqnHMiPB09WCyuvdf61LuCjoI5/E1u', 0, NULL, '2018-03-12 05:02:33', NULL, NULL),
(1418, 'NguyenThiLeHa', 'leha.nguyen@daikin.com.vn', 1, 4, '$2y$10$DDcp4psZ9BDNaNeLq7Qpi..nN0ndpyEDMwlSso3uOa4i9MtZNe1i2', 0, NULL, '2018-03-12 05:02:33', NULL, NULL),
(1419, 'NguyenNgocDanNhu', 'dannhu.nguyen@daikin.com.vn', 1, 4, '$2y$10$SdEYb.XJlgAUPWUub0N.T.hqSfI15sLxFOy8P83n4J39I3WIWtnqu', 0, NULL, '2018-03-12 05:02:33', NULL, NULL),
(1420, 'TruongThiTramAnh', 'tramanh.truong@daikin.com.vn', 1, 4, '$2y$10$f.Cg.HnFyZF06FadXpRHTuHQ/wa4EFXO0d7VUpmzYVdS5Y5.gplDq', 0, NULL, '2018-03-12 05:02:33', NULL, NULL),
(1421, 'DoVanVan', 'tuanhai200470@yahoo.com.vn', 1, 4, '$2y$10$Mw1wjp1CndC0TLkSmjAmLuf2JWKAnrOS9SS257jcltdlCpjaVQF0a', 0, NULL, '2018-03-12 05:02:33', NULL, NULL),
(1422, 'LeVanLoc', 'Levanloc271969@gmail.com', 1, 4, '$2y$10$jK7jtPevhCVd0tDsJQKDkOswT1RdzkvnL6wJSC5DbUCqUVHxjl1XS', 0, NULL, '2018-03-12 05:02:33', NULL, NULL),
(1423, 'TranThiThaoQuyen', 'thaoquyen.tran@daikin.com.vn', 1, 4, '$2y$10$KnK1V.qDzdLyncKskSUoq.1RUhrtUhoNvOpnmwZN89jp8c.dyty66', 0, NULL, '2018-03-12 05:02:33', NULL, NULL),
(1424, 'NguyenDangPhuongThao', 'phuongthao.nguyen@daikin.com.vn', 1, 4, '$2y$10$Kc0u3Gk4K.d7nhlL46tPdOoNhCefyvR7roZCpboEu30tX9I6hheMy', 0, NULL, '2018-03-12 05:02:33', NULL, NULL),
(1425, 'HoangTheLan', 'thelan.hoang@daikin.com.vn', 1, 4, '$2y$10$qsM6lS01nvXQ67vfoYkQZuww6HzyEnEha7pK3nmWZ3N.tm7GvA0Ia', 0, NULL, '2018-03-12 05:02:33', NULL, NULL),
(1426, 'DoPhiHung', 'phihung.do@daikin.com.vn', 1, 4, '$2y$10$xbZOjuPQueKJ7QEaBYeade.SSPblNiN585iCRwXJTuWT2ncp8kalS', 0, NULL, '2018-03-12 05:02:33', NULL, NULL),
(1427, 'DinhThiNhuan', 'nhuan.dinh@daikin.com.vn', 1, 4, '$2y$10$TwJ9P/.xPHkPwi4szAuKzugZ8TXdMax/d5tQB.RwLvhY5IOpibMni', 0, NULL, '2018-03-12 05:02:33', NULL, NULL),
(1428, 'NgoHoangTrung', 'hoangtrung.ngo@daikin.com.vn', 1, 4, '$2y$10$6fTHc8rdej9vEAVk79ysmuWTKYVpakTnIYzlDFUdC2Lf8qyLbQ60a', 0, NULL, '2018-03-12 05:02:33', NULL, NULL),
(1429, 'PhamVanLinh', 'linh.pham1@daikin.com.vn', 1, 4, '$2y$10$g2v/w2UJPeb0zQi5SB5SY.6vwMX49EGdtvtXGpZ6Nr8f2RyJN3/Nm', 0, NULL, '2018-03-12 05:02:33', NULL, NULL),
(1430, 'NgoHoangPhuongThao', 'phuongthao.ngo@daikin.com.vn', 1, 4, '$2y$10$NOlu8iLUFcd/fBbysHe52OqRP4I4xL6YSg4x88LwB0G9e1TT9NjQy', 0, NULL, '2018-03-12 05:02:33', NULL, NULL),
(1431, 'PhanThiKieuTrang', 'kieutrang.phan@daikin.com.vn', 1, 4, '$2y$10$jP446J49SaNtzCp25JCCs..DQUu3yx/5IiHL/YJq8l3howg41epS.', 0, NULL, '2018-03-12 05:02:33', NULL, NULL),
(1432, 'NguyenHuuLuan', 'huuluan.nguyen@daikin.com.vn', 1, 4, '$2y$10$4wykozdDaLRIZJ/TOG31CeVZLjPr9YwxqjDC5LA7SYgqGjomb1MIK', 0, NULL, '2018-03-12 05:02:33', NULL, NULL),
(1433, 'PhamDucTuan', 'ductuan.pham@daikin.com.vn', 1, 4, '$2y$10$XK1sxD2sNnxdw7Jgwj9X6uPWKhRJCfg8FDtkuyTK1IxM3Q/eF6chm', 0, NULL, '2018-03-12 05:02:33', NULL, NULL),
(1434, 'LeThanhNghia', 'thanhnghia.le@daikin.com.vn', 1, 4, '$2y$10$GxZH3bSdAE/VROQTp4tdWOR3m1eRwFWsX8JVeFdoqP3lJCV1cua/G', 0, NULL, '2018-03-12 05:02:33', NULL, NULL),
(1435, 'TranHoangDien', 'hoangdien.tran@daikin.com.vn', 1, 4, '$2y$10$1Shq4JOUFAjH16h9//s6x.t7Gi/2CP6Wo48laPNuzttVcLBcCJsPi', 0, NULL, '2018-03-12 05:02:33', NULL, NULL),
(1436, 'PhanVanTan', 'tan.phan1@daikin.com.vn', 1, 4, '$2y$10$RZASpX.QNu9uJr4ACl/v3.whDGLinOMBgvbBxOuwwCwQyOYImy9Sq', 0, NULL, '2018-03-12 05:02:33', NULL, NULL),
(1437, 'DangHuuVinh', 'huuvinh.dang@daikin.com.vn', 1, 4, '$2y$10$TuYmU/RYmxJx4KD2nD7wuOz3SyaPb64cdTiQSDKS2ipD3xXs8y52C', 0, NULL, '2018-03-12 05:02:33', NULL, NULL),
(1438, 'NguyenPhuocHoa', 'phuochoa.nguyen@daikin.com.vn', 1, 4, '$2y$10$TxRScaQNs8dkTcxDtbByYuqDf2tRUx4oBRE1PBArTU5i4IdSrGnAO', 0, NULL, '2018-03-12 05:02:33', NULL, NULL),
(1439, 'DoanTheDangKhoa', 'dangkhoa.doan@daikin.com.vn', 1, 4, '$2y$10$nLyckmxMcUcwsKg2yW4Z0eT74iptZsJTTg.YimEUFDfTAcQ1qj8K.', 0, NULL, '2018-03-12 05:02:33', NULL, NULL),
(1440, 'TranVanNgan', 'ngan.tran@daikin.com.vn', 1, 4, '$2y$10$A5dm8iUVlvAWZ8U.0tBhleYs0K05ATl/qrQLm1z7DfbTlW24K9P.G', 0, NULL, '2018-03-12 05:02:33', NULL, NULL),
(1441, 'VoHuynhThanhThien', 'thanhthien.vo@daikin.com.vn', 1, 4, '$2y$10$z9oyysN9ncK7p1ZaKdaJ3OljijgO5RPmhthCpFsvxgKGDXuplu2Um', 0, NULL, '2018-03-12 05:02:33', NULL, NULL),
(1442, 'NguyenThanhNinh', 'thanhninh.nguyen@daikin.com.vn', 1, 4, '$2y$10$Guzkd18JTIuoy4SYpbe18.HyArprQ5NZYh8QJeuY4jwGazZz./eTi', 0, NULL, '2018-03-12 05:02:33', '2018-04-17 07:14:09', '2018-04-17 07:14:09'),
(1443, 'PhamLeMan', 'leman.pham@daikin.com.vn', 1, 4, '$2y$10$96x4LKkgz8RRUhNf0Bn1kuvEE8f03I7QjsgqTURtuVdwx4WpTAtKu', 0, NULL, '2018-03-12 05:02:33', '2018-04-17 07:14:09', '2018-04-17 07:14:09'),
(1444, 'LyQuocVinh', 'quocvinh.ly@daikin.com.vn', 1, 4, '$2y$10$7h5tKR1AM/k3qW8cNP3QvePsf/c.4zule.X1rynvDz4b4165T01Eu', 0, NULL, '2018-03-12 05:02:33', '2018-04-17 07:14:09', '2018-04-17 07:14:09'),
(1445, 'NguyenDangVinh', 'dangvinh.nguyen@daikin.com.vn', 1, 4, '$2y$10$Abf2Pqp3nThsGL5qz1TXjuPQYNAVJYTLwFDaXYKrpfT3hBlhCKwOS', 0, NULL, '2018-03-12 05:02:33', '2018-04-17 07:14:09', '2018-04-17 07:14:09'),
(1446, 'PhanThiBaoOanh', 'baooanh.phan@daikin.com.vn', 1, 4, '$2y$10$.GHE9EtBjBRA4pE7RvG8/ObghyVqYDPGAGO3iJoi.F5ClyQJ9WTje', 0, NULL, '2018-03-12 05:02:33', '2018-04-17 07:14:09', '2018-04-17 07:14:09'),
(1447, 'LeThiTuongVi', 'tuongvi.le@daikin.com.vn', 1, 4, '$2y$10$IkM.a6qi5Fq3h1psSH5xqu5aYIskxOry1ECZB6nzlQ41D1QEjROXu', 0, NULL, '2018-03-12 05:02:33', '2018-04-17 07:12:19', '2018-04-17 07:12:19'),
(1448, 'DoCongThanh', 'congthanh.do@daikin.com.vn', 1, 4, '$2y$10$uZKtS6A8wpTCNuiQ0PrlfOXMJIFu9ezusQ1a5NY8ibc1/B4BDCe0m', 0, NULL, '2018-03-12 05:02:33', '2018-04-17 07:12:19', '2018-04-17 07:12:19'),
(1449, 'a', 'manhhuong1.dau@daikin.com.vn', 1, 4, '$2y$10$V091e7/MM3ihPeYhsesNKeNfsH2eGYK3NIDsUc2txAbNVMDOf/0ou', 0, NULL, NULL, '2018-04-17 07:12:19', '2018-04-17 07:12:19'),
(1450, 'b', 'ngocsy.cao1@daikin.com.vn', 1, 4, '$2y$10$7Q2L/Wntgg8gUQ1XkMqcGu1R1cDj7TmcChlV97HyImPTIjAcITLAy', 0, NULL, NULL, '2018-04-17 07:12:19', '2018-04-17 07:12:19'),
(1451, 'c', 'vu.pham1@daikin.com.vn', 1, 4, '$2y$10$ZXAui0ak.fK0BRO8pWOlf.7Pya6lACad6Lf.wkhnvb4ZFGRmLtG2S', 0, NULL, NULL, '2018-04-17 07:12:19', '2018-04-17 07:12:19'),
(1452, 'd', 'nguy.nguyen1@daikin.com.vn', 1, 4, '$2y$10$N/X5fgu6TwNZYo7XiEzxLu51zXlGW.J7AB6cr7iWevVnKaPXHrk4a', 0, NULL, NULL, '2018-04-17 07:12:19', '2018-04-17 07:12:19'),
(1453, 'e', 'hung.hoan1g@daikin.com.vn', 1, 4, '$2y$10$hK4gj8Ys9oIiKdDvByeeheSyWEEyCmUgH0oEbWSyelyBNbvTDH8NK', 0, NULL, NULL, '2018-04-17 07:12:19', '2018-04-17 07:12:19'),
(1454, 'f', 'quocduc.n1guyen@daikin.com.vn', 1, 4, '$2y$10$q.EPn75ml3s/ypkkftpNSO3YoYXQHXaombIHGn0oUwYi3.Roy10dy', 0, NULL, NULL, '2018-04-17 07:12:19', '2018-04-17 07:12:19'),
(1455, 'g', 'syquy.luo1ng@daikin.com.vn', 1, 4, '$2y$10$WhYgvZ0qzDlOV.yjTfTzrOv2fEOxrCh1LUf7u3sVyP8ze7ctsnOcG', 0, NULL, NULL, '2018-04-17 07:12:19', '2018-04-17 07:12:19'),
(1456, 'h', 'minhtrang1.nguyen@daikin.com.vn', 1, 4, '$2y$10$y46rXyeSAtgwE8In.wpHku2yIw5YGGdLE2K4Tp0b7wlc.XtOx/J7.', 0, NULL, NULL, '2018-04-17 07:12:19', '2018-04-17 07:12:19');

-- --------------------------------------------------------

--
-- Stand-in structure for view `view_employee`
--
CREATE TABLE `view_employee` (
`user_id` int(10) unsigned
,`name` varchar(255)
,`email` varchar(255)
,`status` int(11)
,`role_id` int(11)
,`employee_dept_code` varchar(255)
,`current_code` varchar(255)
,`full_name` varchar(255)
,`phone` varchar(191)
,`gender` int(11)
,`id_card` varchar(191)
,`birthday` date
,`join_date` date
,`branch_name` varchar(128)
,`division_name` varchar(128)
,`position_name` varchar(128)
,`created_at` timestamp
,`updated_at` timestamp
,`deleted_at` timestamp
,`departments` varchar(256)
);

-- --------------------------------------------------------

--
-- Structure for view `view_employee`
--
DROP TABLE IF EXISTS `view_employee`;

CREATE ALGORITHM=UNDEFINED DEFINER=`vitop_ssap_dev`@`%` SQL SECURITY DEFINER VIEW `view_employee`  AS  select `users`.`id` AS `user_id`,`users`.`name` AS `name`,`users`.`email` AS `email`,`users`.`status` AS `status`,`users`.`role_id` AS `role_id`,`api_employee`.`dept_code` AS `employee_dept_code`,`api_employee`.`current_code` AS `current_code`,`api_employee`.`full_name` AS `full_name`,`api_employee`.`phone` AS `phone`,`api_employee`.`gender` AS `gender`,`api_employee`.`id_card` AS `id_card`,`api_employee`.`birthday` AS `birthday`,`api_employee`.`join_date` AS `join_date`,`api_branch`.`name` AS `branch_name`,`api_division`.`name` AS `division_name`,`api_position`.`name` AS `position_name`,`users`.`created_at` AS `created_at`,`users`.`updated_at` AS `updated_at`,`users`.`deleted_at` AS `deleted_at`,concat(group_concat(`api_department`.`name` separator ',')) AS `departments` from ((((((`users` join `api_employee` on((`users`.`id` = `api_employee`.`user_id`))) join `api_branch` on((`api_branch`.`id` = `api_employee`.`branch_id`))) join `api_division` on((`api_division`.`id` = `api_employee`.`division_id`))) join `api_position` on((`api_position`.`id` = `api_employee`.`position_id`))) join `api_employee_department` on((`api_employee`.`id` = `api_employee_department`.`employee_id`))) join `api_department` on((`api_department`.`id` = `api_employee_department`.`department_id`))) group by `users`.`id` ;

--
-- Indexes for dumped tables
--

--
-- Indexes for table `api_active_log`
--
ALTER TABLE `api_active_log`
  ADD PRIMARY KEY (`id`);

--
-- Indexes for table `api_answer`
--
ALTER TABLE `api_answer`
  ADD PRIMARY KEY (`id`),
  ADD KEY `api_answer_id_question_foreign` (`id_question`);

--
-- Indexes for table `api_answer_language`
--
ALTER TABLE `api_answer_language`
  ADD PRIMARY KEY (`id`),
  ADD KEY `api_answer_language_id_answer_foreign` (`id_answer`);

--
-- Indexes for table `api_area`
--
ALTER TABLE `api_area`
  ADD PRIMARY KEY (`id`);

--
-- Indexes for table `api_branch`
--
ALTER TABLE `api_branch`
  ADD PRIMARY KEY (`id`);

--
-- Indexes for table `api_campaign`
--
ALTER TABLE `api_campaign`
  ADD PRIMARY KEY (`id`);

--
-- Indexes for table `api_department`
--
ALTER TABLE `api_department`
  ADD PRIMARY KEY (`id`);

--
-- Indexes for table `api_division`
--
ALTER TABLE `api_division`
  ADD PRIMARY KEY (`id`);

--
-- Indexes for table `api_employee`
--
ALTER TABLE `api_employee`
  ADD PRIMARY KEY (`id`),
  ADD KEY `api_employee_user_id_foreign` (`user_id`),
  ADD KEY `api_employee_branch_id_foreign` (`branch_id`),
  ADD KEY `api_employee_division_id_foreign` (`division_id`),
  ADD KEY `api_employee_position_id_foreign` (`position_id`);

--
-- Indexes for table `api_employee_department`
--
ALTER TABLE `api_employee_department`
  ADD PRIMARY KEY (`id`);

--
-- Indexes for table `api_faq`
--
ALTER TABLE `api_faq`
  ADD PRIMARY KEY (`id`);

--
-- Indexes for table `api_kpi`
--
ALTER TABLE `api_kpi`
  ADD PRIMARY KEY (`id`);

--
-- Indexes for table `api_kpi_action_plan`
--
ALTER TABLE `api_kpi_action_plan`
  ADD PRIMARY KEY (`id`),
  ADD KEY `api_kpi_action_plan_sub_kpi_id_foreign` (`sub_kpi_id`);

--
-- Indexes for table `api_kpi_action_plan_comments`
--
ALTER TABLE `api_kpi_action_plan_comments`
  ADD PRIMARY KEY (`id`);

--
-- Indexes for table `api_log_send_email_evaluator_kpi`
--
ALTER TABLE `api_log_send_email_evaluator_kpi`
  ADD PRIMARY KEY (`id`);

--
-- Indexes for table `api_period`
--
ALTER TABLE `api_period`
  ADD PRIMARY KEY (`id`);

--
-- Indexes for table `api_position`
--
ALTER TABLE `api_position`
  ADD PRIMARY KEY (`id`);

--
-- Indexes for table `api_question`
--
ALTER TABLE `api_question`
  ADD PRIMARY KEY (`id`),
  ADD KEY `api_question_id_survey_foreign` (`id_survey`);

--
-- Indexes for table `api_question_comment`
--
ALTER TABLE `api_question_comment`
  ADD PRIMARY KEY (`id`);

--
-- Indexes for table `api_question_language`
--
ALTER TABLE `api_question_language`
  ADD PRIMARY KEY (`id`),
  ADD KEY `api_question_language_id_question_foreign` (`id_question`);

--
-- Indexes for table `api_receiver_list`
--
ALTER TABLE `api_receiver_list`
  ADD PRIMARY KEY (`id`);

--
-- Indexes for table `api_receiver_list_detail`
--
ALTER TABLE `api_receiver_list_detail`
  ADD PRIMARY KEY (`id`),
  ADD KEY `api_receiver_list_detail_id_receiver_list_foreign` (`id_receiver_list`),
  ADD KEY `api_receiver_list_detail_user_id_foreign` (`user_id`);

--
-- Indexes for table `api_role`
--
ALTER TABLE `api_role`
  ADD PRIMARY KEY (`id`);

--
-- Indexes for table `api_save_result_kpi_action_plan`
--
ALTER TABLE `api_save_result_kpi_action_plan`
  ADD PRIMARY KEY (`id`);

--
-- Indexes for table `api_save_result_kpi_sub_kpi`
--
ALTER TABLE `api_save_result_kpi_sub_kpi`
  ADD PRIMARY KEY (`id`);

--
-- Indexes for table `api_sub_kpi`
--
ALTER TABLE `api_sub_kpi`
  ADD PRIMARY KEY (`id`),
  ADD KEY `api_sub_kpi_kpi_id_foreign` (`kpi_id`);

--
-- Indexes for table `api_sub_kpi_comments`
--
ALTER TABLE `api_sub_kpi_comments`
  ADD PRIMARY KEY (`id`);

--
-- Indexes for table `api_survey`
--
ALTER TABLE `api_survey`
  ADD PRIMARY KEY (`id`),
  ADD KEY `api_survey_campaign_id_foreign` (`campaign_id`),
  ADD KEY `api_survey_receiver_list_id_foreign` (`receiver_list_id`);

--
-- Indexes for table `api_survey_approver_permission`
--
ALTER TABLE `api_survey_approver_permission`
  ADD PRIMARY KEY (`id`);

--
-- Indexes for table `api_survey_comment`
--
ALTER TABLE `api_survey_comment`
  ADD PRIMARY KEY (`id`);

--
-- Indexes for table `api_survey_creator_permission`
--
ALTER TABLE `api_survey_creator_permission`
  ADD PRIMARY KEY (`id`);

--
-- Indexes for table `api_survey_language`
--
ALTER TABLE `api_survey_language`
  ADD PRIMARY KEY (`id`),
  ADD KEY `api_survey_language_id_survey_foreign` (`id_survey`);

--
-- Indexes for table `api_survey_question_comment`
--
ALTER TABLE `api_survey_question_comment`
  ADD PRIMARY KEY (`id`);

--
-- Indexes for table `api_survey_result`
--
ALTER TABLE `api_survey_result`
  ADD PRIMARY KEY (`id`),
  ADD KEY `api_survey_result_id_user_foreign` (`id_user`),
  ADD KEY `api_survey_result_id_survey_foreign` (`id_survey`);

--
-- Indexes for table `api_survey_result_detail`
--
ALTER TABLE `api_survey_result_detail`
  ADD PRIMARY KEY (`id`),
  ADD KEY `api_survey_result_detail_id_question_foreign` (`id_question`),
  ADD KEY `api_survey_result_detail_id_survey_result_foreign` (`id_survey_result`),
  ADD KEY `api_survey_result_detail_answer_id_foreign` (`answer_id`);

--
-- Indexes for table `cache`
--
ALTER TABLE `cache`
  ADD UNIQUE KEY `cache_key_unique` (`key`);

--
-- Indexes for table `migrations`
--
ALTER TABLE `migrations`
  ADD PRIMARY KEY (`id`);

--
-- Indexes for table `oauth_providers`
--
ALTER TABLE `oauth_providers`
  ADD PRIMARY KEY (`id`),
  ADD KEY `oauth_providers_user_id_foreign` (`user_id`),
  ADD KEY `oauth_providers_provider_user_id_index` (`provider_user_id`);

--
-- Indexes for table `password_resets`
--
ALTER TABLE `password_resets`
  ADD KEY `password_resets_email_index` (`email`);

--
-- Indexes for table `sessions`
--
ALTER TABLE `sessions`
  ADD UNIQUE KEY `sessions_id_unique` (`id`);

--
-- Indexes for table `users`
--
ALTER TABLE `users`
  ADD PRIMARY KEY (`id`),
  ADD UNIQUE KEY `users_email_unique` (`email`);

--
-- AUTO_INCREMENT for dumped tables
--

--
-- AUTO_INCREMENT for table `api_active_log`
--
ALTER TABLE `api_active_log`
  MODIFY `id` int(10) UNSIGNED NOT NULL AUTO_INCREMENT, AUTO_INCREMENT=1494;
--
-- AUTO_INCREMENT for table `api_answer`
--
ALTER TABLE `api_answer`
  MODIFY `id` int(10) UNSIGNED NOT NULL AUTO_INCREMENT, AUTO_INCREMENT=239;
--
-- AUTO_INCREMENT for table `api_answer_language`
--
ALTER TABLE `api_answer_language`
  MODIFY `id` int(10) UNSIGNED NOT NULL AUTO_INCREMENT, AUTO_INCREMENT=477;
--
-- AUTO_INCREMENT for table `api_area`
--
ALTER TABLE `api_area`
  MODIFY `id` int(10) UNSIGNED NOT NULL AUTO_INCREMENT, AUTO_INCREMENT=12;
--
-- AUTO_INCREMENT for table `api_branch`
--
ALTER TABLE `api_branch`
  MODIFY `id` int(10) UNSIGNED NOT NULL AUTO_INCREMENT, AUTO_INCREMENT=96;
--
-- AUTO_INCREMENT for table `api_campaign`
--
ALTER TABLE `api_campaign`
  MODIFY `id` int(10) UNSIGNED NOT NULL AUTO_INCREMENT, AUTO_INCREMENT=49;
--
-- AUTO_INCREMENT for table `api_department`
--
ALTER TABLE `api_department`
  MODIFY `id` int(10) UNSIGNED NOT NULL AUTO_INCREMENT, AUTO_INCREMENT=60;
--
-- AUTO_INCREMENT for table `api_division`
--
ALTER TABLE `api_division`
  MODIFY `id` int(10) UNSIGNED NOT NULL AUTO_INCREMENT, AUTO_INCREMENT=85;
--
-- AUTO_INCREMENT for table `api_employee`
--
ALTER TABLE `api_employee`
  MODIFY `id` int(10) UNSIGNED NOT NULL AUTO_INCREMENT, AUTO_INCREMENT=1437;
--
-- AUTO_INCREMENT for table `api_employee_department`
--
ALTER TABLE `api_employee_department`
  MODIFY `id` int(10) UNSIGNED NOT NULL AUTO_INCREMENT, AUTO_INCREMENT=1443;
--
-- AUTO_INCREMENT for table `api_faq`
--
ALTER TABLE `api_faq`
  MODIFY `id` int(10) UNSIGNED NOT NULL AUTO_INCREMENT, AUTO_INCREMENT=8;
--
-- AUTO_INCREMENT for table `api_kpi`
--
ALTER TABLE `api_kpi`
  MODIFY `id` int(10) UNSIGNED NOT NULL AUTO_INCREMENT, AUTO_INCREMENT=125;
--
-- AUTO_INCREMENT for table `api_kpi_action_plan`
--
ALTER TABLE `api_kpi_action_plan`
  MODIFY `id` int(10) UNSIGNED NOT NULL AUTO_INCREMENT, AUTO_INCREMENT=267;
--
-- AUTO_INCREMENT for table `api_kpi_action_plan_comments`
--
ALTER TABLE `api_kpi_action_plan_comments`
  MODIFY `id` int(10) UNSIGNED NOT NULL AUTO_INCREMENT, AUTO_INCREMENT=14;
--
-- AUTO_INCREMENT for table `api_log_send_email_evaluator_kpi`
--
ALTER TABLE `api_log_send_email_evaluator_kpi`
  MODIFY `id` int(10) UNSIGNED NOT NULL AUTO_INCREMENT;
--
-- AUTO_INCREMENT for table `api_period`
--
ALTER TABLE `api_period`
  MODIFY `id` int(10) UNSIGNED NOT NULL AUTO_INCREMENT, AUTO_INCREMENT=18;
--
-- AUTO_INCREMENT for table `api_position`
--
ALTER TABLE `api_position`
  MODIFY `id` int(10) UNSIGNED NOT NULL AUTO_INCREMENT, AUTO_INCREMENT=61;
--
-- AUTO_INCREMENT for table `api_question`
--
ALTER TABLE `api_question`
  MODIFY `id` int(10) UNSIGNED NOT NULL AUTO_INCREMENT, AUTO_INCREMENT=212;
--
-- AUTO_INCREMENT for table `api_question_comment`
--
ALTER TABLE `api_question_comment`
  MODIFY `id` int(10) UNSIGNED NOT NULL AUTO_INCREMENT, AUTO_INCREMENT=41;
--
-- AUTO_INCREMENT for table `api_question_language`
--
ALTER TABLE `api_question_language`
  MODIFY `id` int(10) UNSIGNED NOT NULL AUTO_INCREMENT, AUTO_INCREMENT=403;
--
-- AUTO_INCREMENT for table `api_receiver_list`
--
ALTER TABLE `api_receiver_list`
  MODIFY `id` int(10) UNSIGNED NOT NULL AUTO_INCREMENT, AUTO_INCREMENT=38;
--
-- AUTO_INCREMENT for table `api_receiver_list_detail`
--
ALTER TABLE `api_receiver_list_detail`
  MODIFY `id` int(10) UNSIGNED NOT NULL AUTO_INCREMENT, AUTO_INCREMENT=250;
--
-- AUTO_INCREMENT for table `api_role`
--
ALTER TABLE `api_role`
  MODIFY `id` int(10) UNSIGNED NOT NULL AUTO_INCREMENT, AUTO_INCREMENT=6;
--
-- AUTO_INCREMENT for table `api_save_result_kpi_action_plan`
--
ALTER TABLE `api_save_result_kpi_action_plan`
  MODIFY `id` int(10) UNSIGNED NOT NULL AUTO_INCREMENT, AUTO_INCREMENT=400;
--
-- AUTO_INCREMENT for table `api_save_result_kpi_sub_kpi`
--
ALTER TABLE `api_save_result_kpi_sub_kpi`
  MODIFY `id` int(10) UNSIGNED NOT NULL AUTO_INCREMENT, AUTO_INCREMENT=227;
--
-- AUTO_INCREMENT for table `api_sub_kpi`
--
ALTER TABLE `api_sub_kpi`
  MODIFY `id` int(10) UNSIGNED NOT NULL AUTO_INCREMENT, AUTO_INCREMENT=198;
--
-- AUTO_INCREMENT for table `api_sub_kpi_comments`
--
ALTER TABLE `api_sub_kpi_comments`
  MODIFY `id` int(10) UNSIGNED NOT NULL AUTO_INCREMENT, AUTO_INCREMENT=7;
--
-- AUTO_INCREMENT for table `api_survey`
--
ALTER TABLE `api_survey`
  MODIFY `id` int(10) UNSIGNED NOT NULL AUTO_INCREMENT, AUTO_INCREMENT=87;
--
-- AUTO_INCREMENT for table `api_survey_approver_permission`
--
ALTER TABLE `api_survey_approver_permission`
  MODIFY `id` int(10) UNSIGNED NOT NULL AUTO_INCREMENT, AUTO_INCREMENT=171;
--
-- AUTO_INCREMENT for table `api_survey_comment`
--
ALTER TABLE `api_survey_comment`
  MODIFY `id` int(10) UNSIGNED NOT NULL AUTO_INCREMENT, AUTO_INCREMENT=16;
--
-- AUTO_INCREMENT for table `api_survey_creator_permission`
--
ALTER TABLE `api_survey_creator_permission`
  MODIFY `id` int(10) UNSIGNED NOT NULL AUTO_INCREMENT, AUTO_INCREMENT=209;
--
-- AUTO_INCREMENT for table `api_survey_language`
--
ALTER TABLE `api_survey_language`
  MODIFY `id` int(10) UNSIGNED NOT NULL AUTO_INCREMENT, AUTO_INCREMENT=121;
--
-- AUTO_INCREMENT for table `api_survey_question_comment`
--
ALTER TABLE `api_survey_question_comment`
  MODIFY `id` int(10) UNSIGNED NOT NULL AUTO_INCREMENT;
--
-- AUTO_INCREMENT for table `api_survey_result`
--
ALTER TABLE `api_survey_result`
  MODIFY `id` int(10) UNSIGNED NOT NULL AUTO_INCREMENT, AUTO_INCREMENT=28;
--
-- AUTO_INCREMENT for table `api_survey_result_detail`
--
ALTER TABLE `api_survey_result_detail`
  MODIFY `id` int(10) UNSIGNED NOT NULL AUTO_INCREMENT, AUTO_INCREMENT=130;
--
-- AUTO_INCREMENT for table `migrations`
--
ALTER TABLE `migrations`
  MODIFY `id` int(10) UNSIGNED NOT NULL AUTO_INCREMENT, AUTO_INCREMENT=105;
--
-- AUTO_INCREMENT for table `oauth_providers`
--
ALTER TABLE `oauth_providers`
  MODIFY `id` int(10) UNSIGNED NOT NULL AUTO_INCREMENT;
--
-- AUTO_INCREMENT for table `users`
--
ALTER TABLE `users`
  MODIFY `id` int(10) UNSIGNED NOT NULL AUTO_INCREMENT, AUTO_INCREMENT=1457;
--
-- Constraints for dumped tables
--

--
-- Constraints for table `api_answer`
--
ALTER TABLE `api_answer`
  ADD CONSTRAINT `api_answer_id_question_foreign` FOREIGN KEY (`id_question`) REFERENCES `api_question` (`id`) ON DELETE CASCADE;

--
-- Constraints for table `api_answer_language`
--
ALTER TABLE `api_answer_language`
  ADD CONSTRAINT `api_answer_language_id_answer_foreign` FOREIGN KEY (`id_answer`) REFERENCES `api_answer` (`id`) ON DELETE CASCADE;

--
-- Constraints for table `api_employee`
--
ALTER TABLE `api_employee`
  ADD CONSTRAINT `api_employee_branch_id_foreign` FOREIGN KEY (`branch_id`) REFERENCES `api_branch` (`id`) ON DELETE CASCADE,
  ADD CONSTRAINT `api_employee_division_id_foreign` FOREIGN KEY (`division_id`) REFERENCES `api_division` (`id`) ON DELETE CASCADE,
  ADD CONSTRAINT `api_employee_position_id_foreign` FOREIGN KEY (`position_id`) REFERENCES `api_position` (`id`) ON DELETE CASCADE,
  ADD CONSTRAINT `api_employee_user_id_foreign` FOREIGN KEY (`user_id`) REFERENCES `users` (`id`);

--
-- Constraints for table `api_kpi_action_plan`
--
ALTER TABLE `api_kpi_action_plan`
  ADD CONSTRAINT `api_kpi_action_plan_sub_kpi_id_foreign` FOREIGN KEY (`sub_kpi_id`) REFERENCES `api_sub_kpi` (`id`) ON DELETE CASCADE;

--
-- Constraints for table `api_question`
--
ALTER TABLE `api_question`
  ADD CONSTRAINT `api_question_id_survey_foreign` FOREIGN KEY (`id_survey`) REFERENCES `api_survey` (`id`) ON DELETE CASCADE;

--
-- Constraints for table `api_question_language`
--
ALTER TABLE `api_question_language`
  ADD CONSTRAINT `api_question_language_id_question_foreign` FOREIGN KEY (`id_question`) REFERENCES `api_question` (`id`) ON DELETE CASCADE;

--
-- Constraints for table `api_receiver_list_detail`
--
ALTER TABLE `api_receiver_list_detail`
  ADD CONSTRAINT `api_receiver_list_detail_id_receiver_list_foreign` FOREIGN KEY (`id_receiver_list`) REFERENCES `api_receiver_list` (`id`) ON DELETE CASCADE,
  ADD CONSTRAINT `api_receiver_list_detail_user_id_foreign` FOREIGN KEY (`user_id`) REFERENCES `users` (`id`) ON DELETE CASCADE;

--
-- Constraints for table `api_sub_kpi`
--
ALTER TABLE `api_sub_kpi`
  ADD CONSTRAINT `api_sub_kpi_kpi_id_foreign` FOREIGN KEY (`kpi_id`) REFERENCES `api_kpi` (`id`) ON DELETE CASCADE;

--
-- Constraints for table `api_survey`
--
ALTER TABLE `api_survey`
  ADD CONSTRAINT `api_survey_campaign_id_foreign` FOREIGN KEY (`campaign_id`) REFERENCES `api_campaign` (`id`),
  ADD CONSTRAINT `api_survey_receiver_list_id_foreign` FOREIGN KEY (`receiver_list_id`) REFERENCES `api_receiver_list` (`id`) ON DELETE CASCADE;

--
-- Constraints for table `api_survey_language`
--
ALTER TABLE `api_survey_language`
  ADD CONSTRAINT `api_survey_language_id_survey_foreign` FOREIGN KEY (`id_survey`) REFERENCES `api_survey` (`id`) ON DELETE CASCADE;

--
-- Constraints for table `api_survey_result`
--
ALTER TABLE `api_survey_result`
  ADD CONSTRAINT `api_survey_result_id_survey_foreign` FOREIGN KEY (`id_survey`) REFERENCES `api_survey` (`id`) ON DELETE CASCADE,
  ADD CONSTRAINT `api_survey_result_id_user_foreign` FOREIGN KEY (`id_user`) REFERENCES `users` (`id`) ON DELETE CASCADE;

--
-- Constraints for table `api_survey_result_detail`
--
ALTER TABLE `api_survey_result_detail`
  ADD CONSTRAINT `api_survey_result_detail_id_question_foreign` FOREIGN KEY (`id_question`) REFERENCES `api_question` (`id`) ON DELETE CASCADE,
  ADD CONSTRAINT `api_survey_result_detail_id_survey_result_foreign` FOREIGN KEY (`id_survey_result`) REFERENCES `api_survey_result` (`id`) ON DELETE CASCADE;

--
-- Constraints for table `oauth_providers`
--
ALTER TABLE `oauth_providers`
  ADD CONSTRAINT `oauth_providers_user_id_foreign` FOREIGN KEY (`user_id`) REFERENCES `users` (`id`) ON DELETE CASCADE;

/*!40101 SET CHARACTER_SET_CLIENT=@OLD_CHARACTER_SET_CLIENT */;
/*!40101 SET CHARACTER_SET_RESULTS=@OLD_CHARACTER_SET_RESULTS */;
/*!40101 SET COLLATION_CONNECTION=@OLD_COLLATION_CONNECTION */;
